OBJECTID,LAND,BEZ,UJAHR,UMONAT,USTUNDE,UWOCHENTAG,UKATEGORIE,UART,UTYP1,ULICHTVERH,IstRad,IstPKW,IstFuss,IstKrad,IstGkfz,IstSonstige,USTRZUSTAND,LINREFX,LINREFY,XGCSWGS84,YGCSWGS84,,,,
3187,11,8,2020,1,11,4,2,3,6,0,0,1,0,0,1,0,1,802599,5332,5821795,373,13,45500598,52,4623009
3198,11,4,2020,1,2,3,2,9,1,2,0,0,0,0,1,0,1,791264,2064,5824629,955,13,29111618,52,49387309
3215,11,4,2020,1,7,1,3,0,1,1,0,0,0,0,0,1,1,792294,8083,5823598,115,13,30534822,52,48407191
3224,11,2,2020,1,22,6,2,1,5,2,0,1,0,0,0,0,0,801024,2746,5827862,923,13,43737099,52,517556
3241,11,4,2020,1,17,1,3,0,1,2,0,0,0,1,0,0,1,791889,2861,5824003,6,13,29974796,52,48791866
3252,11,7,2020,1,14,6,3,2,6,0,0,1,0,0,0,0,0,794432,645,5823090,628,13,33629164,52,47837396
3274,11,7,2020,1,13,2,3,0,4,0,0,0,1,0,0,1,0,796076,5121,5825501,675,13,36256795,52,49909824
3290,11,7,2020,1,15,7,2,1,1,0,0,1,0,0,0,0,0,797817,4941,5822978,17,13,38588423,52,47553062
3299,11,3,2020,1,13,5,3,2,6,0,0,1,0,0,0,0,0,797966,8713,5834349,85,13,39826708,52,57738163
3303,11,1,2020,1,9,1,3,5,3,0,0,1,0,0,0,0,0,795861,6732,5832069,458,13,36525689,52,55808889
3317,11,9,2020,2,12,7,3,2,2,0,0,0,0,1,0,1,1,802583,1096,5825087,422,13,4577519,52,4918167
3319,11,4,2020,1,17,5,3,2,1,2,0,1,0,0,0,0,0,793807,1471,5822990,931,13,32702026,52,47781709
3331,11,4,2020,1,11,5,3,0,1,0,1,0,0,0,0,0,0,790874,987,5826433,469,13,28696175,52,51024968
3355,11,4,2020,1,15,2,3,5,3,0,0,1,0,0,1,0,0,791232,2324,5824618,511,13,29063655,52,49378756
3359,11,1,2020,1,15,5,3,5,2,0,0,1,0,0,0,0,1,796455,757,5827391,142,13,369821,52,51582959
3375,11,2,2020,1,18,4,3,3,6,1,1,0,0,0,0,0,0,801378,4835,5827810,514,13,44252783,52,51689063
3379,11,12,2020,1,14,5,2,3,7,0,0,1,0,0,1,0,1,792044,2355,5831732,822,13,30881102,52,55713178
3391,11,1,2020,1,10,6,3,5,2,0,0,1,0,0,0,0,0,799768,5723,5828638,757,13,41961997,52,52520178
3407,11,2,2020,1,21,4,3,6,7,2,1,0,1,0,0,0,0,802187,5376,5826095,955,13,45285824,52,50107535
3435,11,5,2020,1,15,4,3,2,6,0,0,1,0,0,0,1,1,785178,3964,5826270,143,13,20312525,52,5117929
3446,11,3,2020,1,7,3,3,0,7,0,0,1,0,0,0,1,1,801405,1689,5829211,406,13,44418945,52,52943224
3468,11,6,2020,1,11,4,3,5,2,0,0,1,0,0,0,0,0,783890,4577,5815953,473,13,17542061,52,41996231
3483,11,7,2020,1,9,3,2,6,2,0,0,0,1,0,1,0,0,796608,1696,5815999,343,13,36193572,52,41362926
3511,11,3,2020,1,7,3,3,3,6,0,1,1,0,0,0,0,0,801552,2215,5831199,582,13,44815487,52,54717101
3522,11,3,2020,1,17,3,3,5,3,2,0,1,0,0,0,0,1,802859,8699,5833044,121,13,46906298,52,56297781
3539,11,1,2020,1,13,1,3,5,3,0,0,1,0,0,0,0,0,799118,977,5827655,463,13,4091764,52,51674525
3548,11,1,2020,1,18,5,3,4,6,2,1,0,0,0,0,1,0,797028,3594,5826728,597,13,37764319,52,50957906
3561,11,4,2020,1,6,3,3,3,6,2,0,1,0,0,1,0,1,790458,6486,5828436,725,13,28260654,52,52843034
3586,11,11,2020,1,4,2,3,6,2,2,0,1,1,0,0,0,1,803722,92,5827570,12,13,47675274,52,51343456
3597,11,6,2020,1,3,1,3,3,6,2,0,1,0,0,0,1,1,789808,7132,5818015,711,13,26399353,52,43534916
3621,11,7,2020,1,9,4,3,3,6,0,0,1,0,0,1,0,0,798049,1699,5822320,881,13,3886979,52,4695124
3625,11,4,2020,1,15,7,3,1,5,0,0,1,0,1,0,0,0,791597,6109,5826550,18,13,29769472,52,51090969
3637,11,12,2020,1,15,6,3,3,6,0,0,1,0,0,0,0,0,794257,3212,5834723,198,13,34401431,52,58274696
3639,11,1,2020,1,3,4,2,6,4,2,0,1,1,0,0,0,0,799335,348,5827943,997,13,41262809,52,51921233
3659,11,1,2020,1,16,6,3,2,6,2,0,1,0,0,0,0,1,799595,725,5828279,342,13,41675606,52,52207519
3670,11,4,2020,1,22,5,3,2,6,2,0,1,0,0,0,0,0,792594,6389,5823376,737,13,30955669,52,48192672
3694,11,3,2020,1,6,4,3,5,2,2,0,1,0,0,0,0,0,799987,5251,5830197,245,13,4242441,52,53905061
3698,11,12,2020,1,11,5,3,5,3,0,1,1,0,0,0,0,1,792115,943,5837984,848,13,31537724,52,61314013
3710,11,3,2020,1,16,5,2,0,7,0,1,0,0,0,0,0,0,798320,8847,5834768,94,13,40385303,52,5809442
3725,11,4,2020,1,17,3,3,2,6,2,0,1,0,0,0,0,0,791223,602,5829667,258,13,29492109,52,53905409
3750,11,1,2020,1,8,5,3,2,6,0,0,1,0,0,0,0,0,797171,9247,5826753,41,13,37977451,52,50972329
3775,11,4,2020,1,14,1,2,2,6,0,0,1,0,0,0,0,0,793319,9606,5829675,824,13,32575802,52,53800624
3779,11,12,2020,1,13,5,3,5,3,0,0,1,0,0,0,0,1,793276,149,5836659,131,13,33128678,52,60063121
3790,11,1,2020,1,17,4,3,0,5,2,1,1,0,0,0,0,1,800034,9887,5828061,909,13,42301478,52,51988474
3807,11,1,2020,1,7,3,3,1,5,1,1,1,0,0,0,0,0,795973,3359,5831518,403,13,36640787,52,55308856
3833,11,3,2020,1,12,3,3,1,5,0,1,1,0,0,0,0,1,798188,6638,5835349,635,13,40242993,52,58622174
3845,11,7,2020,1,16,3,3,6,2,1,0,0,1,0,0,1,1,797710,9623,5818790,6,13,38058644,52,43805153
3853,11,10,2020,1,12,4,3,1,5,0,0,1,0,0,0,1,1,807986,6474,5828789,724,13,54051453,52,52197488
3865,11,1,2020,1,18,3,3,0,1,2,0,1,0,1,0,0,1,797119,5843,5826744,285,13,37899741,52,50967
3882,11,4,2020,1,17,2,3,3,6,2,0,1,0,0,1,0,0,790764,2708,5826359,639,13,2852835,52,50964634
3891,11,10,2020,1,6,6,2,0,1,2,0,0,0,1,0,0,2,808088,4889,5827457,435,13,54077723,52,5099775
3908,11,4,2020,1,19,1,3,5,3,2,0,1,0,0,1,0,0,790519,1768,5825545,669,13,28097194,52,50247963
3920,11,4,2020,1,15,6,3,2,6,0,0,1,0,0,1,0,0,792209,9302,5823675,634,13,3041698,52,48481229
3943,11,2,2020,1,22,4,3,5,3,2,0,1,0,0,0,0,0,802148,354,5827738,762,13,45376921,52,51582173
3956,11,4,2020,1,15,7,3,5,7,0,0,1,0,0,0,0,0,792127,1536,5826660,657,13,3055724,52,51161677
3965,11,4,2020,1,18,5,3,3,6,0,0,1,0,0,0,1,0,790590,2974,5826406,83,13,28276782,52,51015542
3983,11,3,2020,1,13,6,3,5,2,0,1,1,0,0,0,0,1,797167,5465,5838892,976,13,39058326,52,61854174
3996,11,9,2020,1,12,5,3,2,6,0,0,1,0,0,0,1,0,806703,7493,5818241,336,13,51196554,52,42816033
4020,11,4,2020,1,5,3,3,2,6,2,0,1,0,0,0,0,0,791154,8865,5829495,492,13,29376824,52,53755066
4024,11,5,2020,1,15,5,3,2,6,0,0,1,0,0,0,0,1,781786,9022,5824489,172,13,15177549,52,49758644
4036,11,7,2020,1,14,4,2,2,6,0,0,1,0,0,0,0,0,796528,5854,5822533,66,13,36656709,52,47224193
4046,11,7,2020,1,7,6,3,5,3,2,1,1,0,0,0,0,1,796302,5404,5815089,353,13,35664989,52,40563733
4058,11,4,2020,1,11,6,3,2,6,0,0,1,0,0,0,0,0,790730,6163,5826868,431,13,2852335,52,51422561
4074,11,3,2020,1,17,5,3,2,6,1,0,1,0,0,0,0,0,798242,5456,5834740,87,13,40267503,52,58073554
4102,11,4,2020,1,16,4,3,3,6,2,0,1,0,0,1,0,0,792914,251,5823111,335,13,31401653,52,47937611
4114,11,7,2020,1,5,3,3,5,2,2,0,1,0,0,0,0,1,797882,9324,5820434,632,13,38457459,52,45269491
4131,11,4,2020,1,6,3,3,2,6,2,0,1,0,0,0,0,0,791221,506,5829708,595,13,29493447,52,5394255
4150,11,7,2020,1,10,3,2,5,3,0,0,1,0,0,0,0,0,797936,838,5820057,136,13,38502877,52,44928169
4178,11,11,2020,1,9,4,3,5,3,0,1,1,0,0,0,0,0,805652,1458,5827389,902,13,50492813,52,51074273
4189,11,9,2020,1,7,3,3,5,3,1,1,1,0,0,0,0,1,803111,5605,5824551,75,13,46502433,52,48672236
4206,11,4,2020,1,18,1,3,2,6,2,0,1,0,0,0,0,0,790506,4651,5827523,263,13,28251145,52,52021565
4215,11,5,2020,1,16,5,3,3,6,2,0,0,0,1,0,1,0,784056,7082,5826570,292,13,18689744,52,5150694
4232,11,6,2020,1,16,6,2,6,2,2,0,1,1,0,0,0,1,789697,6317,5817950,679,13,26230773,52,43482496
4253,11,9,2020,1,18,2,3,5,3,2,0,1,0,0,0,0,0,804104,3833,5824364,861,13,47943026,52,48449525
4264,11,9,2020,1,12,2,3,5,3,0,1,1,0,0,0,0,0,804103,5957,5824364,164,13,47941806,52,48448944
4280,11,10,2020,1,12,6,2,5,2,0,0,1,0,0,0,0,0,809494,243,5827393,43,13,56136496,52,50860475
4289,11,1,2020,1,10,5,3,3,6,0,0,1,0,0,1,0,0,796268,308,5830274,135,13,36963169,52,54177478
4293,11,5,2020,1,0,1,3,5,2,2,1,1,0,0,0,0,0,783509,2175,5826705,609,13,17896627,52,51656757
4306,11,1,2020,2,0,7,3,5,2,2,0,1,0,0,0,0,0,799577,585,5828291,2,13,41650018,52,52219145
4308,11,1,2020,1,22,5,3,0,1,2,0,0,0,1,0,0,1,795879,5083,5832054,846,13,36550618,52,55794822
4320,11,7,2020,1,11,5,3,2,6,0,0,1,0,0,0,0,0,796007,5869,5824799,517,13,36093162,52,49284138
4340,11,6,2020,1,22,6,3,1,7,2,1,1,0,0,0,0,0,791476,1743,5819079,501,13,28938045,52,44400008
4364,11,2,2020,1,18,4,3,2,6,2,0,1,0,0,0,0,0,797146,8341,5825586,831,13,37836475,52,49927984
4368,11,7,2020,1,20,5,3,5,3,2,0,1,0,0,0,0,1,798153,95,5819054,333,13,3873192,52,4401743
4380,11,7,2020,1,6,6,3,6,2,2,0,1,1,0,0,0,1,797789,6512,5818931,35,13,38186602,52,43927037
4396,11,10,2020,1,18,4,3,5,2,2,0,1,0,0,0,0,1,808900,4403,5833405,518,13,55823167,52,56282336
4424,11,3,2020,1,7,4,2,5,3,2,1,0,0,0,0,1,1,800847,9871,5830332,43,13,43701537,52,53978795
4443,11,1,2020,1,17,1,3,5,3,2,1,1,0,0,0,0,0,795877,1448,5832069,85,13,36548411,52,55807714
4447,11,12,2020,1,14,5,3,2,6,0,0,1,0,0,0,0,1,794473,9187,5834325,969,13,34684894,52,57906894
4458,11,4,2020,1,10,4,3,5,3,0,0,1,0,0,1,0,0,791137,5948,5829407,26,13,2934365,52,53676681
4474,11,9,2020,1,8,3,3,5,3,0,1,1,0,0,0,0,1,804104,6469,5824365,95,13,47943434,52,4844972
4501,11,7,2020,1,16,3,3,2,2,2,0,1,0,0,0,0,1,796051,7141,5822750,978,13,35976037,52,474454
4512,11,2,2020,1,13,3,2,0,2,0,1,1,0,0,0,0,1,802985,8678,5827645,633,13,46599365,52,51452225
4528,11,4,2020,1,12,1,3,2,6,0,0,1,0,0,0,0,1,790551,987,5826399,65,13,28219929,52,51011815
4534,11,10,2020,1,11,3,3,3,6,0,0,1,0,0,1,0,1,809639,283,5827328,981,13,56343189,52,5079485
4551,11,2,2020,1,6,2,3,6,4,1,0,1,1,0,0,0,0,801817,6203,5826368,503,13,44767223,52,50372295
4560,11,6,2020,1,11,6,3,5,7,0,0,1,0,0,0,0,0,778605,6235,5814904,392,13,970364,52,4132711
4577,11,7,2020,1,0,2,3,9,1,2,0,1,0,0,0,0,0,799446,9796,5821501,14,13,40847871,52,46140018
4588,11,1,2020,1,19,1,3,5,2,1,0,1,0,0,0,0,0,796044,9982,5831344,676,13,36730684,52,55149233
4612,11,4,2020,1,8,4,3,2,6,0,0,1,0,0,0,0,0,790489,327,5825306,224,13,28032454,52,50034887
4616,11,3,2020,1,16,7,3,6,2,2,0,1,1,0,0,0,0,798381,4425,5833466,281,13,40357185,52,5692346
4632,11,4,2020,1,15,5,3,5,3,0,0,1,0,0,0,1,0,793134,819,5829626,783,13,32298198,52,53766662
4649,11,12,2020,1,22,6,3,5,7,2,0,1,0,0,0,0,1,795812,508,5832344,89,13,36477857,52,56057739
4661,11,12,2020,1,12,5,3,3,6,0,0,1,0,1,0,0,0,793378,9984,5836342,536,13,33252244,52,5977376
4685,11,10,2020,1,5,4,3,2,6,2,0,1,0,0,0,0,0,810999,3697,5827105,308,13,58320199,52,50517035
4689,11,7,2020,1,17,5,3,2,6,2,0,1,0,0,0,0,1,796560,8915,5822517,871,13,36702781,52,47208819
4701,11,6,2020,1,8,5,2,9,1,0,0,1,0,0,0,0,1,794128,4526,5821299,813,13,33024664,52,46248404
4716,11,4,2020,1,20,3,3,6,4,2,0,1,1,0,0,0,0,788954,554,5826128,354,13,25848409,52,5085347
4725,11,4,2020,1,14,6,3,3,6,0,0,1,0,1,0,0,0,791468,7552,5830484,124,13,29925021,52,54624577
4741,11,10,2020,1,7,5,2,1,1,2,0,1,0,0,1,0,0,807957,9969,5828826,832,13,54012794,52,52232363
4769,11,1,2020,1,12,5,3,2,1,0,0,1,0,0,1,0,1,799545,6875,5828285,532,13,41602635,52,52215817
4781,11,2,2020,1,20,4,3,6,2,2,0,1,1,0,0,0,1,796879,593,5825995,515,13,37479602,52,50308901
4798,11,5,2020,1,7,3,3,2,6,2,0,1,0,0,0,1,0,783495,7136,5826690,339,13,17875479,52,51643767
4823,11,1,2020,1,17,3,3,6,3,2,0,1,1,0,0,0,1,796065,3622,5831323,519,13,36758744,52,5512916
4824,11,2,2020,10,1,7,2,5,2,2,1,1,0,0,0,0,1,801664,1866,5828909,908,13,4477226,52,52658663
4826,11,2,2020,4,22,4,3,1,5,2,0,1,0,0,0,1,1,801518,2306,5827796,149,13,44456805,52,51668464
4827,11,7,2020,9,13,5,3,2,7,0,0,1,0,0,0,0,0,797431,8874,5817774,374,13,37558903,52,42909385
4828,11,3,2020,11,6,2,3,2,6,2,0,1,0,0,0,1,1,803121,4027,5840228,356,13,47948482,52,62722172
4829,11,12,2020,5,15,1,3,2,6,0,0,1,0,0,0,0,0,792750,5672,5837395,425,13,32420191,52,60751483
4830,11,3,2020,8,7,3,3,5,3,0,1,1,0,0,0,0,0,800711,1136,5829858,845,13,43457473,52,53561866
4831,11,1,2020,6,16,4,3,3,6,0,1,1,0,0,0,0,0,796294,8156,5830120,543,13,36988851,52,54038342
4832,11,5,2020,5,19,5,2,6,7,0,0,1,1,0,0,0,0,783962,5979,5826593,704,13,18553429,52,51532832
4833,11,4,2020,4,19,4,3,3,5,1,1,1,0,0,0,0,1,791674,8849,5826584,541,13,29886025,52,51117642
4834,11,7,2020,9,14,4,3,3,6,0,0,0,0,1,0,1,0,798889,8107,5817201,792,13,39645684,52,4231668
4835,11,2,2020,12,14,6,3,3,6,0,0,1,0,1,0,0,0,800433,56,5827896,455,13,4287219,52,51818229
4836,11,7,2020,8,14,4,3,0,7,0,0,0,0,1,0,1,0,796034,47,5825281,231,13,36174766,52,4971452
4837,11,7,2020,6,22,6,3,2,7,2,0,1,0,0,0,0,0,797917,4477,5820162,427,13,38483821,52,45023607
4838,11,4,2020,10,14,1,3,0,6,0,0,1,0,0,0,0,1,792816,1339,5826754,96,13,31577878,52,51209274
4840,11,2,2020,4,16,4,3,6,4,0,1,0,1,0,0,0,0,802168,4432,5827780,757,13,45410718,52,51618682
4841,11,4,2020,11,17,4,3,2,6,2,0,1,0,0,0,0,0,790554,7874,5827382,761,13,2830989,52,51893029
4842,11,1,2020,9,17,3,3,5,2,0,1,1,0,0,0,0,0,796419,84,5826326,476,13,36834502,52,50630542
4843,11,12,2020,8,17,2,3,2,6,0,0,1,0,1,0,0,0,795498,4918,5833358,547,13,36106337,52,56984154
4844,11,4,2020,4,9,4,3,5,3,0,0,1,0,0,0,0,1,791566,7284,5826544,984,13,2972364,52,51087962
4845,11,3,2020,10,11,6,2,5,7,0,1,1,0,0,0,0,1,800030,4804,5833375,779,13,42774802,52,56751703
4846,11,4,2020,8,16,4,3,5,2,0,1,1,0,0,0,0,0,793992,2395,5826975,18,13,3332539,52,51343282
4847,11,1,2020,7,23,4,3,2,6,2,0,1,0,0,0,1,1,799810,2834,5828641,433,13,42023536,52,52520283
4848,11,4,2020,6,10,6,2,8,1,0,0,0,0,1,0,0,0,792602,834,5823387,31,13,30968606,52,48201461
4849,11,10,2020,11,5,5,2,3,6,2,1,0,0,1,0,0,0,807731,944,5829357,301,13,53728504,52,52720576
4850,11,1,2020,4,7,4,3,3,6,0,1,1,0,0,0,0,0,797704,1638,5827610,702,13,38836072,52,51711768
4851,11,7,2020,9,15,5,3,6,4,0,0,1,1,0,0,0,0,796604,224,5816011,462,13,36188566,52,41374014
4852,11,2,2020,12,20,3,3,5,2,2,1,1,0,0,0,0,0,797898,3103,5825432,668,13,38926438,52,49748826
4853,11,12,2020,6,19,2,3,6,2,0,0,1,1,0,0,0,0,794572,1055,5833820,832,13,34784496,52,57448766
4855,11,4,2020,4,13,3,3,2,7,0,0,1,0,0,0,1,0,790822,4315,5824757,232,13,28473853,52,49524971
4856,11,3,2020,9,20,5,3,5,2,2,1,1,0,0,0,0,0,801479,8672,5829153,473,13,44523473,52,52887167
4857,11,12,2020,7,11,7,2,0,7,0,0,1,0,0,0,0,0,790337,4307,5835576,266,13,28707127,52,59250061
4858,11,2,2020,4,23,3,3,3,6,2,0,1,0,0,0,0,1,796862,6714,5826007,712,13,37456616,52,50320726
4859,11,7,2020,10,18,5,3,0,3,1,1,1,0,0,0,0,1,798226,7859,5818766,709,13,38813093,52,43755635
4860,11,7,2020,12,12,4,3,2,6,0,0,1,0,0,0,0,0,798511,3101,5822073,36,13,39525933,52,46703845
4861,11,3,2020,5,15,7,3,1,5,0,0,1,0,0,0,1,0,798176,2051,5836287,163,13,40309044,52,59463211
4862,11,5,2020,8,11,7,3,6,4,0,0,0,1,1,0,0,0,784241,603,5826521,15,13,18957283,52,51453246
4863,11,6,2020,7,16,4,3,2,6,0,0,1,0,0,0,0,0,789839,2649,5818030,566,13,26445457,52,43546614
4864,11,3,2020,5,15,1,2,3,6,0,0,1,0,1,0,0,0,799542,7308,5840751,491,13,42724663,52,63389582
4865,11,12,2020,10,14,4,3,5,3,0,0,1,0,0,0,0,0,794559,2369,5833818,208,13,34765328,52,5744711
4866,11,3,2020,4,10,3,3,2,6,0,0,1,0,0,0,0,0,798049,319,5833886,563,13,39906373,52,57318377
4867,11,3,2020,9,6,2,3,2,6,1,0,1,0,0,0,0,0,801713,67,5831309,7,13,45061974,52,54806894
4868,11,7,2020,11,10,2,3,2,6,0,0,1,0,0,0,1,0,795885,8648,5822668,164,13,35725223,52,47380151
4869,11,2,2020,5,18,7,3,5,3,0,1,1,0,0,0,0,0,797886,2514,5825492,13,13,38914034,52,4980268
4870,11,12,2020,8,18,6,3,5,2,0,1,1,0,0,0,0,0,795412,2399,5833586,44,13,35999744,52,5719312
4871,11,7,2020,6,3,1,3,3,6,2,0,1,0,0,0,0,1,797777,961,5823831,916,13,38605362,52,48320552
4872,11,1,2020,4,8,3,3,5,2,0,1,1,0,0,0,0,0,796184,661,5830195,38,13,36833544,52,54111107
4873,11,6,2020,10,11,7,3,2,2,0,0,1,0,1,0,0,0,783805,6945,5815979,597,13,17419967,52,42024051
4874,11,6,2020,12,6,5,3,5,3,2,1,1,0,0,0,0,0,789689,9835,5817964,239,13,26220729,52,43495058
4875,11,7,2020,8,15,2,3,2,6,0,0,1,0,0,0,0,0,799037,7212,5821760,718,13,40270548,52,46395107
4876,11,7,2020,7,8,5,3,2,6,0,0,1,0,0,0,0,0,798102,2202,5819257,932,13,38674203,52,44202754
4877,11,2,2020,4,7,3,3,5,3,0,1,1,0,0,0,0,0,802119,8959,5828034,867,13,45362467,52,5184913
4878,11,1,2020,10,10,5,3,3,6,0,0,1,0,1,0,0,0,798793,7675,5827185,551,13,40398898,52,51271094
4880,11,12,2020,4,12,2,3,2,2,0,0,1,0,0,0,0,0,792115,585,5837979,881,13,31536758,52,6130958
4881,11,10,2020,9,9,3,3,5,2,0,1,1,0,0,0,0,0,813060,6141,5827191,634,13,61355311,52,50476522
4882,11,4,2020,11,11,2,2,8,1,0,1,0,0,0,0,0,0,790521,6501,5826375,946,13,28173285,52,5099218
4883,11,7,2020,9,0,7,3,1,5,2,1,1,0,0,0,0,0,795946,422,5824441,309,13,35970961,52,48966372
4884,11,8,2020,5,19,7,3,2,6,0,0,1,0,0,0,0,0,800961,9432,5821652,102,13,43084597,52,46192107
4885,11,7,2020,8,16,1,3,2,6,0,0,1,0,0,0,0,0,797776,4448,5823843,88,13,38605474,52,48331311
4886,11,1,2020,6,18,3,3,2,6,0,0,1,0,1,0,0,0,795871,3875,5827292,821,13,36114698,52,51526557
4887,11,6,2020,4,18,1,2,0,1,0,1,0,0,0,0,0,0,782907,67,5815862,932,13,1609308,52,41965943
4888,11,1,2020,9,12,2,3,2,6,0,0,1,0,0,0,0,0,799813,3778,5828646,296,13,42028521,52,52524472
4889,11,7,2020,12,6,4,3,2,6,2,0,1,0,1,0,0,1,797990,941,5819808,341,13,38560059,52,44702202
4890,11,1,2020,8,13,3,3,3,6,0,1,1,0,0,0,0,0,795975,9951,5831511,31,13,36644065,52,55302354
4891,11,3,2020,6,12,4,3,1,5,0,1,1,0,0,0,0,0,800300,8807,5829451,868,13,42817699,52,53219701
4893,11,6,2020,4,10,6,3,2,6,0,0,1,0,1,0,0,0,787208,2162,5817237,592,13,22517713,52,42974441
4894,11,4,2020,11,6,2,3,5,2,0,0,1,0,0,0,0,0,791027,762,5826458,485,13,28924145,52,51039198
4895,11,4,2020,9,14,1,3,2,6,0,0,1,0,0,0,0,0,790800,3186,5828918,243,13,28805012,52,53256497
4896,11,3,2020,8,15,7,2,5,2,0,1,1,0,0,0,0,0,799238,4705,5831932,292,13,41479592,52,55501441
4897,11,7,2020,4,15,5,2,5,7,0,0,1,0,0,0,0,0,795625,5644,5823228,334,13,35392759,52,47896396
4898,11,6,2020,10,16,4,3,9,1,1,0,1,0,0,0,0,1,785430,6999,5816070,112,13,19810794,52,42020694
4899,11,3,2020,8,9,3,3,0,7,0,1,0,0,0,0,0,1,798166,935,5836125,754,13,4027963,52,59319086
4900,11,3,2020,7,7,2,3,5,2,0,0,1,0,0,0,1,0,798027,9132,5833803,497,13,39867415,52,57245093
4901,11,7,2020,6,8,4,3,2,6,0,0,1,0,0,0,0,0,797813,2154,5821021,354,13,38407497,52,45799223
4902,11,4,2020,11,8,3,3,2,6,0,0,1,0,1,0,0,0,790708,8282,5827081,864,13,2850998,52,51615065
4903,11,7,2020,4,15,5,3,5,7,0,1,1,0,0,0,0,0,799185,7661,5816433,13,13,40010893,52,41611495
4904,11,2,2020,9,16,4,3,5,3,0,1,0,0,1,0,0,0,801911,1492,5827755,762,13,4503043,52,51610528
4905,11,1,2020,11,17,1,3,4,6,2,0,1,0,0,0,0,0,796280,4701,5825998,857,13,36600606,52,50344432
4906,11,7,2020,6,19,6,3,2,6,2,0,1,0,0,0,0,0,800243,6561,5821544,799,13,42020885,52,46135439
4907,11,1,2020,4,17,5,3,5,2,0,1,1,0,0,0,0,0,799099,778,5827681,45,13,40893058,52,51698823
4908,11,2,2020,9,18,3,3,4,6,0,1,0,0,0,0,1,0,797910,4423,5825127,833,13,38916994,52,49474915
4909,11,4,2020,7,15,5,3,2,6,0,0,1,0,0,0,0,0,789749,155,5824741,154,13,26895749,52,49567649
4910,11,3,2020,4,17,5,3,5,7,0,0,1,0,0,0,1,0,798063,6913,5833983,399,13,39936222,52,5740439
4911,11,11,2020,10,5,4,3,0,1,2,0,0,0,1,0,0,1,805117,31,5827447,799,13,49712071,52,5115612
4912,11,10,2020,12,0,5,3,5,3,2,0,1,0,0,0,0,1,808929,5855,5827407,186,13,55308467,52,50905153
4913,11,4,2020,8,15,5,3,0,2,0,0,1,0,1,0,0,0,790530,7681,5826396,87,13,2818844,52,51009751
4914,11,4,2020,7,17,2,3,5,2,0,1,1,0,0,0,0,0,792378,221,5826681,148,13,30927944,52,51166594
4915,11,6,2020,5,15,6,2,2,3,0,0,1,0,1,0,0,0,782830,16,5815854,421,13,15978455,52,41962326
4916,11,5,2020,10,20,3,3,0,7,2,1,0,0,0,0,0,0,784986,898,5826321,216,13,20034294,52,51235134
4917,11,2,2020,4,18,4,3,5,7,0,0,1,0,1,0,0,0,801801,3015,5826330,903,13,44739846,52,50339496
4918,11,7,2020,9,12,7,3,2,6,0,0,1,0,0,0,0,0,797812,9946,5822727,974,13,38559478,52,47329034
4919,11,4,2020,11,18,5,2,6,4,2,0,1,1,0,0,0,1,790508,805,5826373,672,13,28153148,52,50990864
4920,11,7,2020,8,10,4,3,2,6,0,0,0,0,1,0,1,1,797732,8122,5818834,278,13,38094583,52,43843117
4921,11,6,2020,7,15,3,3,5,2,0,1,1,0,0,0,0,0,793132,97,5820203,789,13,31465963,52,45319391
4922,11,10,2020,6,19,5,3,0,1,0,0,0,0,0,0,1,1,811315,9437,5827107,379,13,58785304,52,50500838
4923,11,11,2020,11,7,4,3,5,3,0,1,1,0,0,0,0,0,804235,771,5827533,276,13,48424305,52,51281989
4924,11,3,2020,4,14,4,3,2,6,0,0,1,0,1,0,0,0,800962,4272,5830468,3,13,43882048,52,54093992
4925,11,2,2020,9,13,5,2,2,6,0,1,0,0,0,1,0,0,802036,6746,5827031,83,13,45149083,52,50954047
4926,11,3,2020,11,12,2,2,5,3,0,0,1,0,1,0,0,0,799141,8035,5830374,657,13,41197129,52,54110574
4927,11,1,2020,6,13,1,3,0,7,0,1,0,0,0,0,0,0,796211,9228,5830192,462,13,36873395,52,54107316
4929,11,3,2020,4,14,4,3,0,6,0,0,0,0,1,0,1,0,798323,2023,5834769,764,13,40388787,52,58095031
4930,11,2,2020,9,17,4,3,6,7,0,0,1,1,0,0,0,1,803561,312,5827585,724,13,47438881,52,5136655
4931,11,6,2020,7,16,5,3,5,2,0,1,1,0,0,0,0,0,789775,5592,5817982,909,13,26347876,52,43507264
4932,11,9,2020,4,12,4,2,6,4,0,0,1,1,0,0,0,0,804422,5271,5823273,38,13,48310444,52,47453537
4933,11,12,2020,10,17,5,3,5,2,0,1,1,0,0,0,0,1,795829,655,5832337,8,13,3650165,52,56051202
4934,11,3,2020,12,18,2,3,1,5,2,0,1,0,0,0,0,1,800271,6193,5831869,605,13,42993228,52,55388392
4935,11,11,2020,8,14,5,3,5,3,0,1,1,0,0,0,0,0,803733,6791,5834634,746,13,48337084,52,57674715
4936,11,2,2020,7,18,3,3,4,6,0,1,0,0,0,0,0,0,802123,913,5828068,175,13,45371394,52,51878762
4937,11,10,2020,5,1,7,2,0,1,2,1,0,0,0,0,0,0,810887,4831,5827100,486,13,58155435,52,5051909
4938,11,1,2020,10,11,3,3,5,2,0,1,1,0,0,0,0,0,796554,4228,5827804,421,13,37163915,52,51948058
4939,11,3,2020,4,7,4,3,2,2,0,1,1,0,0,0,0,0,799165,6292,5830377,762,13,41232436,52,5411205
4940,11,4,2020,9,10,1,2,5,7,0,1,1,0,0,0,0,0,791475,122,5826529,307,13,29587666,52,51078804
4941,11,4,2020,11,15,2,2,1,5,0,1,1,0,0,0,0,0,788825,8932,5826107,406,13,25658277,52,50841475
4942,11,9,2020,5,9,6,3,5,3,0,1,1,0,0,0,0,0,804105,611,5824365,462,13,47944076,52,48450025
4943,11,1,2020,8,16,5,3,3,6,0,1,1,0,0,0,0,0,797247,4025,5827534,211,13,38158082,52,51668117