OBJECTID,LAND,BEZ,UJAHR,UMONAT,USTUNDE,UWOCHENTAG,UKATEGORIE,UART,UTYP1,ULICHTVERH,IstRad,IstPKW,IstFuss,IstKrad,IstGkfz,IstSonstige,USTRZUSTAND,LINREFX,LINREFY,XGCSWGS84,YGCSWGS84,,,,
5184,11,2,2020,8,9,2,3,5,2,0,0,1,0,0,0,1,0,802043,3189,5828025,584,13,4524911,52,51845052
5185,11,2,2020,7,14,4,3,6,4,0,0,0,1,0,0,1,1,803122,3301,5827630,838,13,46798497,52,51431383
5186,11,1,2020,4,16,3,3,2,6,0,0,1,0,0,0,0,0,795886,8016,5829547,515,13,36337967,52,53546847
5187,11,4,2020,10,11,5,3,2,6,0,0,1,0,0,0,0,0,789060,8138,5826144,572,13,26006681,52,50862354
5189,11,3,2020,4,13,3,3,5,3,0,0,1,0,1,0,0,0,798165,7503,5836122,447,13,40278827,52,5931614
5190,11,4,2020,9,16,3,3,2,6,0,0,1,0,0,0,0,0,793758,3164,5823001,444,13,3263126,52,4779376
5191,11,12,2020,11,14,1,3,0,1,0,1,0,0,0,0,0,0,791842,3566,5839180,645,13,3124033,52,62400688
5192,11,9,2020,9,19,6,2,8,1,0,0,1,0,0,0,0,0,804091,7624,5824390,86,13,47926798,52,48472836
5193,11,1,2020,5,17,2,3,0,1,0,0,0,0,1,0,0,1,797562,694,5826818,643,13,38557374,52,51009501
5194,11,12,2020,8,19,7,3,5,2,0,1,1,0,0,0,0,1,795732,7841,5832788,42,13,36400195,52,56460368
5195,11,7,2020,6,16,3,3,2,6,0,0,1,0,0,0,0,0,799317,64,5816170,3,13,4017987,52,41368722
5196,11,3,2020,4,19,3,3,5,2,0,1,1,0,0,0,0,0,800295,826,5830050,664,13,4286328,52,53756737
5197,11,12,2020,9,18,2,3,5,2,1,1,1,0,0,0,0,0,794559,1815,5833820,741,13,34765472,52,57449384
5198,11,7,2020,12,20,2,3,5,2,2,0,1,0,0,0,0,0,797848,5289,5822307,378,13,38574086,52,46950079
5199,11,7,2020,5,15,2,3,2,6,0,0,1,0,0,0,0,1,796272,6777,5822709,172,13,36296698,52,47395944
5200,11,12,2020,8,20,7,3,5,3,1,0,1,0,0,0,0,0,794559,322,5833814,317,13,34765108,52,57443618
5201,11,9,2020,6,13,2,2,3,6,0,0,0,0,1,1,0,0,806057,5994,5821695,611,13,50565572,52,45948105
5202,11,10,2020,4,20,3,2,0,1,2,1,0,0,0,0,0,0,808309,4067,5827600,658,13,54415478,52,51113624
5203,11,3,2020,10,14,7,2,0,1,0,1,0,0,0,0,0,0,799251,4581,5830357,694,13,41356807,52,54089349
5204,11,2,2020,12,14,6,3,2,6,0,0,1,0,0,0,0,0,797833,1679,5824977,145,13,38790036,52,49344058
5205,11,4,2020,8,17,3,2,5,3,0,0,0,0,1,0,1,0,787113,1156,5825830,927,13,23117719,52,5068401
5206,11,4,2020,7,16,5,3,3,6,0,1,0,0,0,0,0,0,791712,9516,5826590,977,13,29942522,52,51121376
5207,11,12,2020,10,11,6,2,2,6,0,0,1,0,1,0,0,0,794226,1154,5834780,872,13,34360627,52,58328084
5209,11,3,2020,4,10,3,3,5,7,0,1,1,0,0,0,0,0,800085,8158,5833969,823,13,42909947,52,57281108
5210,11,9,2020,9,15,4,3,5,2,0,0,1,0,1,0,0,0,805149,8214,5822566,832,13,49313301,52,46779706
5211,11,11,2020,11,8,2,3,0,6,0,0,1,0,1,0,0,1,804918,3638,5827463,898,13,49421709,52,51181657
5212,11,4,2020,5,14,2,3,2,6,0,0,1,0,0,1,0,1,792370,7153,5829393,398,13,31155362,52,53598449
5213,11,12,2020,8,22,1,3,3,6,2,0,1,0,0,1,0,0,792107,794,5831889,605,13,30988386,52,55850319
5214,11,7,2020,6,11,3,3,5,3,0,1,0,0,0,0,1,0,797861,462,5821608,932,13,38530725,52,46323295
5215,11,12,2020,4,11,2,3,5,3,0,1,1,0,0,0,0,0,792115,6621,5837980,951,13,31536966,52,61310535
5216,11,7,2020,9,9,2,2,0,2,0,1,0,0,0,0,1,0,795233,6302,5823511,61,13,34842415,52,48171536
5217,11,3,2020,12,14,4,3,2,6,0,0,0,0,0,1,1,1,804544,2398,5839617,204,13,49987798,52,62094862
5218,11,2,2020,8,14,3,3,0,3,0,1,0,0,1,0,0,0,797140,3808,5825591,659,13,37827427,52,49932662
5219,11,4,2020,6,16,5,3,2,6,0,0,1,0,1,0,0,0,792860,2401,5823151,839,13,31325909,52,47976819
5221,11,4,2020,4,7,2,3,2,6,0,0,1,0,0,1,0,0,790456,4591,5825311,8,13,27984594,52,5004099
5222,11,2,2020,11,15,2,3,5,2,0,1,1,0,0,0,0,0,802125,1005,5828061,45,13,45372528,52,51872669
5223,11,1,2020,9,23,2,2,9,1,2,0,1,0,0,0,0,0,797618,4672,5827596,311,13,38708864,52,51703545
5224,11,7,2020,8,18,7,3,1,5,0,0,1,0,0,0,1,0,797845,8602,5822072,498,13,38549202,52,46739681
5225,11,4,2020,4,15,2,3,3,6,0,1,0,0,0,0,0,0,791898,5128,5826622,168,13,3021791,52,51139412
5226,11,2,2020,10,6,5,3,0,6,2,0,0,0,1,0,1,1,797808,569,5824831,829,13,38740921,52,49215141
5227,11,3,2020,8,19,3,3,5,2,0,0,1,0,0,0,1,0,798031,9282,5833762,167,13,39869608,52,57207826
5228,11,6,2020,7,0,3,3,8,1,2,0,1,0,0,0,0,0,794278,587,5821475,235,13,33260477,52,46397578
5229,11,12,2020,6,17,5,3,2,6,0,0,1,0,0,0,0,1,791679,3406,5830979,923,13,30278237,52,55057779
5230,11,7,2020,11,0,4,3,5,2,2,0,1,0,0,0,0,0,797848,78,5822303,232,13,38574085,52,46946349
5231,11,1,2020,4,15,2,3,2,6,0,0,1,0,0,0,0,0,798767,4221,5827151,987,13,40357178,52,51242451
5232,11,1,2020,9,8,5,3,2,6,0,0,1,0,1,0,0,0,799104,8333,5827634,873,13,40896299,52,51656797
5233,11,7,2020,11,7,2,3,6,3,0,0,1,1,0,0,0,0,800643,4645,5812139,258,13,41762551,52,37682772
5234,11,2,2020,6,1,7,3,0,1,2,1,0,0,0,0,0,1,802180,849,5827729,145,13,45424257,52,51571735
5235,11,8,2020,4,15,7,2,0,1,0,0,0,0,1,0,0,0,802416,68,5821956,132,13,45246843,52,46384301
5236,11,7,2020,9,14,4,2,5,3,0,0,1,0,0,0,1,0,795630,8869,5823222,743,13,35400078,52,47891096
5237,11,3,2020,7,20,5,3,5,2,1,1,1,0,0,0,0,0,799888,6943,5830243,131,13,42283267,52,5395163
5238,11,2,2020,4,11,7,3,0,7,0,1,0,1,0,0,0,0,802128,7444,5827620,652,13,45337855,52,5147738
5239,11,10,2020,10,12,4,3,5,3,0,0,1,0,0,0,1,1,808904,158,5833413,882,13,55829203,52,56289627
5240,11,4,2020,12,0,6,3,9,1,2,0,1,0,0,0,0,0,791096,3732,5824656,279,13,28867407,52,49419863
5241,11,2,2020,8,8,5,3,5,2,0,1,1,0,0,0,0,0,797029,1577,5825878,536,13,3768965,52,50195873
5242,11,3,2020,7,17,3,3,5,2,0,1,1,0,0,0,0,0,798222,842,5834733,439,13,40236726,52,58068014
5243,11,10,2020,5,9,7,3,5,3,0,1,1,0,0,0,0,0,807669,2171,5829997,589,13,53696835,52,53297892
5244,11,2,2020,10,14,3,3,0,1,0,1,0,0,0,0,0,1,797796,3316,5825468,817,13,38779892,52,49786794
5245,11,3,2020,4,12,6,3,2,6,0,0,1,0,0,0,0,0,802854,35,5833028,576,13,46896761,52,56284156
5246,11,4,2020,9,18,1,3,2,6,0,0,1,0,0,0,0,0,790519,154,5825242,498,13,28070711,52,49976168
5247,11,3,2020,11,13,2,2,5,3,0,0,1,0,1,0,0,0,799141,7723,5830376,508,13,4119725,52,54112235
5248,11,3,2020,5,18,1,2,0,1,0,0,0,0,1,0,0,1,798543,1421,5833170,761,13,40568461,52,56649705
5249,11,9,2020,8,15,5,3,0,1,0,1,0,0,0,0,0,0,802742,6708,5825316,786,13,46030328,52,49378402
5250,11,12,2020,6,15,6,3,5,7,0,0,0,0,1,0,1,0,791911,3178,5838900,27,13,31317141,52,62145423
5251,11,2,2020,4,11,5,3,3,6,0,1,0,0,0,1,0,0,797762,8627,5824066,651,13,38605432,52,48531741
5252,11,2,2020,10,16,6,3,2,7,0,0,1,0,0,0,1,0,802466,4,5825981,85,13,45684375,52,4998915
5253,11,2,2020,12,17,3,3,1,5,2,1,1,0,0,0,0,0,802006,6651,5827032,411,13,45105119,52,50956898
5254,11,4,2020,8,14,1,3,0,6,0,0,1,0,1,0,0,0,790536,2988,5825180,94,13,28090526,52,49920068
5255,11,9,2020,6,10,3,3,5,2,0,0,1,0,1,0,0,0,802683,1852,5825207,128,13,45933014,52,49283415
5256,11,3,2020,3,5,3,2,6,2,2,0,1,1,0,0,0,1,799997,3959,5830192,605,13,42438501,52,53900358
5257,11,4,2020,10,7,4,3,3,6,0,0,1,0,1,0,0,1,791680,488,5826563,967,13,29891809,52,51098922
5259,11,1,2020,3,12,3,3,2,6,0,0,1,0,0,0,1,0,795884,5283,5829550,771,13,36334915,52,53549889
5260,11,11,2020,9,15,2,3,5,3,0,1,1,0,0,0,0,0,804510,5505,5827505,12,13,48826407,52,51241383
5261,11,3,2020,11,11,7,3,3,6,0,1,1,0,0,0,0,0,799209,4132,5831663,24,13,41412593,52,55261682
5262,11,12,2020,9,16,6,2,5,3,0,1,1,0,0,0,0,0,795751,6918,5832690,776,13,36419305,52,56371813
5263,11,4,2020,3,12,3,3,2,6,0,0,1,0,0,0,0,0,790675,6816,5828835,548,13,28614554,52,53189009
5264,11,6,2020,5,12,7,2,0,7,0,0,1,0,0,0,0,0,787007,2973,5820599,843,13,22511843,52,45999526
5265,11,3,2020,8,1,7,3,2,2,2,0,1,0,0,0,1,0,800004,984,5830217,76,13,42451927,52,53922488
5266,11,9,2020,7,22,3,2,2,6,2,0,1,0,0,0,0,0,805380,4819,5819038,13,49329145,52,43604071,
5267,11,5,2020,6,11,2,3,2,6,0,0,1,0,0,0,1,0,783507,4181,5826703,455,13,17893799,52,51654919
5268,11,9,2020,3,19,2,3,5,3,2,1,1,0,0,0,0,0,806600,7737,5821135,5,13,51311088,52,45415669
5269,11,1,2020,9,19,7,3,2,6,1,0,1,0,0,0,0,1,796161,5049,5831072,384,13,36877727,52,54898818
5270,11,1,2020,12,15,2,3,0,2,1,0,1,0,1,0,0,1,796044,7175,5831345,272,13,36730324,52,55149782
5271,11,7,2020,6,15,4,3,3,6,0,0,1,0,1,0,0,0,799658,6114,5815335,163,13,40605797,52,40601441
5273,11,3,2020,3,9,2,3,2,6,0,0,1,0,0,0,0,0,798208,5725,5834728,532,13,40216403,52,58064356
5274,11,4,2020,11,14,6,3,2,6,0,0,1,0,0,0,0,0,790767,48,5824834,789,13,28399908,52,49597429
5275,11,11,2020,9,17,7,3,9,1,0,0,1,0,0,0,0,0,807075,478,5827400,608,13,52583887,52,51003959
5276,11,6,2020,7,23,5,2,5,3,2,0,1,0,0,0,0,0,790291,3535,5818366,527,13,27137794,52,43823838
5277,11,6,2020,3,16,7,3,0,4,0,0,0,1,1,0,0,0,784026,782,5815892,53,13,1773578,52,4193455
5278,11,7,2020,10,14,2,2,5,3,0,0,1,0,1,0,0,0,797778,9057,5823470,168,13,38575709,52,47996186
5279,11,3,2020,8,13,2,3,2,6,0,1,1,0,0,0,0,0,799177,6707,5830361,824,13,41248703,52,54097102
5280,11,1,2020,7,1,1,2,2,3,2,0,1,0,0,0,0,0,795880,291,5832052,49,13,36551135,52,55792286
5281,11,2,2020,6,19,3,3,3,6,0,1,1,0,0,0,0,0,801579,7252,5827805,816,13,44548032,52,51673729
5282,11,7,2020,11,17,1,3,5,2,2,0,1,0,0,0,0,1,798467,8761,5818152,713,13,39111888,52,43192105
5283,11,9,2020,3,13,7,3,2,6,0,1,1,0,0,0,0,0,803920,4879,5824654,232,13,47699432,52,4871912
5284,11,3,2020,9,14,3,3,9,1,0,0,0,0,0,0,1,0,800806,2764,5829792,692,13,43591365,52,53497321
5285,11,6,2020,11,16,7,3,2,6,2,0,1,0,0,0,0,0,782392,588,5815749,774,13,15328123,52,41891081
5286,11,2,2020,6,14,5,2,2,6,0,0,1,0,0,0,0,0,802933,6262,5827650,548,13,46523063,52,51459532
5287,11,10,2020,3,18,7,3,5,2,1,0,1,0,0,0,0,0,812048,4426,5827139,696,13,59864041,52,50487957
5288,11,7,2020,8,16,2,3,6,4,0,0,1,1,0,0,0,1,797215,3278,5817174,839,13,3718805,52,42383725
5289,11,3,2020,7,11,4,3,6,4,0,1,1,1,0,0,0,0,799163,4941,5830565,571,13,41246209,52,54280509
5290,11,2,2020,6,11,4,3,0,3,0,1,0,0,0,0,1,0,802149,1902,5827728,655,13,453777,52,5157305
5291,11,3,2020,6,12,4,3,2,6,0,0,1,0,0,0,0,0,799174,598,5830362,789,13,41244273,52,54098136
5293,11,1,2020,3,14,6,3,3,6,0,0,1,0,1,0,0,0,799858,6185,5828166,59,13,42051756,52,52092005
5294,11,10,2020,11,10,2,3,2,6,0,0,1,0,0,0,0,0,809849,5993,5827249,31,13,5664504,52,50711497
5295,11,6,2020,9,13,1,3,9,1,0,0,0,0,1,0,0,0,788294,3649,5817720,102,13,24152427,52,43349913
5296,11,2,2020,7,8,6,3,5,3,0,1,1,0,0,0,0,0,799862,8331,5828782,152,13,42113451,52,52643525
5297,11,4,2020,3,17,6,3,3,6,0,0,1,0,1,0,0,0,790871,7813,5824707,914,13,28542034,52,49478127
5298,11,4,2020,10,20,4,3,2,6,2,0,1,0,0,0,1,1,790910,4399,5824693,686,13,28597574,52,49463311
5299,11,2,2020,8,13,3,3,5,2,0,1,1,0,0,0,0,1,802179,6053,5827722,84,13,45421857,52,51566153
5300,11,10,2020,7,13,2,3,2,6,0,0,1,0,0,0,0,0,812598,975,5827182,681,13,60676547,52,50494965
5301,11,8,2020,6,18,4,3,2,6,0,0,1,0,0,0,0,0,802309,4444,5821931,695,13,45087264,52,46368332
5302,11,7,2020,11,14,2,3,5,7,0,0,1,0,0,0,1,0,797654,6569,5818647,831,13,37963345,52,43680239
5303,11,12,2020,3,15,6,3,5,3,0,0,1,0,1,0,0,0,792121,7674,5838481,4,13,31590119,52,61758479
5304,11,6,2020,9,12,4,3,3,6,0,0,1,0,1,0,0,0,788649,4123,5817850,76,13,24684513,52,43448331
5305,11,11,2020,11,0,7,3,2,6,2,1,0,0,0,0,0,0,804001,8185,5827542,207,13,48082454,52,51302999
5306,11,12,2020,6,14,6,3,6,4,0,1,0,1,0,0,0,0,794494,222,5834289,288,13,34711218,52,57872925
5307,11,4,2020,3,15,5,3,5,3,0,0,1,0,0,0,0,0,792270,8433,5826684,669,13,30770479,52,51175505
5308,11,7,2020,9,7,3,2,5,3,0,0,1,0,0,0,0,0,798153,95,5819054,333,13,3873192,52,4401743
5309,11,4,2020,7,12,5,3,6,4,0,1,0,1,0,0,0,0,791776,8435,5826601,761,13,30037347,52,51127627
5310,11,10,2020,3,19,5,2,5,2,2,0,1,0,0,0,0,0,809041,239,5833329,4,13,56023093,52,56205777
5311,11,1,2020,10,16,4,3,2,6,0,0,1,0,0,0,0,1,796215,8117,5830221,943,13,36881741,52,54133532
5312,11,2,2020,12,21,4,3,9,1,2,0,1,0,0,0,0,1,797836,4395,5824987,37,13,38795725,52,49352747
5313,11,10,2020,8,11,5,2,0,1,0,0,1,0,1,0,0,0,808063,4611,5827457,57,13,54040974,52,50999284
5314,11,12,2020,7,14,2,3,5,2,0,1,1,0,0,0,0,0,795562,8194,5833196,53,13,36186495,52,56835001
5315,11,2,2020,5,12,6,3,4,7,0,1,0,1,0,0,0,0,801814,3361,5826360,936,13,44761714,52,50365694
5316,11,7,2020,10,15,2,2,2,6,1,0,1,0,0,1,0,0,799399,7242,5815918,378,13,4027851,52,41138385
5318,11,3,2020,3,19,4,3,5,2,2,1,1,0,0,0,0,0,799993,8231,5830221,194,13,4243583,52,5392618
5319,11,9,2020,9,13,6,3,5,3,0,1,0,0,0,1,0,0,805460,8753,5822255,877,13,49741312,52,4648363
5320,11,3,2020,11,21,4,3,6,4,2,0,0,1,1,0,0,0,800953,2457,5830453,341,13,43867223,52,54081357
5321,11,7,2020,5,12,7,3,1,5,0,0,1,0,0,0,1,0,797126,1878,5816972,422,13,37039367,52,42207116
5322,11,1,2020,8,8,4,3,2,6,0,0,1,0,0,0,0,0,796899,627,5827451,313,13,37639671,52,51612752
5323,11,3,2020,6,8,6,3,5,3,0,1,1,0,0,0,0,0,800041,477,5828989,918,13,42394736,52,52819924
5324,11,6,2020,3,12,4,3,5,2,0,0,1,0,0,0,0,0,786511,831,5816926,317,13,21469592,52,4273187
5325,11,7,2020,10,14,5,3,2,6,0,0,1,0,0,0,0,0,797858,1501,5822115,414,13,38571071,52,4677748
5326,11,4,2020,12,14,3,3,2,6,0,0,1,0,0,0,0,0,791496,2073,5824409,816,13,29433116,52,49177571
5327,11,1,2020,8,20,7,3,5,3,0,1,1,0,0,0,0,0,799763,4005,5828629,872,13,41953595,52,52512499
5328,11,2,2020,6,11,2,3,5,2,0,1,1,0,0,0,0,0,802387,8967,5827706,299,13,45726373,52,51539783
5329,11,4,2020,3,18,3,2,0,1,1,1,0,0,0,0,0,0,791587,9172,5826548,558,13,29755086,52,51090034
5330,11,4,2020,10,19,3,3,2,6,2,0,1,0,0,0,0,0,790497,3028,5828505,81,13,28323511,52,52902909
5332,11,3,2020,3,16,3,3,2,6,0,0,1,0,0,1,0,0,800975,9466,5830489,534,13,43903873,52,54112544
5333,11,4,2020,9,18,1,3,2,6,0,0,1,0,0,0,0,0,791261,9065,5829862,537,13,29566343,52,54078397
5334,11,11,2020,11,8,6,3,5,2,0,1,0,0,0,1,0,0,803685,497,5835335,153,13,48330367,52,58305147
5335,11,1,2020,9,9,5,3,2,6,0,0,1,0,1,0,0,0,796157,6305,5825727,989,13,36396069,52,50108293
5336,11,10,2020,3,7,3,3,2,6,0,0,1,0,0,0,0,0,809048,162,5833349,62,13,56035141,52,56223359
5337,11,3,2020,5,10,7,3,6,4,0,0,1,1,0,0,0,0,800052,708,5829007,857,13,4241286,52,52835386
5338,11,8,2020,8,18,5,3,3,6,0,0,1,0,0,1,0,0,801929,6871,5821832,805,13,44521034,52,46300692
5339,11,1,2020,7,7,1,2,9,1,0,0,0,0,1,0,0,0,799359,9016,5827978,3,13,4130195,52,51950391
5340,11,4,2020,6,18,1,2,5,3,0,0,0,0,1,0,1,0,793992,8987,5826975,133,13,33326368,52,5134335
5341,11,6,2020,3,15,2,2,2,6,0,0,1,0,0,0,0,0,790584,4191,5818560,34,13,27584562,52,43982033
5342,11,3,2020,9,8,6,3,1,5,0,1,1,0,0,0,0,1,800436,1635,5829668,417,13,43036109,52,53406344
5343,11,9,2020,12,14,1,3,2,6,0,0,1,0,0,0,0,0,802852,4094,5825454,129,13,46203958,52,49495413
5344,11,1,2020,6,12,4,3,0,6,0,0,0,0,1,0,1,0,796123,7781,5825652,998,13,36339675,52,50042907
5346,11,4,2020,3,13,2,3,0,2,0,1,1,0,0,0,0,0,791231,7103,5826510,527,13,29228367,52,51074969
5347,11,1,2020,9,13,7,3,5,2,0,1,1,0,0,0,0,0,799762,4411,5828628,19,13,41952034,52,52511044
5348,11,7,2020,7,11,4,3,2,6,0,0,1,0,0,0,1,0,798192,196,5818900,192,13,38774267,52,43877174
5349,11,12,2020,3,17,1,3,5,3,0,0,1,0,0,0,0,0,794559,3062,5833815,4,13,34765149,52,57444267
5350,11,2,2020,10,20,7,3,5,3,2,1,1,0,0,0,0,0,800962,234,5827853,92,13,43645054,52,51750213
5351,11,10,2020,8,8,2,3,5,7,0,0,1,0,0,0,0,0,813220,2686,5827192,26,13,61589822,52,50467921
5352,11,12,2020,7,14,6,2,5,2,0,1,1,0,0,0,0,1,795766,232,5832695,668,13,36441129,52,56375409
5353,11,7,2020,6,10,3,3,5,2,0,1,0,0,0,0,1,0,797880,3873,5820449,327,13,38455036,52,45282802
5354,11,4,2020,10,19,6,3,6,2,2,0,1,1,0,0,0,1,791028,4986,5826477,264,13,28926869,52,51055994
5355,11,11,2020,3,17,7,2,2,6,0,0,1,0,0,0,0,0,807427,3188,5827459,832,13,5310679,52,51037197
5356,11,2,2020,9,16,3,3,2,6,0,0,1,0,0,0,0,0,802784,2877,5827666,38,13,46305105,52,51482014
5357,11,1,2020,11,9,5,3,5,2,0,1,1,0,0,0,0,1,795862,1071,5832067,4,13,36526112,52,55806697
5358,11,7,2020,6,7,4,2,5,2,0,0,1,0,0,0,1,0,797848,686,5822305,299,13,38574131,52,46948207
5359,11,4,2020,8,11,2,3,3,6,0,0,1,0,0,1,0,0,793763,182,5822988,615,13,32637274,52,47781998
5360,11,10,2020,6,17,3,3,0,2,0,1,1,0,0,0,0,0,811482,3167,5827127,436,13,59031509,52,50509317
5361,11,11,2020,3,10,6,3,2,6,0,0,1,0,0,0,0,0,803637,1323,5827577,823,13,47549959,52,51355233
5362,11,4,2020,10,18,2,2,2,6,1,0,1,0,0,0,0,1,787751,2652,5821756,58,13,23703511,52,46997025
5363,11,2,2020,12,17,7,3,5,3,2,1,1,0,0,0,0,1,797856,9888,5825503,342,13,38872068,52,49814432
5364,11,2,2020,8,0,3,3,5,3,2,0,0,0,1,0,1,0,802141,9378,5827763,599,13,45370218,52,51604772
5365,11,6,2020,7,15,6,3,2,7,0,1,1,0,0,0,0,0,786083,4569,5816689,736,13,20821048,52,42542167
5366,11,12,2020,5,13,3,2,5,2,0,0,1,0,0,0,0,0,795336,5269,5833744,859,13,35902459,52,57339236
5367,11,3,2020,10,19,1,3,2,6,2,0,1,0,0,0,0,0,801342,6352,5829335,751,13,44338312,52,53058132
5369,11,4,2020,3,16,4,3,2,6,0,0,1,0,0,0,0,0,790680,136,5826115,5,13,28383365,52,50749802
5370,11,3,2020,9,13,5,3,6,4,0,1,0,1,0,0,0,0,799215,2698,5831332,817,13,41391449,52,54965382
5371,11,12,2020,11,7,3,3,2,6,2,0,1,0,0,0,0,1,791725,8289,5833267,448,13,30547706,52,57105991
5372,11,4,2020,5,16,7,3,2,6,0,0,1,0,0,0,0,0,790678,9267,5828867,108,13,28622084,52,5321713
5373,11,5,2020,8,17,3,3,2,6,0,0,1,0,1,0,0,0,785242,341,5826252,871,13,20405014,52,51160461
5374,11,2,2020,6,8,4,3,0,1,0,1,0,0,0,0,0,0,797689,8588,5825559,76,13,38631579,52,4987351
5375,11,2,2020,5,9,5,3,0,2,0,0,1,0,1,0,0,0,802180,2986,5827726,355,13,45423195,52,51569265
5376,11,2,2020,3,20,4,3,3,6,2,1,0,0,0,0,0,0,801871,7092,5826518,22,13,44860225,52,50503317
5377,11,3,2020,9,6,4,3,5,2,1,1,1,0,0,0,0,0,800018,6726,5828992,582,13,42361461,52,52823567
5378,11,7,2020,12,18,6,3,2,5,2,0,1,0,0,0,1,0,796742,8711,5816080,7,13,36398254,52,41428555
5379,11,8,2020,8,15,4,3,2,6,0,0,0,0,0,0,1,0,802665,8989,5821711,32,13,45590363,52,46151077
5380,11,6,2020,6,18,7,3,1,1,0,1,1,0,0,0,0,0,791644,2145,5819189,791,13,29194208,52,44489924
5381,11,4,2020,3,16,4,3,2,6,0,0,1,0,0,0,0,0,790470,8588,5828475,319,13,28281975,52,52876983
5382,11,12,2020,10,13,3,3,2,6,0,0,1,0,0,0,0,0,795665,5678,5832925,98,13,36313579,52,56587328
5383,11,7,2020,12,12,3,3,5,3,0,1,1,0,0,0,0,1,795625,117,5823228,937,13,35392001,52,47896967
5384,11,7,2020,8,16,4,3,5,3,0,1,1,0,0,0,0,0,798254,5318,5818709,699,13,38848701,52,43703019
5385,11,6,2020,7,19,1,3,8,1,0,1,0,0,0,0,0,1,783513,9903,5816018,877,13,16995493,52,42074393
5386,11,3,2020,5,5,5,3,5,2,1,1,1,0,0,0,0,0,800294,4596,5830050,958,13,42862391,52,53757035
5387,11,4,2020,10,8,2,3,2,6,0,0,1,0,0,0,1,1,793395,5021,5826857,496,13,32438201,52,51270061
5389,11,7,2020,3,8,4,3,6,2,0,0,1,1,0,0,0,0,799954,5303,5813355,39,13,40862271,52,38810627
5390,11,4,2020,9,13,5,3,3,6,0,1,0,0,0,0,0,0,792136,1005,5826640,813,13,30568644,52,51143408
5391,11,1,2020,11,17,3,3,2,2,2,0,1,0,0,0,0,1,796683,7223,5826213,568,13,37212095,52,50514988
5392,11,5,2020,5,16,7,3,0,7,0,1,0,0,0,0,0,0,785119,3211,5826286,152,13,20227083,52,51196733
5393,11,6,2020,8,14,3,3,5,3,0,1,1,0,0,0,0,0,792817,1102,5820000,843,13,30986088,52,45154332
5394,11,3,2020,6,18,5,3,5,5,0,0,1,0,1,0,0,1,798052,947,5834056,436,13,39925726,52,57470493
5395,11,2,2020,5,18,5,3,0,3,0,1,0,0,0,0,1,0,802891,5189,5825793,621,13,46292259,52,49797527
5396,11,3,2020,3,15,3,3,5,2,0,0,1,0,0,0,1,0,799985,4857,5830223,66,13,42423797,52,5392885
5397,11,7,2020,10,5,5,2,5,2,2,0,1,0,1,0,0,0,797832,147,5822304,915,13,38549821,52,46948764
5398,11,6,2020,12,5,7,3,3,6,2,0,1,0,0,0,0,0,785987,4972,5819138,193,13,20889791,52,44742478
5399,11,4,2020,8,17,5,3,2,6,0,0,1,0,0,0,0,0,790516,8416,5825626,18,13,28100774,52,5032012
5400,11,12,2020,6,13,1,3,0,1,0,0,0,0,1,0,0,1,794558,8443,5833836,157,13,34766345,52,57463222
5401,11,7,2020,3,18,3,2,5,7,1,0,1,0,1,0,0,0,799188,5199,5816482,563,13,40019349,52,41655655
5402,11,12,2020,10,16,2,3,0,3,0,0,1,0,1,0,0,0,795798,2838,5832425,552,13,36464196,52,56131535
5404,11,6,2020,3,16,3,2,0,1,0,1,0,0,0,0,0,0,786755,8688,5817035,522,13,21836888,52,42816997
5405,11,7,2020,11,14,5,3,6,4,0,1,0,1,0,0,0,0,795225,438,5823516,568,13,34830826,52,48176423
5406,11,1,2020,9,10,4,3,3,6,0,1,1,0,0,0,0,0,799363,1747,5828007,154,13,4130938,52,51976316
5407,11,4,2020,3,9,3,3,5,3,0,0,1,0,0,1,0,0,790655,6435,5825027,395,13,28252441,52,49776059
5408,11,4,2020,10,16,7,3,2,6,0,0,1,0,0,0,0,0,789032,204,5826140,458,13,25964016,52,5086019
5409,11,2,2020,8,14,5,3,2,6,0,0,1,0,0,0,0,0,801634,2608,5827784,223,13,446262,52,51651358
5410,11,6,2020,7,16,6,3,2,6,0,0,1,0,0,0,1,1,790177,3122,5818303,864,13,26965058,52,43773711
5411,11,7,2020,6,8,6,3,2,6,0,0,1,0,0,0,0,0,799225,4524,5816338,779,13,40060638,52,41524751
5412,11,4,2020,3,5,3,3,2,6,1,0,1,0,0,0,0,0,790817,5152,5826888,55,13,2865276,52,51435521
5413,11,7,2020,9,17,5,2,2,6,0,0,1,0,0,0,0,0,795925,4475,5824398,251,13,35936894,52,4892889
5414,11,7,2020,12,16,6,3,2,6,2,0,1,0,0,0,0,0,799851,1849,5821460,522,13,41437379,52,46081446
5415,11,1,2020,6,17,3,3,2,6,0,0,1,0,0,0,0,0,796196,345,5830204,339,13,36851551,52,5411881
5417,11,4,2020,3,14,3,3,5,2,0,1,1,0,0,0,0,0,792758,6973,5826766,759,13,31494522,52,51222935
5418,11,4,2020,9,9,6,3,0,6,0,0,1,0,1,0,0,1,791443,1333,5826545,357,13,29542069,52,51094902
5419,11,3,2020,7,23,2,2,1,5,2,1,1,0,0,0,0,1,799164,7186,5830455,2,13,41238054,52,5418135
5420,11,2,2020,3,12,2,3,2,6,0,0,1,0,0,0,0,0,802020,3683,5827761,395,13,45191407,52,5160953
5421,11,2,2020,10,19,6,3,6,7,2,1,0,1,0,0,0,1,801874,6782,5826527,725,13,44865466,52,5051185
5422,11,3,2020,12,11,5,2,5,3,0,0,1,0,0,0,1,0,799049,284,5832404,896,13,41243957,52,55935448
5423,11,1,2020,8,12,1,2,5,2,0,0,1,0,0,0,0,0,796187,1139,5830196,959,13,36837322,52,54112697