OBJECTID,LAND,BEZ,UJAHR,UMONAT,USTUNDE,UWOCHENTAG,UKATEGORIE,UART,UTYP1,ULICHTVERH,IstRad,IstPKW,IstFuss,IstKrad,IstGkfz,IstSonstige,USTRZUSTAND,LINREFX,LINREFY,XGCSWGS84,YGCSWGS84,,,,
5424,11,12,2020,7,17,5,2,0,6,0,0,0,0,1,0,1,1,795755,9863,5832667,488,13,36423546,52,56350704
5425,11,7,2020,5,16,2,3,5,2,0,0,1,0,0,0,0,1,797948,1958,5820051,818,13,38519066,52,44922783
5426,11,7,2020,6,16,2,3,3,2,0,0,1,0,1,0,0,0,797829,5236,5822365,307,13,38551362,52,47003042
5427,11,9,2020,10,9,5,3,0,1,0,1,1,0,0,0,0,1,805162,7091,5822576,49,13,49333097,52,46787643
5428,11,7,2020,3,11,2,2,2,6,0,0,1,0,1,0,0,0,798768,3728,5817492,3,13,39493575,52,42583719
5429,11,4,2020,9,9,2,3,2,6,0,0,1,0,0,0,0,0,793412,1195,5822974,432,13,321206,52,47788156
5430,11,1,2020,11,19,4,3,2,6,2,0,1,0,0,0,0,0,796219,9323,5829952,71,13,36863738,52,53891395
5431,11,7,2020,6,12,4,3,0,2,0,1,1,0,0,0,0,0,798430,7914,5818242,896,13,39065551,52,43274967
5432,11,9,2020,8,15,7,3,1,5,0,1,0,0,0,0,1,0,806343,7355,5821386,349,13,50957018,52,45654901
5433,11,12,2020,6,7,3,3,5,2,0,0,1,0,1,0,0,0,791798,7421,5839360,805,13,31191984,52,62564536
5434,11,1,2020,3,18,2,3,2,6,2,0,1,0,0,0,0,0,794794,6074,5827097,579,13,34515195,52,51409843
5435,11,12,2020,10,18,2,2,0,1,2,0,0,0,1,0,0,1,795762,9844,5832709,67,13,364376,52,56388136
5436,11,7,2020,12,7,6,3,1,5,1,0,1,0,0,0,0,1,798246,3968,5818692,859,13,38835267,52,43688367
5437,11,6,2020,8,8,3,3,5,3,0,0,1,0,0,0,0,0,786183,8856,5816793,14,13,2097718,52,42629515
5438,11,12,2020,7,17,5,3,5,2,0,1,1,0,0,0,0,0,792370,672,5837738,954,13,31891138,52,61079885
5439,11,3,2020,10,19,6,3,5,2,2,1,1,0,0,0,0,1,799219,3103,5831429,53,13,41406105,52,55051848
5441,11,6,2020,3,13,2,3,3,6,0,1,0,0,0,0,0,0,792714,8746,5819930,24,13,30829885,52,45096513
5442,11,5,2020,9,9,4,3,2,6,0,0,1,0,0,0,0,0,784328,2519,5826498,107,13,19082659,52,51428068
5443,11,4,2020,11,6,2,2,6,4,1,0,1,1,0,0,0,1,790685,5264,5826403,201,13,28416454,52,51007884
5444,11,2,2020,5,14,7,3,6,7,0,1,0,1,0,0,0,0,801830,4663,5826400,33,13,4478895,52,50399845
5445,11,2,2020,8,8,2,2,6,7,0,1,0,1,0,0,0,0,803457,9122,5827597,199,13,47288437,52,51382573
5446,11,6,2020,6,18,4,3,5,2,0,1,1,0,0,0,0,0,782718,3493,5815827,749,13,15812455,52,41944179
5447,11,2,2020,5,23,4,3,5,2,2,1,1,0,0,0,0,0,802178,9333,5827719,434,13,45420561,52,51563137
5448,11,3,2020,3,17,1,3,0,4,1,0,0,1,0,0,1,0,799625,271,5830292,559,13,41900477,52,54010424
5449,11,12,2020,9,5,3,3,2,6,2,0,1,0,0,0,0,0,791565,2712,5830711,502,13,30086912,52,54823253
5450,11,9,2020,12,20,5,3,2,6,2,0,1,0,1,0,0,1,802683,7818,5825234,869,13,4593641,52,49308246
5451,11,3,2020,8,18,3,3,5,2,0,1,1,0,0,0,0,0,800046,9688,5828998,688,13,42403598,52,52827483
5452,11,7,2020,6,12,6,3,2,6,0,0,1,0,0,0,0,0,796532,158,5822536,615,13,3666206,52,47227189
5453,11,4,2020,10,13,7,3,2,6,0,0,1,0,0,0,0,0,790723,4039,5824939,208,13,28344279,52,49693389
5455,11,9,2020,3,16,1,3,2,6,0,0,1,0,1,0,0,0,806699,7592,5818276,797,13,51193956,52,42848038
5456,11,9,2020,11,5,4,2,0,6,2,0,1,0,1,0,0,0,802865,2233,5821342,539,13,4584939,52,45809494
5457,11,3,2020,9,15,2,3,3,6,0,1,1,0,0,0,0,0,799173,8358,5830797,374,13,4128229,52,54487716
5458,11,12,2020,8,12,1,3,5,2,0,0,1,0,1,0,0,1,795336,5269,5833744,859,13,35902459,52,57339236
5459,11,9,2020,3,15,1,3,3,6,0,0,1,0,0,0,0,0,802580,269,5825073,445,13,4576975,52,491693
5460,11,4,2020,10,19,5,3,2,6,2,0,1,0,0,0,0,1,790500,97,5826372,339,13,28141301,52,50990095
5461,11,7,2020,8,11,4,3,1,5,0,1,1,0,0,0,0,0,797811,4113,5821000,893,13,38403025,52,4578098
5462,11,3,2020,7,15,3,3,5,2,0,1,1,0,0,0,0,0,801540,6894,5831165,736,13,44795459,52,54687403
5463,11,12,2020,5,15,2,3,2,6,0,0,1,0,1,0,0,1,792775,206,5837356,278,13,32453008,52,60715063
5464,11,3,2020,6,14,5,3,2,6,0,1,1,0,0,0,0,0,800231,1892,5829293,15,13,4270092,52,53081155
5465,11,9,2020,11,12,4,3,3,6,0,1,0,0,0,0,0,0,802926,702,5824730,496,13,46247268,52,48842705
5466,11,12,2020,3,18,1,3,5,2,2,0,1,0,0,0,0,0,794559,2206,5833818,954,13,34765371,52,5744778
5467,11,10,2020,9,6,5,2,2,6,2,0,1,0,0,0,1,0,807853,1692,5830964,695,13,54056759,52,54154216
5468,11,2,2020,11,9,2,3,6,4,0,1,1,1,0,0,0,0,800832,1188,5827883,871,13,43456661,52,51784979
5469,11,1,2020,6,12,1,3,5,3,0,0,1,0,0,0,0,0,796438,4076,5826319,87,13,36861191,52,50623611
5471,11,7,2020,3,16,7,3,2,6,0,0,1,0,0,0,0,0,797783,3196,5823714,98,13,38603976,52,48214601
5472,11,7,2020,9,21,4,3,6,2,2,0,1,1,0,0,0,0,797829,2129,5822371,157,13,38551428,52,47008303
5473,11,4,2020,7,7,6,3,3,6,0,1,0,0,0,0,1,0,789166,4265,5826160,368,13,26163233,52,50870918
5474,11,2,2020,3,17,6,3,2,6,0,0,1,0,0,0,0,0,797907,133,5825155,775,13,38914633,52,49500143
5475,11,8,2020,10,17,5,3,2,6,1,0,1,0,0,0,0,1,801014,9199,5821648,618,13,43162024,52,46186067
5476,11,7,2020,12,20,2,3,9,1,2,0,1,0,0,0,0,2,799978,2159,5821444,726,13,4162237,52,46060315
5477,11,4,2020,10,14,1,3,3,6,0,0,1,0,0,0,0,1,791328,3472,5826506,544,13,29370011,52,51066238
5479,11,7,2020,3,13,6,3,2,6,0,0,1,0,1,0,0,0,799195,6058,5816409,738,13,40023227,52,41589989
5480,11,3,2020,11,17,4,3,3,6,2,0,1,0,1,0,0,0,800009,6328,5830266,721,13,42463182,52,53966118
5481,11,1,2020,9,18,3,3,5,2,0,0,1,0,0,0,0,0,796423,3627,5826270,59,13,36834654,52,50579778
5482,11,1,2020,8,8,2,3,1,5,0,1,1,0,0,0,0,0,796270,8345,5830435,107,13,36981647,52,5432162
5483,11,10,2020,3,14,6,3,6,4,0,0,1,1,0,0,0,1,808799,6372,5833130,785,13,55649365,52,56041847
5484,11,6,2020,10,13,6,3,2,2,0,0,1,1,0,0,0,0,791054,4653,5818813,518,13,28296171,52,44184014
5485,11,4,2020,8,17,4,3,2,6,0,0,1,0,0,0,1,0,790745,243,5824901,428,13,2837274,52,49658367
5486,11,1,2020,7,18,4,3,0,1,0,0,0,0,1,0,0,1,797086,3099,5826738,563,13,37850345,52,50963683
5487,11,4,2020,5,14,2,2,0,7,0,1,0,0,0,0,0,1,793135,518,5826836,391,13,32054333,52,5126512
5488,11,6,2020,6,14,6,3,5,3,0,0,1,0,0,0,0,0,782482,1336,5815771,194,13,15461255,52,41905667
5489,11,4,2020,3,12,5,3,2,6,0,0,1,0,0,0,0,0,788986,6656,5826133,685,13,25896787,52,50856521
5490,11,12,2020,9,15,5,3,2,6,0,0,1,0,0,0,0,0,791305,7933,5840659,981,13,30580316,52,63755653
5491,11,4,2020,12,18,3,2,5,2,2,0,1,0,0,0,0,0,791024,9246,5826458,23,13,28919935,52,51038935
5492,11,10,2020,6,14,2,3,2,6,0,0,1,0,1,0,0,0,808327,882,5828003,616,13,54479948,52,51473705
5494,11,7,2020,3,12,5,3,0,6,0,0,1,0,1,0,0,1,797826,786,5820683,716,13,38397294,52,45495828
5495,11,7,2020,9,21,5,3,1,5,1,1,1,0,0,0,0,0,795808,487,5824189,1,13,35746564,52,48747654
5496,11,4,2020,7,12,7,3,2,6,0,0,1,0,0,0,1,0,787945,9115,5822004,643,13,24010726,52,4720964
5497,11,1,2020,3,10,5,3,5,3,0,0,1,0,0,0,0,1,795878,8312,5832058,483,13,36549947,52,55798118
5498,11,7,2020,10,16,5,3,1,7,0,0,1,0,0,0,0,1,799806,607,5813854,206,13,40690173,52,39265849
5499,11,9,2020,12,13,4,3,5,3,0,0,1,0,0,0,1,0,804103,2535,5824372,42,13,47942022,52,48456024
5500,11,2,2020,5,19,7,3,0,1,0,1,0,0,0,0,0,0,802176,46,5827751,82,13,4541926,52,51592325
5501,11,7,2020,8,21,7,3,2,6,2,0,1,0,0,0,0,0,797844,7499,5820661,628,13,38421683,52,45475049
5502,11,7,2020,7,9,5,3,5,3,0,0,1,0,0,0,0,0,795631,6944,5823221,925,13,35401191,52,47890319
5503,11,4,2020,6,17,2,3,2,6,0,0,1,0,0,0,0,0,787256,6821,5825854,379,13,23330688,52,50697479
5504,11,4,2020,10,8,4,3,2,6,0,0,1,0,0,0,1,0,791700,6676,5826567,415,13,29922407,52,51100911
5505,11,7,2020,3,10,5,3,2,6,0,0,1,0,0,0,1,1,797789,1214,5823244,72,13,38570515,52,47792959
5506,11,10,2020,9,16,2,3,5,2,0,1,1,0,0,0,0,0,809513,506,5827403,925,13,561658,52,50869134
5507,11,7,2020,11,9,3,3,2,6,0,0,1,0,0,0,0,0,796007,4182,5824837,654,13,36096302,52,49318334
5508,11,3,2020,5,19,6,3,2,6,0,0,1,0,0,0,0,0,797969,9236,5834306,93,13,39827342,52,57699524
5509,11,3,2020,8,18,7,3,1,5,0,1,1,0,0,0,0,0,801368,2701,5829260,241,13,44369143,52,52989035
5510,11,3,2020,6,9,1,3,2,6,0,0,1,0,0,0,0,0,799461,5338,5830323,525,13,41662561,52,54047181
5511,11,3,2020,3,15,4,3,2,6,0,1,1,0,0,0,0,0,799998,5546,5830219,719,13,42442653,52,53924598
5512,11,4,2020,10,16,7,3,3,6,0,0,1,0,0,1,0,0,790625,5804,5825848,612,13,28279953,52,50513887
5513,11,6,2020,12,16,5,3,5,2,2,0,1,0,0,0,1,0,790292,9051,5818367,486,13,27140153,52,43824616
5514,11,10,2020,8,14,3,3,2,6,0,0,1,0,0,0,0,0,808334,894,5832093,672,13,54869634,52,55138746
5515,11,10,2020,7,13,5,3,2,6,0,0,1,0,0,0,1,0,811381,1694,5827109,68,13,58881308,52,50499179
5516,11,3,2020,3,18,3,3,5,3,2,1,1,0,0,0,0,1,798167,8393,5835384,181,13,40215455,52,5865428
5517,11,4,2020,10,18,6,3,2,6,1,0,1,0,0,0,0,1,790560,974,5825169,64,13,28125788,52,49908624
5519,11,10,2020,3,17,3,3,5,2,1,0,1,0,0,0,0,1,813548,7558,5827159,583,13,62069124,52,50419773
5520,11,7,2020,9,17,4,3,2,6,0,0,1,0,1,0,0,0,797783,557,5823719,94,13,38604034,52,48219094
5521,11,5,2020,11,8,2,3,5,2,0,1,1,0,0,0,0,1,783510,927,5826706,657,13,17898003,52,51657651
5522,11,4,2020,9,12,7,3,2,6,0,0,1,0,0,0,0,0,791247,6753,5824610,264,13,29085616,52,49370539
5523,11,7,2020,5,12,6,3,2,6,0,0,1,0,0,0,0,0,797825,78,5822442,527,13,38552761,52,47072465
5524,11,2,2020,8,16,1,3,3,5,0,1,0,0,0,0,1,0,801637,9779,5828942,694,13,44736719,52,52689499
5525,11,7,2020,6,20,3,3,0,6,1,0,0,0,0,0,1,0,795933,7505,5824415,61,13,35950628,52,48944001
5526,11,3,2020,3,16,3,2,6,4,0,0,1,1,0,0,0,1,801369,8512,5831051,578,13,44533926,52,54594536
5527,11,7,2020,9,0,2,3,3,6,2,0,1,0,0,0,0,0,799782,117,5814110,482,13,40677061,52,39496915
5528,11,4,2020,12,15,4,3,3,6,0,0,1,0,0,0,0,1,793159,758,5826861,22,13,32091135,52,51286111
5529,11,6,2020,8,9,3,3,5,2,0,0,1,0,0,0,0,0,790293,3053,5818367,733,13,27140762,52,43824816
5530,11,12,2020,6,11,5,3,5,3,0,0,1,0,0,0,0,0,792805,6455,5837303,524,13,32493163,52,60666133
5532,11,3,2020,3,16,3,3,5,3,0,1,1,0,0,0,0,1,799553,6545,5830284,17,13,41794439,52,54006842
5533,11,4,2020,11,8,2,3,3,6,0,1,0,0,0,0,0,0,791526,2611,5826559,259,13,2966543,52,51102923
5534,11,1,2020,9,12,2,3,5,2,0,1,1,0,0,0,0,0,796419,84,5826326,476,13,36834502,52,50630542
5535,11,7,2020,8,12,7,3,0,6,0,0,1,0,1,0,0,0,797837,8884,5820703,184,13,38415321,52,45512674
5536,11,4,2020,3,16,3,2,6,4,0,0,0,1,1,0,0,1,788953,3224,5826128,228,13,25847321,52,50853395
5537,11,3,2020,10,16,4,3,3,6,0,1,1,0,0,0,0,1,798016,8751,5833737,496,13,39845245,52,57186536
5538,11,7,2020,8,10,3,3,2,6,0,0,1,0,0,0,0,0,800656,3005,5812092,5,13,4177712,52,37639752
5539,11,9,2020,7,13,2,3,5,3,0,1,1,0,0,0,0,0,805149,4068,5822567,237,13,49312729,52,46780092
5540,11,5,2020,5,14,2,3,5,2,0,1,1,0,0,0,0,0,783517,187,5826715,15,13,17909154,52,51664897
5541,11,1,2020,6,18,5,3,5,2,0,1,1,0,0,0,0,1,796451,853,5826452,307,13,36892736,52,50741598
5542,11,3,2020,11,14,3,3,1,5,0,1,0,0,0,0,1,0,800425,5667,5829651,444,13,43018999,52,53391715
5543,11,7,2020,3,13,3,3,2,6,0,0,1,0,0,0,1,1,797858,9136,5822101,444,13,38570945,52,46764916
5544,11,9,2020,9,16,4,3,0,6,0,0,1,0,0,0,1,0,803015,469,5824644,743,13,46369185,52,48760942
5545,11,7,2020,11,17,2,3,1,5,2,1,1,0,0,0,0,0,795571,2493,5823897,703,13,3537236,52,48499376
5546,11,4,2020,6,10,7,3,1,5,0,0,1,0,0,0,0,0,791813,8689,5826607,999,13,30092297,52,51131239
5547,11,2,2020,3,12,3,3,0,6,0,0,1,0,1,0,0,1,802046,139,5827741,9,13,45227316,52,51590636
5548,11,1,2020,9,9,4,3,5,2,0,1,1,0,0,0,0,0,796315,8491,5830076,52,13,37015847,52,53997736
5549,11,1,2020,7,16,5,3,0,2,0,0,1,0,1,0,0,0,795862,836,5832062,978,13,36526822,52,55803017
5550,11,10,2020,3,12,3,3,2,6,0,0,1,0,0,0,0,1,807952,3466,5831223,763,13,54226552,52,54380786
5551,11,1,2020,10,8,4,3,5,2,0,1,1,0,0,0,0,0,796902,524,5826694,82,13,37575743,52,50934504
5552,11,12,2020,12,13,5,3,0,2,0,0,1,0,1,0,0,1,794559,2539,5833804,455,13,34764132,52,57434782
5553,11,10,2020,8,16,5,2,5,3,0,1,1,0,0,0,0,0,810877,82,5827088,88,13,58139002,52,50508572
5554,11,6,2020,7,20,2,2,6,2,0,1,0,1,0,0,0,1,789587,6602,5817958,761,13,26070158,52,43495566
5555,11,7,2020,5,16,6,3,2,2,0,0,1,0,1,0,0,0,797516,481,5818155,24,13,37716843,52,43246196
5556,11,1,2020,10,8,3,3,3,6,0,1,1,0,1,0,0,0,799823,7859,5828181,646,13,42001929,52,52107415
5557,11,4,2020,3,16,2,2,3,6,0,0,1,0,1,0,0,0,790707,8971,5826371,2,13,28446512,52,50977825
5558,11,7,2020,9,17,7,3,2,6,0,0,1,0,0,0,0,0,797815,3885,5822676,145,13,38558364,52,47282444
5559,11,3,2020,11,11,6,3,5,3,0,1,1,0,0,0,0,0,800278,4118,5830087,399,13,42842094,52,53790583
5560,11,9,2020,5,13,5,2,3,6,0,0,0,0,1,0,1,0,806754,377,5820985,214,13,51522125,52,45272378
5561,11,7,2020,8,14,5,3,5,3,0,0,1,0,1,0,0,0,797545,3729,5818283,287,13,3777061,52,43359407
5562,11,3,2020,6,13,6,3,2,6,0,0,0,0,0,1,0,0,801343,6804,5831029,214,13,4449342,52,54575938
5563,11,3,2020,3,16,2,3,5,3,0,1,1,0,0,0,0,1,800067,642,5833958,523,13,42882188,52,57271981
5564,11,2,2020,10,12,6,3,5,2,0,1,1,0,0,0,0,0,802117,4446,5828026,557,13,45358111,52,51841818
5565,11,7,2020,12,15,3,3,2,6,1,0,1,0,0,0,0,0,794669,1279,5823126,751,13,33979554,52,47857024
5566,11,7,2020,8,17,1,3,2,6,0,0,1,0,0,0,0,0,796070,4383,5825469,379,13,36245003,52,49881203
5567,11,7,2020,6,23,2,2,9,1,2,0,1,0,0,0,0,0,795017,9933,5823088,559,13,34488369,52,47803952
5568,11,7,2020,3,10,2,3,5,2,0,1,0,0,0,0,1,1,795242,545,5823528,474,13,34856278,52,48186198
5569,11,9,2020,10,10,4,3,2,6,0,0,1,0,0,0,1,1,802729,1127,5825297,927,13,46008705,52,4936225
5571,11,1,2020,3,7,2,3,6,4,0,0,0,1,0,0,1,1,796395,2302,5826242,27,13,36790852,52,50556396
5572,11,1,2020,9,13,2,3,5,3,0,1,1,0,0,0,0,0,795861,683,5832069,404,13,36525699,52,55808839
5573,11,2,2020,11,12,6,3,5,2,0,1,0,0,0,0,1,0,802149,607,5827726,81,13,45377342,52,51571404
5574,11,1,2020,9,10,6,3,2,6,0,1,0,0,0,0,1,0,797242,7973,5827533,442,13,38151246,52,51667678
5575,11,1,2020,8,18,6,3,3,6,0,1,0,0,0,0,1,0,796074,7495,5827327,104,13,3641656,52,51546252
5576,11,1,2020,7,22,3,3,2,3,2,0,1,0,0,0,0,1,796086,3468,5831247,219,13,36782799,52,55059625
5577,11,2,2020,5,17,7,3,2,6,0,0,1,0,0,0,0,0,800349,3276,5827946,943,13,42752983,52,51868123
5578,11,9,2020,10,7,3,3,2,6,0,0,1,0,0,0,1,0,803136,19,5820817,443,13,46199299,52,4532383
5579,11,4,2020,3,3,1,2,0,1,2,0,0,0,1,0,0,1,789769,5318,5826257,45,13,27057805,52,50925588
5580,11,4,2020,9,15,1,3,2,6,0,0,1,0,0,0,0,0,791783,272,5824152,625,13,29832207,52,48931665
5581,11,3,2020,11,10,2,3,5,2,0,1,1,0,0,0,0,0,798114,2865,5835771,823,13,40171523,52,5900468
5582,11,3,2020,5,18,5,3,5,2,0,1,1,0,0,0,0,0,799974,1977,5830201,231,13,42405178,52,53909367
5583,11,7,2020,8,18,5,3,5,3,0,0,1,0,1,0,0,0,798086,1076,5819271,889,13,38651813,52,44216143
5584,11,2,2020,6,12,7,3,3,1,0,0,1,0,1,0,0,0,803541,9216,5827603,491,13,47412428,52,51383538
5585,11,1,2020,3,14,7,3,3,2,0,0,1,0,0,0,1,0,799803,9741,5828631,37,13,42013356,52,5251161
5586,11,4,2020,10,19,6,3,2,6,2,0,1,0,0,0,0,0,790464,5729,5828404,441,13,28266542,52,52813775
5587,11,4,2020,12,11,5,3,2,6,0,0,1,0,0,0,0,0,790840,2962,5826796,616,13,28678244,52,51352331
5588,11,3,2020,8,9,2,2,5,2,0,1,1,0,0,0,0,0,799238,2341,5831933,914,13,41479391,52,55502908
5589,11,3,2020,7,0,4,1,9,1,2,0,0,0,1,0,0,0,800009,324,5830186,996,13,42455101,52,5389469
5590,11,3,2020,3,1,7,3,2,2,2,1,1,0,0,0,0,1,800310,1381,5829419,15,13,4282835,52,53189865
5591,11,4,2020,10,16,5,3,2,6,0,0,1,0,0,0,0,0,790606,6129,5825064,144,13,28183625,52,49811615
5593,11,12,2020,3,18,6,3,2,6,2,0,1,0,0,0,0,1,792887,7309,5837158,136,13,32601167,52,60531379
5594,11,10,2020,9,15,3,3,2,6,0,0,1,0,1,0,0,0,813799,7014,5827127,923,13,62434645,52,50376978
5595,11,12,2020,11,14,1,3,2,7,0,0,1,0,0,0,1,0,791839,18,5839194,928,13,31236673,52,62413672
5596,11,1,2020,9,17,6,3,2,6,0,0,1,0,1,0,0,0,796212,4666,5830866,103,13,36934266,52,54711138
5597,11,1,2020,5,18,5,3,2,6,0,0,1,0,1,0,0,0,799764,147,5828631,181,13,4195481,52,52513631
5598,11,1,2020,8,11,7,3,0,2,0,0,1,0,1,0,0,1,796213,8893,5825852,223,13,36489757,52,50216603
5599,11,4,2020,7,18,3,3,6,7,0,0,0,1,0,0,1,0,790549,4766,5826380,634,13,2821458,52,50994901
5600,11,4,2020,6,10,3,3,3,6,0,0,1,0,0,1,0,0,789357,6086,5824194,509,13,26273335,52,4909833
5601,11,9,2020,3,17,6,3,5,3,1,1,1,0,0,0,0,1,805589,1525,5822144,357,13,49919336,52,46376508
5602,11,4,2020,9,21,7,3,9,1,2,0,1,0,0,0,0,1,791198,3971,5824644,553,13,29016234,52,49403908
5603,11,4,2020,12,8,2,3,0,6,0,0,1,0,0,0,0,0,787873,4177,5821897,816,13,23895074,52,47117684
5604,11,2,2020,6,8,4,2,6,4,0,1,0,1,0,0,0,0,801874,5708,5826527,374,13,44865276,52,50511541
5606,11,6,2020,3,15,6,3,8,1,0,1,1,0,0,0,0,1,790280,8148,5818381,892,13,27123669,52,43838173
5607,11,9,2020,11,8,2,3,5,3,0,1,0,0,0,1,0,0,804105,5735,5824365,915,13,47944869,52,48450403
5608,11,1,2020,9,23,7,2,0,1,2,0,0,0,0,0,1,0,795620,523,5827239,519,13,35741351,52,51492379
5609,11,6,2020,7,17,6,2,0,1,0,1,0,0,0,0,0,0,784996,3911,5815991,142,13,19167144,52,41972523
5610,11,4,2020,3,15,6,3,2,6,0,0,1,0,0,0,0,1,790770,5685,5824853,761,13,284061,52,49614273
5611,11,7,2020,10,7,4,3,0,2,1,0,0,0,0,1,1,1,797848,686,5822305,299,13,38574131,52,46948207
5612,11,5,2020,8,16,3,3,5,3,0,0,1,0,0,0,0,0,780170,4869,5822272,31,13,12616314,52,47854039
5613,11,3,2020,7,2,1,3,0,1,2,0,0,0,0,0,1,0,801367,1037,5831018,875,13,44526919,52,54565376
5614,11,2,2020,5,12,2,3,0,6,0,0,1,0,1,0,0,1,802356,5394,5827726,981,13,45682183,52,51560059
5615,11,11,2020,6,16,4,2,3,6,0,0,1,0,1,0,0,0,806313,1021,5827339,894,13,51459095,52,50992382
5616,11,2,2020,11,10,2,3,0,1,0,1,0,0,0,0,0,0,801865,329,5826496,847,13,44848499,52,50484708
5617,11,3,2020,3,8,6,3,5,2,0,1,1,0,0,0,0,1,799174,303,5832231,369,13,41412184,52,55773042
5618,11,12,2020,9,19,4,2,2,6,1,0,0,0,1,0,1,0,791971,5637,5832691,46,13,30858562,52,56576462
5619,11,2,2020,11,14,7,3,3,6,0,1,1,0,0,0,0,0,801660,3062,5828859,883,13,44762019,52,52614039
5620,11,4,2020,6,12,6,3,2,6,0,0,1,0,0,0,0,0,791007,484,5829084,203,13,29123451,52,53394245
5621,11,2,2020,3,14,6,3,5,2,0,1,0,0,0,0,1,1,802144,15,5827755,655,13,45372747,52,51597529
5622,11,9,2020,9,7,3,3,2,6,0,0,1,0,0,0,1,0,806295,2779,5821456,865,13,50892394,52,45720816
5623,11,4,2020,7,18,4,3,4,6,0,1,0,0,0,0,0,0,793202,9814,5826772,107,13,32147797,52,51203865
5624,11,2,2020,3,18,5,3,3,6,2,1,0,0,0,0,0,0,797886,4605,5825401,63,13,38906258,52,4972165
5625,11,4,2020,10,15,4,3,2,6,0,0,1,0,0,0,0,1,790805,5827,5826507,96,13,2860201,52,51095402
5626,11,1,2020,12,10,4,3,3,6,0,1,1,0,0,0,0,1,799313,2436,5827964,863,13,41232206,52,5194115
5627,11,1,2020,8,18,4,3,3,6,0,0,1,0,1,0,0,0,795929,6153,5829485,393,13,36395372,52,53488836
5628,11,6,2020,7,11,2,2,6,4,0,1,0,1,0,0,0,0,789552,9137,5817967,285,13,26019928,52,43505047
5629,11,12,2020,5,16,5,3,2,6,0,0,1,0,0,0,0,0,792050,1008,5831744,286,13,30890738,52,5572314
5630,11,2,2020,10,0,2,3,0,6,2,0,1,0,0,0,0,0,802025,4431,5827760,893,13,45198817,52,51608799
5632,11,3,2020,3,15,5,3,5,3,0,1,0,0,0,0,1,0,800023,9561,5828964,881,13,42366726,52,52798447
5633,11,3,2020,9,16,6,3,2,6,0,0,1,0,0,1,0,0,801345,489,5831030,383,13,44495538,52,54576911
5634,11,7,2020,11,18,4,3,5,2,2,1,1,0,0,0,0,0,797777,943,5823831,95,13,38605362,52,48320582
5635,11,4,2020,5,8,5,3,2,6,0,0,1,0,0,0,0,0,786093,7461,5826025,634,13,21636639,52,50912134
5636,11,12,2020,8,6,4,3,5,2,0,1,1,0,0,0,0,1,795339,7947,5833743,681,13,35907162,52,57338003
5637,11,3,2020,6,10,5,3,0,7,0,0,1,0,1,0,0,1,801924,5561,5831427,246,13,45383608,52,54900534
5638,11,9,2020,5,14,3,2,5,2,0,1,0,0,0,0,1,0,802664,8392,5825208,804,13,45906227,52,49285934
5639,11,2,2020,3,12,5,3,2,6,0,0,1,0,0,0,0,0,797901,105,5825142,671,13,38904608,52,49488726
5640,11,3,2020,10,8,5,3,5,3,0,1,1,0,0,0,0,0,798011,2647,5834153,517,13,39874379,52,57559747
5641,11,3,2020,12,13,2,3,3,6,0,1,0,0,0,1,0,1,801552,9247,5831176,24,13,44814382,52,54695947
5642,11,6,2020,8,17,6,3,2,6,0,0,1,0,0,0,0,0,785256,1018,5818066,998,13,19725083,52,43820241
5643,11,12,2020,6,14,2,3,6,4,0,1,0,1,0,0,0,0,795746,4534,5832719,182,13,36414131,52,56397561
5644,11,1,2020,3,11,5,2,5,3,0,0,1,0,1,0,0,0,795862,515,5832067,35,13,36526058,52,55806978
5645,11,4,2020,10,15,2,3,0,7,0,1,1,0,0,0,0,0,790854,655,5826430,304,13,28667329,52,51023167
5647,11,3,2020,3,9,5,3,5,3,0,1,1,0,0,0,0,0,800091,22,5834034,25,13,42923416,52,57338366
5648,11,2,2020,11,18,6,3,5,3,2,1,1,0,0,0,0,0,802118,835,5828030,345,13,45360497,52,51845136
5649,11,12,2020,9,20,5,3,3,6,1,0,1,0,0,1,0,0,791507,8786,5833717,459,13,30266588,52,5752109
5650,11,3,2020,3,9,5,3,5,3,0,1,0,0,0,0,0,0,799196,197,5831434,82,13,41372528,52,55057197
5651,11,3,2020,5,0,5,3,5,2,2,1,1,0,0,0,0,0,801324,399,5831012,737,13,44463578,52,54562236
5652,11,1,2020,8,18,5,3,5,2,0,1,1,0,0,0,0,0,799792,181,5828612,266,13,41994064,52,52495144
5653,11,5,2020,7,21,7,3,0,1,2,1,0,0,0,0,0,0,785966,6124,5826059,914,13,2145277,52,50949535
5654,11,4,2020,6,21,7,3,3,6,1,0,1,0,0,0,0,0,791858,7168,5824072,658,13,29936002,52,48855942
5655,11,7,2020,3,8,5,3,3,6,0,1,1,0,0,0,0,0,796060,853,5825418,411,13,36226393,52,49836034
5656,11,12,2020,9,5,5,2,5,3,2,0,1,0,1,0,0,0,794232,9129,5834767,472,13,34369441,52,58315704
5657,11,10,2020,12,12,7,3,5,7,0,0,1,0,0,0,0,0,807684,683,5829681,539,13,53690312,52,53013776
5658,11,4,2020,6,10,3,3,3,6,0,0,1,0,0,0,0,0,790822,2974,5824785,182,13,28476096,52,49550036
5660,11,4,2020,3,12,4,3,2,6,0,0,0,0,0,1,1,1,790488,6125,5825269,894,13,28028235,52,50002355
5661,11,1,2020,9,15,6,3,1,7,0,0,1,0,0,0,1,0,794486,1209,5827043,783,13,34057156,52,51378283
5662,11,9,2020,7,13,3,3,5,3,0,1,1,0,0,0,0,0,804106,561,5824366,79,13,47946399,52,48451132
5663,11,3,2020,3,9,4,3,5,2,0,0,1,0,0,0,1,0,801347,7155,5831002,472,13,44496926,52,54551746