OBJECTID,LAND,BEZ,UJAHR,UMONAT,USTUNDE,UWOCHENTAG,UKATEGORIE,UART,UTYP1,ULICHTVERH,IstRad,IstPKW,IstFuss,IstKrad,IstGkfz,IstSonstige,USTRZUSTAND,LINREFX,LINREFY,XGCSWGS84,YGCSWGS84,,,,
5664,11,7,2020,10,17,6,3,2,6,0,0,1,0,0,0,0,0,796455,592,5822587,502,13,36553616,52,47276982
5665,11,7,2020,8,18,1,3,5,7,0,0,1,0,0,0,0,0,799153,4964,5816566,684,13,39975524,52,41732974
5666,11,9,2020,7,14,6,3,2,6,0,0,1,0,0,1,0,1,802662,1022,5824994,716,13,45882761,52,490942
5667,11,10,2020,6,3,3,2,1,5,2,0,1,0,0,0,1,0,808050,9067,5827445,888,13,54021453,52,50989523
5668,11,7,2020,3,9,4,3,2,6,0,0,1,0,0,1,0,0,795893,2492,5824330,977,13,35883637,52,4887033
5669,11,1,2020,5,15,4,3,5,2,0,1,1,0,0,0,0,0,796198,7247,5830206,491,13,36855242,52,54120609
5670,11,7,2020,8,14,6,2,5,3,0,1,0,0,0,0,1,0,796008,4446,5824726,12,13,36087901,52,49218297
5671,11,1,2020,7,12,3,3,0,1,0,0,0,0,1,0,0,0,796577,6725,5826628,967,13,37093315,52,50893118
5672,11,2,2020,6,13,1,3,5,3,0,0,1,0,0,0,0,0,797854,8473,5825504,56,13,38868987,52,49815189
5673,11,12,2020,3,9,4,3,5,3,0,0,1,0,0,0,0,0,792179,9501,5838088,151,13,31641112,52,61403178
5674,11,7,2020,9,15,6,3,2,6,0,0,1,0,0,0,0,0,796232,1702,5822707,166,13,36237055,52,47396342
5675,11,7,2020,12,14,2,3,1,5,0,1,1,0,0,0,0,1,798098,4818,5819227,93,13,38666043,52,44176064
5676,11,7,2020,6,15,4,3,6,4,0,0,1,1,0,0,0,0,795225,438,5823516,568,13,34830826,52,48176423
5678,11,11,2020,3,8,4,2,1,7,0,1,0,0,1,0,0,0,804863,6127,5827469,36,13,49341751,52,51189322
5679,11,3,2020,11,13,5,2,6,4,0,0,1,1,0,0,0,0,801365,7419,5831048,66,13,44527566,52,54591616
5680,11,4,2020,9,16,7,2,2,6,0,0,1,0,0,0,0,0,790681,88,5828870,115,13,28625408,52,53219715
5681,11,2,2020,7,15,5,3,5,2,0,1,1,0,0,0,0,0,797897,2104,5825437,794,13,38925281,52,49753481
5682,11,4,2020,3,7,4,3,2,6,0,0,1,0,1,0,0,0,790499,7977,5826372,289,13,28140857,52,50990066
5683,11,10,2020,10,20,1,3,5,2,2,0,1,0,0,0,0,0,809503,564,5827391,216,13,56149271,52,50858338
5684,11,3,2020,8,10,2,2,3,6,0,0,0,0,1,1,0,0,800242,9227,5831997,698,13,42962614,52,55504787
5685,11,7,2020,7,14,7,3,5,7,0,1,1,0,0,0,0,0,799928,253,5813387,299,13,40826629,52,38840667
5686,11,2,2020,6,17,3,3,0,7,0,1,0,0,0,0,0,0,802563,675,5827704,648,13,45983579,52,5152859
5687,11,10,2020,10,18,7,3,0,1,2,1,0,0,0,0,0,1,808460,362,5832335,209,13,55076535,52,55348101
5688,11,12,2020,3,17,3,2,5,2,1,1,0,0,0,0,1,0,795751,2956,5832692,924,13,36418913,52,5637376
5689,11,7,2020,9,14,3,3,2,6,0,0,1,0,1,0,0,0,795824,5785,5824223,563,13,35773261,52,48777763
5690,11,4,2020,11,17,6,3,2,6,2,0,1,0,0,0,0,1,790555,6432,5827380,273,13,28310931,52,51890753
5691,11,11,2020,6,13,5,3,5,2,0,1,1,0,0,0,0,0,803725,4507,5834401,123,13,48303578,52,57465789
5692,11,9,2020,3,15,3,2,0,2,0,0,1,0,0,0,1,1,803109,8816,5824553,349,13,46500113,52,48673762
5693,11,7,2020,8,14,2,3,2,6,0,0,1,0,0,0,1,0,797775,658,5823858,7,13,38605581,52,48344017
5694,11,2,2020,7,9,4,3,6,7,0,1,0,1,0,0,0,0,801848,3807,5828541,84,13,45009468,52,5231789
5695,11,7,2020,6,19,3,3,1,5,0,1,1,0,0,0,0,0,795575,2156,5823901,77,13,35378484,52,48502186
5696,11,7,2020,3,5,2,3,6,2,2,0,1,1,0,0,0,1,798141,1925,5819049,892,13,38712811,52,44014144
5697,11,5,2020,10,14,3,3,5,2,0,1,1,0,0,0,0,0,780168,1478,5822271,364,13,126128,52,4785331
5698,11,4,2020,12,15,3,3,2,6,0,0,1,0,0,1,0,1,791093,1573,5824642,745,13,28861501,52,49407901
5699,11,9,2020,8,18,4,3,2,6,0,1,0,0,0,0,0,0,806418,3763,5821331,871,13,51061525,52,45601892
5700,11,10,2020,7,8,1,3,5,3,0,1,0,0,0,0,1,0,808294,865,5832002,821,13,54802349,52,55059592
5701,11,2,2020,5,9,4,3,5,2,0,1,1,0,0,0,0,0,797296,3242,5825591,955,13,38056502,52,49924435
5702,11,7,2020,10,7,2,3,2,6,0,0,1,0,0,1,0,1,797715,1908,5818799,53,13,38065599,52,438125
5704,11,11,2020,3,7,2,2,8,1,0,0,0,0,1,0,0,0,803769,7679,5827581,66,13,4774516,52,51351287
5705,11,4,2020,9,17,5,3,2,6,0,0,1,0,0,0,0,0,793298,5259,5826821,984,13,32292579,52,51243441
5706,11,12,2020,11,14,3,2,6,7,0,0,1,1,0,0,0,1,795828,37,5832343,686,13,36500662,52,56056534
5707,11,6,2020,5,11,4,3,2,6,0,0,1,0,0,0,0,0,785372,3744,5815683,769,13,1969231,52,41677333
5708,11,6,2020,8,13,3,3,0,1,0,0,0,0,1,0,0,0,782315,5552,5815732,585,13,152137,52,41879643
5709,11,3,2020,6,17,5,3,1,1,0,1,0,0,1,0,0,1,799200,7913,5831522,163,13,41387221,52,55135896
5710,11,11,2020,5,12,3,3,3,6,0,0,1,0,1,0,0,0,803951,8053,5827562,48,13,48010834,52,51323956
5711,11,3,2020,3,7,2,2,2,6,0,0,1,0,0,1,1,1,803654,129,5839964,269,13,48708686,52,6245574
5712,11,3,2020,9,16,4,3,5,2,0,1,0,0,1,0,0,0,800292,438,5830051,913,13,42859505,52,53758003
5713,11,1,2020,12,1,7,2,0,1,2,1,0,0,0,0,0,0,795748,382,5827260,533,13,35930584,52,51504303
5714,11,5,2020,8,15,5,3,5,3,0,1,1,0,0,0,0,0,780179,425,5822276,637,13,12629243,52,47857479
5715,11,1,2020,6,2,1,3,0,1,2,0,0,0,0,0,1,0,799032,2418,5828232,44,13,4084332,52,52196054
5716,11,4,2020,10,17,2,3,5,3,1,0,1,0,0,1,0,0,790529,7775,5825563,587,13,28114331,52,50263462
5718,11,1,2020,3,13,2,3,2,6,0,0,1,0,0,0,0,0,799813,3778,5828646,296,13,42028521,52,52524472
5719,11,12,2020,11,8,5,3,5,2,0,0,1,0,0,0,1,0,794559,3241,5833811,359,13,34764848,52,57440967
5720,11,2,2020,9,15,3,3,0,7,0,1,0,0,0,0,0,0,800591,3581,5827894,55,13,43103829,52,51807383
5721,11,11,2020,3,0,1,2,1,6,2,0,1,0,0,1,0,1,807035,835,5827381,894,13,52523459,52,50989437
5722,11,11,2020,10,11,7,3,4,6,0,1,0,0,0,0,0,0,804511,36,5827505,72,13,48827115,52,51241312
5723,11,12,2020,8,13,5,3,5,3,0,1,1,0,0,0,0,0,793993,9107,5835207,35,13,34056736,52,58722942
5724,11,1,2020,7,13,5,3,5,5,0,1,1,0,0,0,0,1,796120,297,5825645,266,13,36333875,52,50036165
5725,11,2,2020,5,11,1,3,5,3,0,1,1,0,0,0,0,0,802147,69,5827740,299,13,45376553,52,5158357
5726,11,7,2020,6,18,6,3,2,6,0,0,1,0,0,0,0,0,797052,1422,5822378,877,13,37411511,52,47057532
5727,11,2,2020,2,5,7,3,5,3,2,0,1,0,0,0,0,1,797295,6315,5825592,58,13,38055494,52,49924565
5728,11,3,2020,9,16,5,3,2,6,0,0,1,0,1,0,0,0,801342,6154,5831028,304,13,44491772,52,54575182
5729,11,3,2020,12,5,4,3,0,1,2,1,0,0,0,0,0,1,800948,4934,5830495,653,13,43864069,52,54119544
5730,11,3,2020,6,15,3,3,5,2,0,1,1,0,0,0,0,0,799972,748,5830201,544,13,42403075,52,53909728
5732,11,1,2020,2,19,7,2,3,6,2,1,1,0,0,0,0,1,799176,9866,5828378,887,13,41069229,52,52319738
5733,11,3,2020,9,7,6,3,5,2,0,1,1,0,0,0,0,0,800984,7475,5830503,45,13,43918035,52,54124168
5734,11,7,2020,7,0,1,3,0,1,2,1,0,0,0,0,0,0,800130,1792,5813132,299,13,41099632,52,38601036
5735,11,1,2020,2,16,7,2,5,3,1,0,1,0,0,0,0,0,795879,35,5832057,388,13,36550149,52,55797126
5736,11,7,2020,10,15,6,3,6,7,0,1,0,1,0,0,0,0,798044,3087,5819505,579,13,38611343,52,444279
5737,11,12,2020,12,12,4,3,5,3,0,0,1,0,0,0,1,0,794565,602,5833812,13,13,34774154,52,57441318
5738,11,7,2020,8,10,1,3,3,6,0,0,1,0,0,0,0,0,800045,8616,5821466,457,13,41723589,52,46076081
5739,11,12,2020,7,16,5,3,5,3,0,1,1,0,0,0,0,1,792072,2872,5838552,292,13,31523537,52,61825045
5740,11,4,2020,5,13,1,3,0,3,0,1,1,0,0,0,0,1,790387,106,5826353,478,13,27973633,52,50979201
5741,11,4,2020,6,14,2,3,2,6,0,0,1,0,0,0,0,0,790740,5278,5824909,818,13,28366867,52,49666129
5742,11,3,2020,10,16,4,3,2,6,2,0,1,0,0,0,0,1,801349,708,5831004,158,13,44500009,52,54553147
5743,11,1,2020,2,16,7,3,4,6,0,1,0,0,0,0,1,0,800004,1806,5828075,227,13,4225741,52,52002106
5744,11,7,2020,9,13,2,3,5,3,0,0,1,0,0,1,0,0,795835,5498,5822644,859,13,35649294,52,47361985
5745,11,2,2020,11,11,3,3,0,7,0,1,0,0,0,0,0,0,797146,759,5825669,744,13,37842759,52,50002348
5746,11,3,2020,6,8,4,3,5,2,0,1,1,0,0,0,0,0,799196,982,5831452,869,13,41375375,52,55073994
5747,11,8,2020,8,22,7,3,3,6,2,0,1,0,0,1,0,0,802014,1618,5821854,887,13,44646995,52,46315817
5748,11,12,2020,6,8,2,3,0,3,0,1,1,0,0,0,0,0,792075,123,5838548,202,13,31527352,52,61821226
5749,11,3,2020,2,13,7,3,6,4,0,0,0,1,0,0,1,0,799615,7433,5830294,437,13,4188664,52,54012631
5750,11,4,2020,10,13,1,3,2,6,0,0,1,0,0,0,0,0,790511,7125,5828545,369,13,28348149,52,52937606
5751,11,10,2020,12,14,6,3,5,2,0,0,1,0,0,0,1,0,812575,424,5827181,471,13,60641287,52,50495252
5752,11,7,2020,8,18,3,2,1,5,0,1,1,0,0,0,0,0,795930,4446,5824446,28,13,35948497,52,48971673
5753,11,12,2020,7,16,5,3,5,2,0,1,1,0,0,0,0,0,795709,843,5832847,181,13,36371686,52,56514288
5754,11,2,2020,10,11,6,3,5,3,0,1,1,0,0,0,0,0,797876,9817,5825498,34,13,38900958,52,49808583
5756,11,12,2020,2,15,6,3,5,2,0,1,1,0,0,0,0,0,795766,386,5832696,757,13,36440942,52,56376395
5757,11,12,2020,9,14,4,3,2,6,0,0,1,0,0,0,0,0,788466,3946,5837200,631,13,26094258,52,60805893
5758,11,7,2020,11,6,2,3,0,6,2,0,1,0,1,0,0,1,797577,905,5818422,546,13,37829523,52,43482513
5759,11,3,2020,10,11,6,3,2,6,0,0,1,0,0,0,0,1,798550,5757,5833156,984,13,40578156,52,56636948
5760,11,4,2020,2,13,6,3,5,2,0,0,1,0,0,0,0,0,790532,2148,5826377,75,13,28188965,52,50993235
5761,11,4,2020,9,18,3,3,5,2,0,0,1,0,0,0,0,0,790731,1079,5826410,569,13,28484072,52,51012061
5762,11,1,2020,11,17,5,3,5,3,2,0,1,0,0,0,1,1,795861,8559,5832068,44,13,36525867,52,55807966
5763,11,1,2020,6,15,4,3,5,2,0,1,0,0,0,0,1,0,799557,908,5828277,886,13,41619904,52,52208292
5764,11,4,2020,8,21,1,3,8,1,2,0,1,0,0,0,0,1,791505,94,5829136,929,13,298615,52,53414853
5765,11,12,2020,6,16,3,3,5,3,0,0,1,0,1,0,0,0,794455,1506,5834360,213,13,34660319,52,57938607
5766,11,4,2020,2,12,6,3,3,6,0,0,1,0,0,1,0,0,790468,8517,5828469,63,13,28278527,52,5287199
5767,11,5,2020,10,16,2,3,2,6,0,0,1,0,0,0,1,1,785929,7361,5826070,82,13,21399455,52,50960585
5768,11,10,2020,12,13,7,2,0,1,0,0,0,0,1,0,0,1,808676,5492,5832816,74,13,55439159,52,55767388
5769,11,4,2020,8,19,3,3,0,4,0,0,1,1,0,0,0,0,790635,5078,5825027,453,13,28222869,52,49777183
5770,11,7,2020,7,6,6,3,5,2,0,0,0,0,1,0,1,0,797840,419,5818948,551,13,38262047,52,43939712
5771,11,4,2020,5,14,3,3,5,2,0,1,0,0,0,0,1,0,791751,2225,5826597,445,13,29999322,52,51125128
5772,11,2,2020,10,15,7,2,2,6,0,1,1,0,0,0,0,0,802118,3661,5827419,871,13,45304379,52,51297994
5774,11,4,2020,2,9,6,2,6,7,0,0,1,1,0,0,0,0,790825,1256,5826425,505,13,28623521,52,51020439
5775,11,7,2020,9,10,4,3,1,5,0,1,1,0,0,0,0,0,795835,487,5824210,502,13,3578812,52,48765464
5776,11,4,2020,11,14,2,3,1,5,0,1,1,0,0,0,0,0,787198,5409,5825844,921,13,23244444,52,5069206
5777,11,4,2020,5,16,4,3,2,6,0,0,1,0,0,0,0,0,790680,136,5826115,5,13,28383365,52,50749802
5778,11,4,2020,8,7,3,3,5,2,0,1,0,0,0,0,1,0,792275,7456,5826685,437,13,30777749,52,51175932
5779,11,7,2020,6,15,4,3,2,6,0,0,1,0,0,0,0,0,796446,2113,5822593,33,13,36541146,52,47282686
5780,11,4,2020,5,8,3,3,5,2,0,0,1,1,0,0,0,0,791840,4714,5826612,481,13,30131778,52,51133833
5781,11,3,2020,2,8,6,3,5,3,0,1,1,0,0,0,0,0,798153,948,5836016,99,13,40251882,52,59221462
5782,11,10,2020,9,13,4,3,0,1,0,1,0,0,0,0,0,0,812425,65,5827173,531,13,60420211,52,50496729
5783,11,7,2020,12,18,6,3,6,7,2,0,1,1,0,0,0,0,799074,9554,5816695,334,13,39871878,52,41852586
5784,11,11,2020,8,9,4,2,5,2,0,1,1,0,0,0,0,0,804235,844,5827518,748,13,48422987,52,51268968
5785,11,4,2020,6,8,6,3,3,6,0,0,1,0,0,1,0,0,790533,9186,5825820,824,13,28142861,52,50493857
5786,11,1,2020,10,14,7,3,5,7,0,0,1,0,0,0,0,0,796213,496,5829944,713,13,36852964,52,53885173
5788,11,7,2020,2,11,5,3,2,6,0,0,1,0,0,1,0,1,797817,4205,5822632,151,13,38557419,52,47242898
5789,11,1,2020,11,16,4,2,1,5,2,1,1,0,0,0,0,0,799636,3278,5828412,173,13,41747238,52,5232435
5790,11,1,2020,9,16,3,3,5,3,0,0,1,0,1,0,0,0,796405,6911,5826273,91,13,36808964,52,50583456
5791,11,11,2020,8,15,2,3,5,2,0,1,0,0,0,0,1,0,803685,497,5835335,153,13,48330367,52,58305147
5792,11,1,2020,2,17,4,3,4,6,0,1,0,0,0,0,1,0,796362,4347,5826164,231,13,36735728,52,50488224
5793,11,4,2020,10,10,6,3,0,6,0,0,0,0,0,0,1,0,791181,16,5829468,456,13,29413083,52,53729424
5794,11,2,2020,8,15,4,2,2,2,0,1,0,0,0,0,0,0,802996,8352,5827660,373,13,46616819,52,51464826
5795,11,7,2020,7,12,4,3,2,6,0,0,1,0,0,0,0,1,795898,848,5822672,702,13,35743564,52,47383557
5796,11,1,2020,6,9,6,3,5,3,0,1,1,0,0,0,0,0,799781,125,5828660,425,13,41982397,52,5253891
5797,11,3,2020,11,13,5,3,2,7,0,0,1,0,0,0,1,0,799141,102,5830416,296,13,41199847,52,54147936
5798,11,1,2020,2,18,4,3,6,2,2,0,1,1,0,0,0,1,796213,3788,5830201,449,13,36876337,52,54115293
5799,11,4,2020,9,22,5,3,6,4,2,1,0,1,0,0,0,0,790971,5804,5826449,339,13,28840795,52,51033996
5800,11,12,2020,12,10,3,3,2,6,0,0,1,0,0,0,1,0,794558,8726,5833834,861,13,34766272,52,57462059
5801,11,6,2020,6,17,2,3,8,1,0,1,0,0,0,0,0,0,782539,69,5815784,582,13,15545884,52,41914731
5803,11,1,2020,2,15,4,3,0,2,0,1,0,0,0,0,1,0,796316,7184,5830075,734,13,37017055,52,53996984
5804,11,5,2020,9,17,5,3,5,3,0,0,1,0,0,0,0,0,785301,195,5826237,338,13,20490171,52,51143456
5805,11,12,2020,7,16,6,3,5,3,0,1,1,0,0,0,0,0,792228,7783,5838308,859,13,31732523,52,61598406
5806,11,9,2020,2,14,4,2,5,3,0,1,1,0,0,0,0,0,805152,8011,5822563,919,13,49317407,52,46776929
5807,11,3,2020,10,13,5,3,3,6,0,1,0,0,0,0,1,0,800780,6479,5829810,508,13,43555306,52,53514704
5808,11,6,2020,12,14,3,3,0,5,0,1,1,0,0,0,0,0,783126,1752,5815920,142,13,16418371,52,4200594
5809,11,1,2020,5,18,4,3,5,3,0,1,1,0,0,0,0,0,796682,9175,5826209,937,13,37210589,52,50511777
5810,11,3,2020,8,15,7,3,5,3,0,0,1,0,0,0,1,0,800014,1872,5828986,525,13,42354322,52,52818385
5811,11,11,2020,7,14,4,3,3,1,0,0,1,0,0,1,0,0,805513,23,5827401,32,13,50289804,52,51092289
5812,11,4,2020,5,23,1,2,0,1,2,1,0,0,0,0,0,0,791928,9798,5824014,492,13,30034095,52,4880004
5813,11,11,2020,10,8,4,3,8,1,0,0,0,0,1,0,0,1,807233,59,5827431,918,13,52818794,52,51023126
5814,11,2,2020,2,21,4,3,9,1,2,0,1,0,0,0,0,1,797755,2445,5824470,756,13,38630348,52,4889439
5815,11,12,2020,9,13,1,3,8,1,0,0,1,0,0,0,0,0,791653,322,5830951,275,13,3023703,52,55033506
5816,11,3,2020,11,7,2,3,6,4,0,0,1,1,0,0,0,0,799245,5134,5831883,958,13,41485593,52,55457731
5817,11,1,2020,5,17,4,2,5,3,0,1,1,0,0,0,0,0,798646,1727,5827021,723,13,40167351,52,51132327
5818,11,7,2020,8,20,6,3,6,7,1,0,1,1,0,0,0,0,797853,239,5821967,741,13,38550366,52,46645387
5819,11,9,2020,6,18,7,3,5,3,1,1,1,0,0,0,0,1,803379,8583,5824289,227,13,46872454,52,48422039
5820,11,7,2020,2,20,4,3,5,3,2,0,1,0,0,0,0,0,797778,2711,5823485,424,13,3857614,52,48009897
5821,11,2,2020,10,22,7,3,4,6,2,1,0,0,0,0,1,0,801639,1862,5827783,716,13,44633391,52,51650632
5822,11,12,2020,12,6,5,3,2,6,2,0,1,0,0,0,0,0,791724,2904,5833234,5,13,30542501,52,57076092
5823,11,2,2020,8,10,2,3,5,2,0,1,0,0,0,0,1,0,797899,648,5825429,151,13,38927231,52,49745632
5824,11,1,2020,7,8,5,3,0,6,0,0,0,0,1,0,1,1,796139,9204,5829179,77,13,3667723,52,53202831
5825,11,1,2020,2,19,4,3,2,6,2,0,1,0,0,0,0,1,796690,8341,5826201,909,13,37221503,52,5050415
5826,11,6,2020,10,0,5,3,2,6,2,0,1,0,0,0,1,0,793138,1879,5820207,459,13,31475351,52,4532235
5828,11,10,2020,2,18,4,3,5,2,2,1,1,0,0,0,0,1,808945,3427,5827441,82,13,55334756,52,50934638
5829,11,10,2020,9,12,3,2,5,3,0,0,1,0,0,1,0,0,808903,356,5833412,582,13,55828112,52,562885
5830,11,3,2020,11,13,1,3,2,6,0,1,1,0,0,0,0,0,799868,9054,5830247,62,13,42254531,52,53956242
5831,11,7,2020,9,0,6,3,3,2,2,0,1,0,0,0,0,0,797773,184,5818919,567,13,38161398,52,43917372
5832,11,7,2020,5,17,4,3,2,6,0,0,1,0,0,0,0,0,796555,52,5822539,267,13,36696111,52,47228315
5833,11,3,2020,8,1,7,3,2,6,2,1,1,0,0,0,0,0,801322,5889,5829320,695,13,44307485,52,53045746
5834,11,1,2020,6,16,3,3,5,2,0,1,1,0,0,0,0,0,796320,9005,5830071,95,13,37022866,52,53993364
5835,11,1,2020,2,22,3,3,2,6,2,0,1,0,0,0,0,0,797908,6525,5827613,147,13,39136759,52,51702793
5836,11,12,2020,9,20,2,3,5,2,2,0,1,0,0,0,1,0,795339,492,5833743,79,13,35906727,52,57338117
5837,11,4,2020,12,9,3,3,2,6,0,0,1,0,0,0,1,0,792230,1654,5823674,5,13,30446595,52,4847913
5838,11,2,2020,6,12,4,3,5,3,0,1,1,1,0,0,0,0,801654,281,5828872,732,13,44753959,52,52625903
5840,11,9,2020,2,21,3,3,2,6,2,0,1,0,0,0,0,0,802661,833,5824995,697,13,45881354,52,49095135
5841,11,2,2020,11,18,2,2,5,2,2,1,1,0,0,0,0,0,802146,6,5827748,796,13,4537493,52,51591276
5842,11,6,2020,9,17,1,3,1,5,0,1,1,0,0,0,0,0,783410,167,5816003,735,13,16841724,52,42066201
5843,11,7,2020,7,11,6,3,2,6,0,0,1,0,0,0,0,0,797869,6102,5820511,727,13,38444789,52,45339325
5844,11,2,2020,2,11,3,2,6,7,0,0,1,1,0,0,0,1,797903,7552,5825113,91,13,38905855,52,49462065
5845,11,12,2020,10,14,4,3,5,3,0,0,1,0,0,0,0,1,793293,9872,5836637,325,13,33153206,52,60042605
5846,11,7,2020,8,14,3,2,1,5,0,1,1,0,0,0,0,0,797863,6466,5821803,909,13,38551333,52,4649795
5847,11,4,2020,7,15,2,3,2,6,0,0,1,0,0,0,0,0,790481,4354,5828460,96,13,28296267,52,52863546
5848,11,2,2020,5,23,7,3,5,3,2,1,1,0,0,0,0,0,801933,6122,5827769,975,13,45064723,52,51622024
5849,11,6,2020,6,19,4,3,5,3,0,1,0,0,0,0,0,0,789577,61,5817961,573,13,26055659,52,43498619
5850,11,4,2020,11,20,2,2,3,6,2,0,1,0,1,0,0,0,790466,389,5828462,65,13,28274297,52,52865863
5851,11,3,2020,2,18,3,3,6,4,2,1,0,1,0,0,0,0,800572,3221,5829917,9,13,43258724,52,53621656
5852,11,6,2020,9,13,4,3,1,5,0,1,1,0,0,0,0,0,791916,3333,5819376,893,13,29609794,52,44643139
5853,11,7,2020,11,12,7,3,3,6,0,0,1,0,0,0,0,0,797830,9599,5822333,226,13,38550606,52,46974207
5854,11,3,2020,5,16,4,3,3,6,0,1,0,0,0,0,0,0,800153,6158,5829169,76,13,42575716,52,52974337
5855,11,10,2020,8,16,2,3,0,2,0,1,1,0,0,0,0,0,808924,1716,5827407,719,13,55300565,52,50905938
5856,11,7,2020,6,11,4,3,3,6,0,0,1,0,1,0,0,0,799195,5488,5816465,577,13,40028135,52,41640045
5857,11,9,2020,2,17,3,3,5,2,1,1,1,0,0,0,0,1,806103,7585,5821629,73,13,50627257,52,45886474
5858,11,3,2020,9,8,3,3,2,6,0,0,1,0,0,0,1,0,800072,4366,5832754,369,13,42780316,52,56192406
5859,11,4,2020,12,17,4,3,5,2,1,0,1,0,0,0,0,1,793298,1982,5826820,752,13,32291989,52,51242355
5860,11,7,2020,8,16,3,3,0,1,0,0,1,0,1,0,0,0,796797,4006,5822401,79,13,37039626,52,47091918
5861,11,3,2020,6,16,5,3,6,7,0,1,0,1,0,0,0,0,801183,4584,5830869,287,13,44243358,52,54441454
5862,11,7,2020,10,17,7,3,2,6,0,0,1,0,0,0,0,0,798181,752,5818924,81,13,38761144,52,4389981
5864,11,10,2020,2,5,2,2,6,6,1,0,1,1,0,0,0,1,807669,4635,5829957,151,13,53693454,52,53261638
5865,11,3,2020,11,10,3,2,0,2,0,0,0,0,0,1,1,0,801347,6459,5831002,413,13,44496819,52,54551697
5866,11,3,2020,9,14,2,3,3,6,0,1,1,0,0,0,0,0,801549,9786,5831173,576,13,44809828,52,54693916
5867,11,2,2020,8,1,1,3,2,6,2,0,1,0,1,0,0,0,797760,152,5824110,59,13,38605377,52,48571275
5868,11,7,2020,2,7,2,3,5,2,0,0,0,0,1,0,1,0,797838,327,5818947,963,13,38259479,52,43939278
5869,11,3,2020,10,15,5,3,2,6,0,0,1,0,0,1,0,1,800657,1246,5829977,86,13,43388882,52,53671521
5870,11,3,2020,8,14,3,3,2,6,0,1,0,0,0,0,1,0,799490,6339,5830296,202,13,41702878,52,5402109
5871,11,3,2020,7,13,3,3,1,5,0,1,1,0,0,0,0,0,801626,9249,5828957,3,13,44721773,52,52702935
5872,11,7,2020,6,18,5,3,1,1,0,0,1,0,0,0,0,1,797937,4307,5820116,662,13,38509056,52,44981495
5873,11,7,2020,11,6,4,3,6,4,2,0,1,1,0,0,0,0,796869,1494,5816382,674,13,36610162,52,41692405
5874,11,2,2020,2,20,2,3,5,3,1,1,1,0,0,0,0,1,802584,8438,5827702,294,13,46015358,52,51525271
5875,11,2,2020,9,11,5,3,5,2,0,1,1,0,0,0,0,0,797850,612,5825505,469,13,38862893,52,49816686
5876,11,12,2020,11,8,2,3,3,6,0,0,1,0,0,1,0,0,791643,4671,5833574,434,13,30453523,52,57385609
5877,11,6,2020,6,9,1,2,4,6,0,1,0,0,0,0,0,0,785570,6561,5816300,955,13,20035745,52,4222037
5878,11,6,2020,2,19,2,3,2,6,2,0,1,0,0,0,0,1,784945,4833,5817253,936,13,19200066,52,43107425
5879,11,3,2020,9,15,4,3,1,5,0,1,1,0,0,0,0,1,799164,6309,5830694,843,13,41259523,52,54396318
5880,11,2,2020,7,21,5,3,1,5,1,0,1,0,1,0,0,0,803281,1339,5827631,546,13,47031863,52,5142319
5881,11,4,2020,2,15,2,3,3,6,0,0,1,0,0,1,0,0,790887,4181,5824694,754,13,28563852,52,49465496
5882,11,5,2020,10,10,4,3,0,7,0,0,1,0,0,0,1,0,781746,285,5824440,37,13,1511337,52,49716995
5883,11,11,2020,12,17,6,3,6,4,2,1,0,1,0,0,0,1,803738,829,5827584,971,13,47700011,52,51355977
5884,11,12,2020,8,11,5,3,2,6,0,0,1,0,0,0,0,0,792722,246,5837431,684,13,32381694,52,60785512
5885,11,10,2020,7,18,3,2,2,6,0,0,1,0,0,0,0,0,811692,3051,5827137,18,13,59340801,52,50506058
5886,11,7,2020,5,13,7,3,8,1,0,0,1,0,0,0,0,0,795684,4417,5822631,171,13,35426256,52,47357897
5887,11,4,2020,10,17,3,3,3,6,2,0,1,0,0,0,1,0,790509,9654,5825605,642,13,28088894,52,50302219
5888,11,2,2020,2,16,1,3,2,6,2,0,1,0,0,0,0,1,797854,1512,5825450,778,13,388632,52,49767469
5889,11,1,2020,9,20,1,3,2,6,1,0,1,0,0,0,0,0,798796,7611,5827189,428,13,40403644,52,51274405
5890,11,9,2020,11,15,2,3,2,6,0,0,1,0,0,0,0,0,806045,9329,5821707,93,13,50549508,52,45959049
5891,11,4,2020,5,15,4,2,1,1,0,1,0,0,0,1,0,0,786767,3872,5825846,509,13,22611069,52,50716165
5892,11,1,2020,8,16,5,3,2,6,0,0,1,0,0,0,0,0,794906,532,5827116,807,13,34680652,52,51421055
5893,11,10,2020,6,10,6,3,2,6,0,0,1,0,0,1,0,0,809897,3554,5827216,94,13,56712165,52,50679776
5894,11,1,2020,2,17,1,3,5,3,2,0,1,0,0,0,0,1,799119,1189,5827657,48,13,40919283,52,5167589
5895,11,7,2020,10,16,6,3,5,3,0,1,1,0,0,0,0,0,798959,7037,5817033,558,13,3973313,52,4216206
5896,11,1,2020,12,0,3,3,2,6,2,0,1,0,0,0,0,0,796313,9511,5830050,474,13,37010734,52,53974491
5897,11,12,2020,8,0,1,3,6,7,2,1,0,1,0,0,0,0,795546,5426,5833267,795,13,36168942,52,56900195
5898,11,1,2020,6,22,3,3,5,3,2,0,1,0,0,0,0,0,799119,1777,5827657,139,13,40919377,52,51675969
5899,11,3,2020,2,20,7,3,3,6,2,0,1,0,0,0,0,0,801001,1841,5830529,684,13,43944611,52,54147136
5900,11,7,2020,10,14,5,3,1,5,0,1,1,0,0,0,0,0,796025,1469,5825235,798,13,36157719,52,49674274
5902,11,3,2020,2,19,7,3,6,4,2,0,0,1,0,0,1,1,801826,645,5831385,439,13,45234995,52,5486852