OBJECTID,LAND,BEZ,UJAHR,UMONAT,USTUNDE,UWOCHENTAG,UKATEGORIE,UART,UTYP1,ULICHTVERH,IstRad,IstPKW,IstFuss,IstKrad,IstGkfz,IstSonstige,USTRZUSTAND,LINREFX,LINREFY,XGCSWGS84,YGCSWGS84,,,,
5903,11,4,2020,9,17,2,3,5,2,0,0,1,0,1,0,0,0,793301,6403,5826821,66,13,32297127,52,51242983
5904,11,1,2020,11,23,7,2,6,7,2,0,1,1,0,0,0,0,795973,605,5829421,321,13,36454332,52,53429013
5905,11,4,2020,9,12,6,2,2,6,0,0,0,0,0,1,1,0,790533,1696,5827369,192,13,28276935,52,51882016
5906,11,12,2020,2,19,7,3,6,2,2,0,1,1,0,0,0,1,795752,4036,5832686,916,13,36420008,52,56368314
5907,11,1,2020,5,13,3,3,3,6,0,0,1,0,0,0,0,0,796180,5359,5831027,83,13,36901738,52,54857845
5908,11,4,2020,8,10,7,3,2,6,0,0,1,0,0,0,0,1,790498,7092,5826372,108,13,28139242,52,50989961
5909,11,4,2020,7,19,3,3,2,6,0,0,1,0,0,0,0,0,790685,8072,5828877,47,13,28633068,52,53225673
5910,11,3,2020,6,15,2,3,2,6,0,1,0,0,0,0,0,0,802791,8977,5832852,201,13,46788816,52,56129549
5911,11,12,2020,2,20,6,2,1,5,2,0,1,0,0,0,0,0,794740,4431,5833779,613,13,35028517,52,57402703
5912,11,12,2020,9,10,7,3,8,1,0,0,1,0,0,0,0,1,787751,5425,5838272,58,13,25134755,52,61804814
5913,11,2,2020,12,2,2,3,3,6,2,1,0,0,0,0,0,0,797758,9812,5825536,25,13,38731043,52,49849077
5914,11,2,2020,6,11,4,3,2,6,0,1,0,0,0,0,0,0,802449,2352,5827716,958,13,45817459,52,51545936
5916,11,1,2020,2,18,6,3,5,5,0,0,1,0,0,0,0,0,798700,4517,5827911,345,13,40326956,52,51926778
5917,11,1,2020,11,13,6,3,0,7,0,0,0,0,1,0,0,1,796315,137,5830077,165,13,37014858,52,53998353
5918,11,4,2020,9,18,7,3,5,2,0,0,1,0,1,0,0,0,793299,5852,5826825,966,13,32294487,52,51246954
5919,11,2,2020,7,12,6,2,3,6,0,1,0,0,0,0,0,0,802034,4726,5828096,355,13,45242538,52,51908975
5920,11,12,2020,2,13,6,3,2,6,0,0,1,0,0,0,0,0,790527,6,5835238,853,13,28957478,52,58937421
5921,11,9,2020,10,22,2,3,3,6,2,0,1,0,1,0,0,0,802602,4304,5825052,124,13,45800355,52,49148962
5922,11,5,2020,8,15,2,3,2,6,0,0,1,0,0,0,0,0,783295,694,5826442,667,13,1756041,52,51432092
5923,11,2,2020,7,21,1,3,5,2,0,1,1,0,0,0,0,0,801681,43,5828880,887,13,44794967,52,52631697
5924,11,2,2020,6,13,4,3,3,6,0,1,1,0,0,0,0,0,803085,262,5827634,511,13,46744374,52,51436734
5925,11,1,2020,11,13,1,3,5,3,0,0,1,0,0,0,0,1,795861,8959,5832068,217,13,36525906,52,55807764
5926,11,12,2020,2,10,6,3,5,3,0,0,1,0,0,1,0,1,795695,3591,5832850,422,13,36350669,52,5651798
5927,11,3,2020,9,17,3,3,2,7,0,1,0,0,1,0,0,0,797166,885,5838894,688,13,39057506,52,61855745
5928,11,3,2020,11,20,7,3,2,6,2,0,1,0,0,0,1,0,799090,4461,5832360,832,13,41300525,52,55893691
5929,11,4,2020,6,15,5,3,4,6,0,0,1,0,0,0,1,0,789016,667,5826138,264,13,25941266,52,50859037
5930,11,7,2020,2,12,6,3,0,6,0,1,1,0,0,0,0,0,798837,3288,5817269,976,13,39574825,52,42380666
5931,11,1,2020,8,18,2,3,2,6,0,0,1,0,0,0,0,0,798181,3363,5826924,266,13,394757,52,51070399
5932,11,4,2020,7,14,4,3,3,6,0,1,0,0,1,0,0,0,791549,2244,5826541,988,13,29697658,52,51086212
5933,11,2,2020,2,6,6,3,5,3,2,1,1,0,0,0,0,1,801829,6762,5826229,845,13,44772363,52,50247348
5934,11,4,2020,10,9,3,3,3,6,0,0,1,0,0,0,0,0,791297,1082,5826501,699,13,29323686,52,51063562
5935,11,4,2020,12,12,3,3,5,7,0,0,1,0,0,0,0,0,792258,991,5826682,982,13,30752915,52,51174628
5936,11,5,2020,8,16,4,3,5,2,0,1,1,0,0,0,0,0,780171,3534,5822272,634,13,12617614,52,47854284
5937,11,2,2020,7,9,2,3,5,2,0,1,1,0,0,0,0,0,803483,9341,5827594,541,13,47326423,52,51378742
5938,11,7,2020,5,7,5,3,0,5,0,0,0,0,1,0,1,0,797835,1883,5822247,233,13,38549136,52,46896893
5939,11,7,2020,10,8,2,3,2,6,0,0,1,0,0,0,1,1,797826,562,5822437,133,13,38552685,52,47067615
5941,11,1,2020,2,23,5,3,5,2,2,0,1,0,0,0,0,1,799118,5335,5827656,139,13,40918341,52,51675108
5942,11,3,2020,9,2,5,3,2,6,2,1,1,0,0,0,0,0,801391,4923,5829229,51,13,44400486,52,52960206
5943,11,1,2020,11,16,4,2,6,7,0,0,0,1,0,0,1,0,796163,637,5831089,953,13,3688243,52,54914451
5944,11,2,2020,5,21,3,3,0,1,1,1,0,0,0,0,0,0,797789,9112,5825525,711,13,38775549,52,49838143
5945,11,10,2020,8,14,3,3,5,2,0,1,1,0,0,0,0,0,811523,2763,5827129,606,13,59091864,52,50508923
5946,11,1,2020,6,17,5,3,0,2,0,1,1,0,0,0,0,0,795870,3788,5829571,33,13,36315918,52,5356882
5947,11,7,2020,6,15,6,3,2,6,0,0,1,0,0,0,0,0,797990,5187,5819810,735,13,38559653,52,44704371
5948,11,12,2020,2,0,5,3,3,6,2,0,1,0,0,0,0,1,792160,8967,5837901,551,13,31596572,52,61236925
5949,11,4,2020,9,15,3,2,2,6,0,0,1,0,0,0,1,0,790164,7848,5825345,28,13,27559073,52,50086943
5950,11,6,2020,7,13,5,3,1,7,0,0,1,0,0,0,0,0,779169,5786,5814994,663,13,10538185,52,41379324
5951,11,2,2020,2,21,5,3,2,6,2,0,1,0,0,0,0,0,801629,2842,5828911,472,13,4472111,52,52661995
5952,11,4,2020,10,16,4,2,3,6,0,0,1,0,1,0,0,1,786884,46,5825817,378,13,2277991,52,50683915
5953,11,1,2020,12,16,4,3,5,3,2,0,1,0,0,0,0,1,799107,7404,5827694,722,13,40905951,52,51710283
5954,11,6,2020,8,13,5,3,5,3,0,1,1,0,0,0,0,0,785696,313,5816404,226,13,20228849,52,42306405
5955,11,10,2020,7,17,2,3,2,6,0,0,1,0,0,0,0,0,813235,7406,5827203,662,13,61613615,52,5047725
5956,11,7,2020,5,16,6,3,3,2,0,0,1,0,0,1,0,0,797831,6904,5822312,263,13,38549807,52,46955376
5957,11,3,2020,10,20,2,2,8,1,2,0,1,0,0,1,0,1,803109,9766,5840249,414,13,47933584,52,62741682
5958,11,1,2020,2,18,5,2,6,4,1,1,0,1,0,0,0,1,796175,3047,5825767,18,13,36425501,52,50142319
5959,11,7,2020,9,0,7,3,1,5,2,0,1,0,0,0,1,0,796015,204,5825183,857,13,3613823,52,49628263
5960,11,8,2020,11,18,5,3,2,6,2,0,1,0,0,1,0,1,802070,6003,5821844,774,13,447289,52,46303633
5961,11,7,2020,5,19,3,3,1,5,1,1,1,0,0,0,0,0,797915,4596,5820251,62,13,38488859,52,45103668
5962,11,1,2020,8,18,4,3,2,6,0,0,1,0,0,0,0,1,796224,2399,5830181,775,13,36890551,52,54097067
5963,11,3,2020,6,10,6,3,3,6,0,1,0,0,0,0,0,0,799249,8171,5830357,973,13,4135442,52,54089689
5964,11,12,2020,2,18,5,3,5,3,2,1,1,0,0,0,0,1,791832,3402,5839223,651,13,31229371,52,62439779
5965,11,2,2020,10,14,5,2,0,6,0,0,0,0,1,0,1,0,802399,677,5826011,14,13,45589692,52,50019765
5966,11,1,2020,12,14,3,3,6,4,0,1,0,1,0,0,0,0,799984,6554,5828112,114,13,42232046,52,52036244
5967,11,4,2020,8,14,7,3,5,2,0,0,1,0,1,0,0,0,791846,2593,5826613,456,13,30140368,52,51134398
5968,11,3,2020,6,19,2,3,5,2,0,1,1,0,0,0,0,0,798147,1552,5835956,484,13,40236519,52,59168399
5969,11,1,2020,2,19,4,3,5,5,2,0,1,0,0,0,0,1,796261,3623,5829996,364,13,36928595,52,53928847
5970,11,2,2020,10,4,4,2,5,2,2,0,1,0,0,0,0,1,802586,285,5827702,138,13,46017461,52,51525052
5972,11,10,2020,2,18,4,3,2,6,2,0,1,0,0,0,0,1,812807,8568,5827178,837,13,60982932,52,5047955
5973,11,10,2020,9,19,1,2,2,6,1,0,1,0,1,0,0,0,808980,9767,5827441,49,13,55387092,52,5093259
5974,11,9,2020,11,8,6,2,5,2,0,1,1,0,0,0,0,0,806599,8034,5821136,452,13,51309752,52,45416576
5975,11,4,2020,9,11,5,3,6,4,0,0,1,1,0,0,0,0,791567,6122,5826545,135,13,29724952,52,51088051
5976,11,1,2020,2,16,4,3,5,2,0,1,0,0,0,0,1,0,799315,2223,5827966,539,13,41235264,52,51942544
5977,11,1,2020,5,18,3,3,5,3,0,0,1,0,0,0,0,0,795879,62,5832057,243,13,36550176,52,55796995
5978,11,12,2020,8,15,6,1,5,2,0,1,0,0,0,1,0,0,794559,1815,5833820,741,13,34765472,52,57449384
5979,11,3,2020,7,6,2,3,8,1,0,0,0,0,0,1,0,0,800973,616,5840752,485,13,44832687,52,63311366
5980,11,7,2020,6,0,1,3,0,1,2,1,0,0,0,0,0,0,799610,398,5815473,27,13,40546943,52,40727677
5981,11,4,2020,2,16,4,3,2,6,0,0,1,0,0,0,0,0,790748,9759,5826314,926,13,28501971,52,50925364
5982,11,1,2020,9,9,6,3,5,2,0,0,1,0,0,0,0,1,796675,824,5826208,741,13,37198973,52,50511131
5983,11,1,2020,12,10,1,3,5,2,0,1,1,0,0,0,0,0,796418,9866,5826323,368,13,36832972,52,50627802
5984,11,7,2020,6,13,4,3,2,6,0,0,1,0,1,0,0,0,795954,2319,5822693,576,13,35827839,52,47399227
5986,11,4,2020,2,7,4,3,2,6,0,0,1,0,0,0,0,1,792283,3499,5826665,293,13,30787154,52,51157466
5987,11,3,2020,11,7,5,3,0,2,0,1,1,0,0,0,0,0,797164,8828,5838899,872,13,39055023,52,61860501
5988,11,6,2020,9,14,7,3,5,7,0,0,1,0,0,0,0,0,783659,868,5816033,842,13,17209557,52,42080292
5989,11,7,2020,7,17,4,3,2,6,0,0,1,0,1,0,0,0,795657,5336,5823216,435,13,3543864,52,47883999
5990,11,6,2020,2,12,4,3,2,6,0,0,1,0,0,0,1,1,790278,3845,5818358,515,13,27118073,52,43817344
5991,11,3,2020,10,0,7,3,5,3,2,1,1,0,0,0,0,1,799990,4408,5830222,278,13,42430956,52,53927339
5992,11,4,2020,8,10,2,3,2,6,0,0,1,0,0,0,0,0,789033,6875,5826140,696,13,25966486,52,50860316
5993,11,8,2020,7,20,6,3,2,6,1,0,1,0,0,0,0,0,802128,3831,5821880,885,13,44816963,52,46332805
5994,11,4,2020,5,22,7,3,2,6,2,0,1,0,0,0,0,0,793558,4463,5822991,317,13,32336922,52,47795429
5995,11,12,2020,6,11,3,3,3,6,0,0,1,0,0,0,0,0,793370,5403,5836382,989,13,33243377,52,59810479
5996,11,4,2020,10,13,7,3,0,6,0,0,1,0,1,0,0,1,793337,1598,5826864,269,13,32353073,52,5127927
5997,11,3,2020,2,9,4,3,6,7,0,0,1,1,0,0,0,1,798176,539,5836298,475,13,4030984,52,59473358
5998,11,3,2020,9,11,3,3,6,7,0,0,1,1,0,0,0,0,799188,5158,5831264,54,13,41345914,52,54905215
5999,11,4,2020,11,17,6,3,2,6,2,0,1,0,0,0,0,1,793626,3439,5822994,757,13,32436911,52,47794863
6000,11,1,2020,6,4,5,3,2,6,0,0,1,0,1,0,0,0,798627,6177,5827029,784,13,40140814,52,51140568
6001,11,2,2020,8,12,2,3,2,6,0,0,1,0,0,1,0,0,801633,4547,5828905,791,13,44726724,52,52656673
6002,11,7,2020,6,17,3,3,2,6,0,1,0,0,0,0,0,0,796064,5171,5825437,894,13,36233507,52,498533
6003,11,3,2020,2,19,3,2,6,7,2,1,0,1,0,0,0,0,800053,5192,5832772,314,13,42754115,52,56209533
6004,11,6,2020,10,17,2,3,5,2,0,1,1,0,0,0,0,0,792443,58,5819762,86,13,30417084,52,44960285
6005,11,12,2020,12,7,2,3,5,3,0,1,1,0,0,0,0,1,795440,9192,5833540,902,13,36037881,52,57150743
6006,11,3,2020,8,8,4,2,5,2,0,1,1,0,0,0,0,0,799149,8202,5832223,185,13,41375441,52,55767052
6007,11,2,2020,7,22,1,3,0,1,2,0,0,0,1,0,0,1,801972,337,5826177,49,13,44977149,52,50192528
6008,11,3,2020,5,19,3,3,2,6,0,0,1,0,0,0,0,0,799232,7664,5830360,863,13,41329614,52,54093216
6009,11,5,2020,10,20,1,2,9,1,2,0,0,0,1,0,0,0,782874,1933,5825835,995,13,16889364,52,50910006
6011,11,7,2020,2,14,3,3,2,6,0,0,1,0,0,0,0,1,795501,4879,5823360,626,13,35222318,52,48021701
6012,11,6,2020,9,15,5,3,3,6,0,0,0,0,1,0,0,0,793137,8129,5820207,237,13,31474781,52,45322171
6013,11,4,2020,11,13,3,3,2,6,0,0,1,0,0,0,0,0,789155,1731,5826158,542,13,26146539,52,50869877
6014,11,2,2020,5,17,3,3,5,3,0,1,1,0,0,0,0,0,800963,6086,5827852,948,13,43647061,52,51750008
6015,11,4,2020,8,18,3,3,3,6,0,0,1,0,1,0,0,0,792128,2374,5826660,841,13,30558849,52,51161784
6016,11,7,2020,6,11,5,2,2,3,0,0,1,0,0,0,1,1,795850,5156,5822653,121,13,35671996,52,4736858
6017,11,12,2020,5,11,2,3,5,3,0,1,1,0,0,0,0,0,795751,5544,5832691,521,13,36419169,52,56372488
6018,11,7,2020,2,8,3,3,5,2,0,0,1,0,0,0,0,1,795641,247,5823232,978,13,35416196,52,4789971
6019,11,6,2020,9,15,4,3,0,7,0,0,1,0,0,0,0,0,785368,1069,5815751,456,13,19691824,52,41738245
6020,11,3,2020,12,12,6,3,1,7,0,0,1,0,0,0,0,0,801014,5214,5830551,299,13,43966177,52,54165774
6021,11,12,2020,8,12,4,2,3,6,0,0,1,0,0,1,0,0,791707,6406,5833419,327,13,30534305,52,57243121
6022,11,12,2020,6,10,7,3,0,1,0,0,0,0,1,0,0,0,795547,7034,5833264,795,13,36170382,52,56897442
6023,11,7,2020,10,12,1,3,6,4,0,0,1,1,0,0,0,1,796369,11,5815266,775,13,35778264,52,40719177
6025,11,7,2020,2,8,3,2,2,2,0,0,1,0,0,1,0,1,794616,8686,5823115,435,13,33901828,52,47849699
6026,11,4,2020,11,18,4,3,2,6,2,0,1,0,0,0,0,0,791455,3516,5830452,38,13,29902526,52,54596837
6027,11,9,2020,9,18,3,3,2,6,0,1,1,0,0,0,0,0,802831,7393,5825421,682,13,46170655,52,49467478
6028,11,4,2020,8,16,2,3,2,6,0,0,1,0,0,0,1,0,790539,3168,5827389,434,13,28287737,52,51899836
6029,11,5,2020,2,22,3,2,6,2,2,0,1,1,0,0,0,0,783503,8366,5826699,168,13,1788817,52,51651261
6030,11,7,2020,10,17,6,2,2,6,0,0,1,0,0,0,0,0,798432,6265,5818299,316,13,39073278,52,43325441
6031,11,3,2020,8,19,4,3,5,2,0,1,1,0,0,0,0,0,800945,5409,5830490,988,13,43859306,52,54115526
6032,11,12,2020,7,17,5,2,5,2,0,0,1,0,1,0,0,0,791886,7808,5838999,799,13,31289805,52,62236182
6033,11,7,2020,6,15,6,3,1,5,0,0,0,0,0,0,1,0,798483,2847,5818116,347,13,39131239,52,43158667
6034,11,3,2020,2,19,3,3,0,2,1,1,0,0,0,0,0,0,799993,8231,5830221,194,13,4243583,52,5392618
6035,11,1,2020,9,16,5,3,3,2,0,0,1,0,0,0,1,0,799573,427,5828293,924,13,41644153,52,52221815
6036,11,10,2020,12,15,4,3,5,2,0,1,0,0,0,1,0,0,810873,961,5827087,804,13,58133122,52,50508545
6037,11,6,2020,6,10,2,3,5,2,0,1,1,0,0,0,0,0,793129,7112,5820202,423,13,3146247,52,4531829
6038,11,3,2020,5,18,1,3,2,6,0,0,1,0,0,0,0,0,801171,9553,5830806,318,13,44220737,52,54385651
6039,11,7,2020,2,17,3,3,2,6,1,0,1,0,0,0,0,0,796076,226,5825500,154,13,3625624,52,49908476
6040,11,4,2020,10,6,5,3,3,6,0,0,1,0,0,1,0,0,792364,3562,5823538,606,13,30631729,52,48350119
6041,11,1,2020,12,21,1,3,5,3,2,1,1,0,0,0,0,0,795878,6,5832062,625,13,36549182,52,55801873
6042,11,6,2020,8,16,5,2,0,1,0,1,0,0,0,0,0,0,778635,9093,5814915,513,13,9748979,52,41335541
6043,11,1,2020,6,16,2,3,2,2,0,0,1,0,0,0,0,0,796184,661,5830195,38,13,36833544,52,54111107
6044,11,1,2020,2,12,3,3,5,7,0,0,1,0,0,0,0,1,797309,3495,5826776,564,13,38181415,52,50985596
6045,11,4,2020,10,11,2,3,6,7,0,0,1,1,0,0,0,1,786538,6557,5825907,12,13,22280198,52,50782526
6047,11,10,2020,2,13,2,3,2,6,0,0,1,0,0,0,1,0,811012,1586,5827105,851,13,58339032,52,50516793
6048,11,4,2020,11,17,6,2,6,4,2,1,0,1,0,0,0,0,793016,8497,5826810,518,13,31877689,52,51248301
6049,11,4,2020,9,16,5,3,5,2,0,0,1,0,1,0,0,0,790429,7194,5826379,217,13,28038493,52,51000008
6050,11,3,2020,2,6,2,3,2,6,2,0,1,0,0,0,1,0,797985,8052,5834238,385,13,39844548,52,57637213
6051,11,11,2020,8,15,5,3,5,2,0,1,1,0,0,0,0,0,804249,8349,5827531,79,13,48445849,52,51279834
6052,11,2,2020,7,5,6,3,0,6,1,0,1,0,1,0,0,0,797745,2178,5824551,283,13,38622819,52,4896712
6053,11,7,2020,6,16,6,3,2,6,0,0,1,0,0,0,0,0,798476,5283,5822094,574,13,39476811,52,46725051
6054,11,1,2020,2,19,2,2,6,7,2,0,0,1,0,0,1,0,798083,1382,5827664,182,13,39397713,52,51739006
6055,11,7,2020,9,18,5,2,5,3,0,1,0,0,0,0,1,0,797848,7749,5822303,343,13,38574087,52,46946449
6056,11,4,2020,12,11,6,3,2,6,0,0,1,0,0,0,0,0,790835,266,5826825,443,13,28673372,52,51378443
6057,11,2,2020,6,19,3,3,5,2,0,0,1,0,0,0,1,0,801682,9789,5828877,707,13,44796955,52,52628761
6059,11,7,2020,2,15,2,2,3,6,0,0,1,0,0,1,0,0,795078,8789,5822441,949,13,3452055,52,47221018
6060,11,12,2020,9,10,6,3,0,1,0,0,0,0,1,0,0,1,791966,818,5832694,766,13,30851871,52,5657968
6061,11,4,2020,7,21,3,3,1,5,2,0,0,0,1,0,1,0,791635,3865,5826577,862,13,29827403,52,51113767
6062,11,4,2020,2,15,2,3,1,5,0,0,1,0,0,0,0,0,792649,9801,5826748,417,13,31333165,52,51212326
6063,11,7,2020,10,16,6,3,2,6,0,0,1,0,0,0,0,0,797933,838,5822324,342,13,38700817,52,46960634
6064,11,12,2020,12,20,5,2,4,6,2,0,1,0,0,0,0,1,793987,7672,5835218,379,13,34048672,52,58733161
6065,11,1,2020,8,13,1,2,0,1,0,1,0,0,0,0,0,0,795992,3975,5827313,163,13,36294315,52,51538225
6066,11,7,2020,7,9,6,3,2,6,0,0,1,0,0,0,1,1,797447,6472,5817844,924,13,3758829,52,42971771
6067,11,3,2020,6,19,3,3,5,3,0,1,1,0,0,0,0,0,800621,877,5829920,517,13,43331883,52,53622067
6068,11,6,2020,10,13,5,2,5,2,0,1,1,0,0,0,0,0,789782,981,5817986,376,13,26359064,52,43509978
6069,11,7,2020,2,16,1,3,1,5,0,1,0,0,1,0,0,0,797766,8828,5823724,826,13,38580801,52,48225114
6070,11,10,2020,9,10,2,3,5,2,0,0,1,0,0,0,0,0,813544,98,5827160,2,13,62063621,52,50420381
6071,11,9,2020,11,13,5,3,2,7,0,0,1,0,0,0,1,0,806360,293,5821369,598,13,50979773,52,45638959
6072,11,6,2020,6,13,4,3,0,6,0,0,1,0,0,0,1,0,790527,6978,5818527,202,13,2749847,52,43955337
6073,11,7,2020,8,11,1,3,1,5,0,1,1,0,0,0,0,0,797900,3176,5820336,811,13,38474242,52,45180858
6074,11,7,2020,6,14,3,3,6,2,0,1,1,1,0,0,0,0,797773,9315,5823580,877,13,38578293,52,48095696
6075,11,1,2020,2,14,1,3,5,3,0,0,1,0,0,0,0,0,796437,1126,5826316,83,13,36858951,52,50620287
6076,11,4,2020,10,18,2,3,2,6,1,0,1,0,0,0,0,1,790873,37,5824706,885,13,28543739,52,4947714
6077,11,4,2020,12,1,7,2,9,1,2,0,1,0,0,0,0,1,791066,35,5824656,223,13,28823304,52,49421414
6078,11,1,2020,8,13,3,3,2,2,0,0,1,0,0,0,0,0,799762,7238,5828628,686,13,41952494,52,52511472
6079,11,3,2020,7,17,5,3,5,3,0,1,0,0,1,0,0,0,798167,6344,5836140,641,13,40283238,52,59332346
6080,11,4,2020,5,7,2,3,2,6,0,0,1,0,0,0,0,1,791087,3514,5829213,479,13,29252828,52,53505852
6081,11,1,2020,10,19,6,2,5,3,2,0,1,0,0,0,0,1,795861,8559,5832068,44,13,36525867,52,55807966
6083,11,4,2020,2,7,1,3,9,1,0,0,1,0,0,0,0,0,790703,2325,5824944,65,13,28315124,52,49699342
6084,11,10,2020,9,10,4,3,2,6,0,0,1,0,0,0,1,0,811554,3412,5827130,998,13,59137615,52,50508397
6085,11,4,2020,11,15,2,3,6,4,0,0,1,1,0,0,0,0,791583,4084,5826547,804,13,29748395,52,51089599
6086,11,3,2020,5,10,3,3,6,4,0,0,0,1,0,0,1,0,800851,8331,5830338,794,13,43707767,52,53984287
6087,11,4,2020,8,12,2,3,2,6,0,0,1,0,1,0,0,0,790464,8329,5827605,458,13,28197137,52,5209747
6088,11,1,2020,6,19,4,3,0,2,0,1,1,0,0,0,0,0,796218,9429,5825863,382,13,36498173,52,50226332
6089,11,1,2020,5,18,1,3,5,3,0,1,1,0,0,0,0,0,796271,1648,5830253,498,13,36965936,52,54158809
6090,11,1,2020,2,20,7,3,0,5,0,1,1,0,0,0,0,0,796996,5993,5826722,987,13,37717158,52,50954606
6091,11,4,2020,9,9,4,3,5,7,0,0,1,0,0,1,0,0,791574,64,5826546,338,13,29735383,52,51088753
6092,11,3,2020,12,12,5,3,2,6,0,0,1,0,0,0,0,0,797974,1873,5834638,834,13,39863448,52,57996795
6093,11,11,2020,8,18,4,2,5,3,0,1,1,0,0,0,0,0,806590,2645,5827406,288,13,51872326,52,51036316
6094,11,2,2020,6,12,6,3,5,3,0,1,1,0,0,0,0,0,801888,4221,5827758,98,13,44997251,52,5161388
6095,11,1,2020,10,13,7,3,5,2,0,1,1,0,0,0,0,0,799570,831,5828301,726,13,41639942,52,52228992
6097,11,2,2020,2,20,6,3,5,2,2,0,1,0,0,0,0,0,802583,2761,5827686,537,13,46011622,52,51511236
6098,11,4,2020,11,11,4,2,5,2,0,1,1,0,0,0,0,0,793092,6548,5826823,319,13,31990201,52,51255704
6099,11,10,2020,9,18,2,2,0,1,0,1,0,0,0,0,0,0,813003,551,5827188,583,13,61271226,52,50477062
6100,11,7,2020,8,13,1,3,2,6,0,0,1,0,0,0,0,1,798061,816,5819410,528,13,38628546,52,44341742
6101,11,1,2020,2,19,6,2,5,7,2,0,1,0,0,0,0,0,797301,6969,5826775,28,13,38170057,52,50984862
6102,11,7,2020,10,22,5,3,9,1,2,0,1,0,0,0,0,1,796805,6927,5822399,76,13,37051617,52,47089647
6103,11,4,2020,8,11,4,2,5,3,0,0,1,0,0,0,0,0,790533,2158,5826377,921,13,28190451,52,50993335
6104,11,4,2020,7,12,4,3,3,6,0,0,1,0,0,0,0,1,791116,5031,5826473,73,13,29055811,52,51047542
6105,11,3,2020,6,20,5,3,5,2,0,0,1,0,0,0,0,1,801340,7496,5830996,431,13,44486137,52,54546717
6106,11,8,2020,11,14,4,3,3,6,0,0,1,0,0,1,0,0,802487,3724,5821958,276,13,45350776,52,46382311
6107,11,4,2020,2,16,6,3,2,6,0,0,1,0,0,0,0,0,791325,5755,5830052,563,13,29676622,52,54245349
6108,11,7,2020,9,18,5,3,2,6,0,0,1,0,0,0,0,0,796519,7262,5822543,151,13,36644601,52,47233715
6109,11,10,2020,11,10,2,3,3,6,0,0,1,0,0,1,0,0,808653,6259,5832803,798,13,5540425,52,55757088
6110,11,1,2020,6,12,2,3,2,3,0,1,1,0,0,0,0,0,796423,3916,5826338,466,13,36840787,52,50641097
6112,11,3,2020,2,16,6,2,6,7,1,0,1,1,0,0,0,1,801032,9215,5830581,12,13,43995929,52,54191486
6113,11,3,2020,9,6,5,3,0,1,0,1,0,0,0,1,0,1,798255,44,5835061,364,13,40314735,52,58360143
6114,11,9,2020,7,10,6,3,6,2,0,0,1,1,0,0,0,0,802597,8971,5825088,9,13,45796957,52,49181377
6115,11,4,2020,2,14,6,3,2,6,0,0,1,0,0,0,0,0,790463,5411,5827587,468,13,28193667,52,52081411
6116,11,4,2020,10,8,5,3,5,2,0,1,1,0,0,0,0,0,792843,2516,5826759,567,13,31618129,52,51211948
6117,11,3,2020,12,13,3,3,5,2,0,1,1,0,0,0,0,1,799993,27,5830194,711,13,42432269,52,53902487
6118,11,12,2020,8,19,6,3,0,6,0,0,0,0,1,0,1,0,794593,7733,5833807,91,13,34815156,52,57435276
6119,11,7,2020,7,15,3,3,2,6,0,0,1,0,0,0,0,0,794647,3326,5823129,352,13,33947784,52,47860531
6120,11,1,2020,5,15,1,3,6,4,0,1,0,1,0,0,0,0,794652,1879,5827072,834,13,34303739,52,51395356
6121,11,8,2020,10,6,4,3,3,6,2,0,1,0,0,1,0,1,802556,15,5821897,595,13,45446203,52,46324114
6122,11,4,2020,2,14,6,3,2,6,0,0,1,0,0,1,0,0,790485,1438,5827585,257,13,28225223,52,52078278
6123,11,2,2020,9,16,1,3,5,2,0,1,1,0,0,0,0,0,802593,379,5827701,426,13,46027317,52,51524039
6124,11,1,2020,11,18,2,3,2,6,2,0,1,0,1,0,0,0,799762,8545,5828628,915,13,41952707,52,5251167
6125,11,7,2020,5,7,3,2,3,6,0,0,1,0,1,0,0,0,795200,6941,5822904,58,13,34740269,52,47628688
6126,11,12,2020,8,11,5,3,1,7,0,1,1,0,0,0,0,0,795406,7897,5833600,274,13,35992957,52,57205816
6127,11,3,2020,6,16,7,3,3,6,0,1,0,0,0,0,0,1,799504,76,5830293,648,13,41722309,52,54018067
6128,11,4,2020,2,9,6,2,2,6,0,0,1,0,0,0,0,0,791234,2949,5829709,128,13,29512297,52,53942345
6129,11,9,2020,10,15,6,3,2,6,0,0,1,0,0,0,0,0,802804,1813,5821449,978,13,4576957,52,45909175
6130,11,5,2020,12,12,5,3,5,3,0,1,1,0,0,0,0,0,780171,337,5822272,627,13,1261759,52,4785428
6132,11,2,2020,2,7,6,3,6,4,1,0,0,1,0,1,0,0,803458,5652,5827597,133,13,4728939,52,51382477
6133,11,7,2020,9,21,5,3,0,1,2,1,0,0,0,0,0,0,797836,1418,5822229,156,13,38548922,52,46880637
6134,11,7,2020,7,20,7,3,2,6,0,0,1,0,0,0,0,0,795590,3354,5823886,453,13,35399388,52,48488257
6135,11,3,2020,2,8,5,3,0,1,0,1,0,0,0,0,0,0,800733,9399,5829842,977,13,43489589,52,53546384
6136,11,7,2020,10,16,5,3,3,2,0,0,1,0,0,1,0,1,797772,7774,5818918,291,13,38160688,52,43916249
6137,11,3,2020,12,13,4,3,0,2,0,1,1,0,0,0,0,1,799165,6644,5830374,971,13,41232236,52,54109545
6138,11,3,2020,5,10,2,3,2,6,0,0,1,0,0,0,1,1,799586,4703,5830277,842,13,4184211,52,53999366
6139,11,4,2020,8,22,7,3,3,6,2,0,1,0,1,0,0,0,791343,2243,5824556,19,13,29221212,52,49316809
6140,11,6,2020,7,9,5,3,2,6,0,0,1,0,0,1,0,0,793582,7693,5820439,5,13,32148119,52,45506508
6141,11,10,2020,6,17,2,3,8,7,0,0,1,0,0,0,0,0,808860,1315,5833292,602,13,55753381,52,5618343