OBJECTID,LAND,BEZ,UJAHR,UMONAT,USTUNDE,UWOCHENTAG,UKATEGORIE,UART,UTYP1,ULICHTVERH,IstRad,IstPKW,IstFuss,IstKrad,IstGkfz,IstSonstige,USTRZUSTAND,LINREFX,LINREFY,XGCSWGS84,YGCSWGS84,,,,
6142,11,6,2020,10,12,4,3,5,3,0,0,1,0,1,0,0,0,790159,606,5818288,656,13,26937764,52,43761016
6143,11,7,2020,2,22,5,3,3,6,2,0,1,0,0,0,0,1,797699,285,5818766,986,13,38039414,52,43784621
6144,11,11,2020,9,17,2,3,2,6,0,0,1,0,1,0,0,0,804220,3564,5827520,229,13,48401487,52,51271117
6145,11,3,2020,11,17,3,3,3,6,2,1,0,0,0,0,0,1,799997,7962,5830192,412,13,42439072,52,53900163
6146,11,12,2020,5,17,2,3,2,6,0,0,1,0,0,0,0,0,792115,5098,5832453,562,13,31049381,52,56355473
6147,11,7,2020,8,20,7,3,5,2,2,0,1,0,0,0,1,0,797649,9287,5818636,165,13,37955371,52,43670039
6148,11,12,2020,6,12,1,3,5,2,0,0,1,0,0,0,0,0,795336,5269,5833744,859,13,35902459,52,57339236
6149,11,11,2020,2,19,5,3,2,6,2,0,1,0,0,0,0,1,805652,6283,5827389,882,13,5049352,52,51074229
6150,11,1,2020,10,7,7,3,0,7,1,0,0,0,0,0,1,0,796299,6408,5826040,51,13,36632474,52,50380729
6151,11,3,2020,12,12,6,3,2,6,0,0,1,0,0,0,0,0,801129,8059,5837227,466,13,44741844,52,60143269
6152,11,1,2020,8,16,3,3,5,3,0,1,0,0,0,0,0,0,794756,7142,5827091,29,13,34458936,52,51406019
6153,11,3,2020,7,15,5,3,6,4,0,0,1,1,0,0,0,0,799141,7968,5830375,55,13,41197156,52,54110932
6154,11,9,2020,2,14,5,3,2,7,0,0,1,0,0,0,1,0,807005,3803,5818242,375,13,51638888,52,42800047
6155,11,3,2020,10,14,6,3,5,3,0,1,1,0,0,0,0,0,798165,5959,5836120,966,13,40278466,52,59314822
6157,11,6,2020,2,7,5,3,1,5,0,0,1,0,0,0,0,0,786141,6976,5816761,895,13,20912641,52,4260382
6158,11,7,2020,9,15,4,3,0,1,0,1,1,0,0,0,0,0,797860,6941,5821848,842,13,3855101,52,46538389
6159,11,3,2020,11,8,2,3,5,2,0,1,1,0,0,0,0,1,798174,9363,5836311,752,13,40309391,52,5948532
6160,11,11,2020,9,16,1,3,1,5,0,1,1,0,0,0,0,0,805916,9889,5827366,286,13,50879675,52,51038263
6161,11,2,2020,5,14,2,3,2,6,0,0,1,0,0,0,0,1,797042,2341,5825857,957,13,37707022,52,50176714
6162,11,3,2020,8,19,1,2,2,6,0,0,1,0,0,0,0,0,798038,4809,5833884,859,13,39890275,52,57317443
6163,11,4,2020,6,8,3,3,2,6,0,0,1,0,0,0,1,0,789286,7458,5824063,708,13,261579,52,48984819
6164,11,11,2020,2,15,5,3,0,7,0,1,0,0,0,0,0,1,804462,5519,5827510,153,13,48756356,52,51248573
6165,11,3,2020,9,14,2,2,5,2,0,0,1,0,0,0,0,0,797157,558,5838898,209,13,39044086,52,61859411
6166,11,4,2020,12,14,4,3,2,6,0,0,1,0,0,0,0,1,795122,709,5823001,337,13,34634389,52,47720106
6167,11,3,2020,8,9,3,3,3,6,0,1,1,0,0,0,0,0,800794,634,5829800,785,13,43574984,52,53505218
6168,11,1,2020,6,12,5,3,5,3,0,1,1,0,0,0,0,0,800018,771,5828097,368,13,42280846,52,5202115
6170,11,7,2020,2,18,4,3,3,6,1,1,1,0,0,0,0,0,795489,622,5823826,685,13,35246206,52,48440131
6171,11,11,2020,11,18,2,3,1,5,2,1,1,0,0,0,0,0,804939,4011,5827462,89,13,49452447,52,51178859
6172,11,3,2020,9,5,2,3,5,3,1,0,1,0,1,0,0,0,798007,4719,5834166,159,13,39869935,52,57571287
6173,11,10,2020,8,14,7,3,5,3,0,1,1,0,0,0,0,0,809483,6705,5827409,673,13,56122514,52,50875978
6174,11,6,2020,2,10,4,3,2,6,0,0,1,0,0,1,0,0,790347,6449,5818399,577,13,27223243,52,43850481
6175,11,7,2020,10,5,5,3,0,1,2,0,0,0,0,0,1,1,794863,3884,5823136,33,13,3426561,52,47855126
6176,11,7,2020,8,19,3,2,2,6,0,0,1,0,1,0,0,0,796433,3362,5822601,81,13,36523,52,47290986
6177,11,2,2020,7,22,3,3,5,3,2,0,1,0,0,0,1,0,801880,6568,5826547,263,13,44876019,52,50529032
6178,11,3,2020,6,16,5,3,3,6,0,1,1,0,0,0,0,1,799184,3172,5830906,828,13,4130756,52,54585249
6179,11,7,2020,11,12,3,3,5,3,0,0,1,0,0,0,0,0,798178,1237,5818923,565,13,38755712,52,43898893
6180,11,7,2020,2,13,4,3,3,6,0,1,1,0,0,0,0,0,798120,923,5818903,946,13,38670061,52,43884424
6181,11,4,2020,9,18,4,3,2,6,1,0,1,0,0,0,0,0,791830,2511,5826610,759,13,3011661,52,51132837
6182,11,4,2020,11,19,2,3,2,6,2,0,1,0,0,0,1,0,792724,2198,5826739,378,13,31441454,52,51200239
6183,11,7,2020,6,11,7,3,5,2,0,1,1,0,0,0,0,0,797777,1999,5823829,952,13,38605339,52,48318785
6184,11,1,2020,2,20,4,3,2,6,2,0,1,0,0,0,0,0,796309,9266,5830046,514,13,37004464,52,53971161
6185,11,12,2020,9,9,4,3,2,6,0,0,1,0,0,0,0,0,789661,6267,5836598,48,13,27801696,52,60202508
6186,11,11,2020,7,7,5,3,0,2,0,1,1,0,0,0,0,0,804512,3422,5827504,942,13,48829022,52,51241123
6187,11,10,2020,2,12,3,3,5,2,0,0,1,0,1,0,0,0,813052,6664,5827191,3,13,61343583,52,50476436
6188,11,1,2020,10,19,4,3,5,3,2,1,1,0,0,0,0,1,799785,7236,5828602,171,13,41983904,52,52486441
6189,11,7,2020,12,3,6,3,8,1,2,0,1,0,0,0,0,1,794871,6267,5823147,91,13,34278656,52,47864327
6190,11,9,2020,8,17,5,2,5,2,0,1,1,0,0,0,0,0,802598,713,5825089,18,13,45798247,52,49182236
6191,11,4,2020,7,17,3,3,2,6,0,0,1,0,0,0,0,0,787898,8461,5825957,738,13,2428317,52,50756294
6192,11,12,2020,5,11,6,3,5,2,0,1,0,0,0,1,0,0,795337,886,5833744,657,13,35903268,52,57339024
6193,11,7,2020,10,8,3,3,5,2,0,1,1,0,0,0,0,0,795573,439,5823307,799,13,35323275,52,47970452
6194,11,10,2020,2,7,2,3,2,6,1,0,1,0,0,0,0,1,810152,584,5827135,281,13,5707863,52,50592124
6195,11,2,2020,9,18,1,2,6,4,0,1,0,1,0,0,0,0,801870,4238,5826513,821,13,44857956,52,50499623
6196,11,5,2020,11,13,1,3,5,3,0,1,1,0,0,0,0,0,780179,2404,5822276,784,13,12629546,52,47857601
6197,11,9,2020,5,15,2,3,2,6,0,0,1,0,0,1,0,0,806320,1538,5821431,556,13,50926568,52,45696739
6198,11,12,2020,8,15,5,3,2,6,0,0,1,0,0,0,0,0,791801,1619,5839350,791,13,31194665,52,62555429
6199,11,1,2020,6,14,6,3,2,6,0,0,1,0,0,0,0,0,796302,915,5828817,728,13,368834,52,52870104
6200,11,3,2020,2,5,2,3,3,6,2,0,1,0,0,1,0,1,800804,6586,5838727,149,13,44399519,52,6150543
6201,11,11,2020,10,13,6,3,5,3,0,1,1,0,0,0,0,0,804101,3411,5827532,199,13,48227743,52,51288481
6202,11,7,2020,12,16,3,3,2,6,2,0,0,0,1,0,1,0,796012,1208,5822728,448,13,35915914,52,4742735
6203,11,12,2020,8,18,1,3,2,6,0,0,0,0,1,0,0,0,787565,2655,5837746,69,13,2481459,52,61342643
6204,11,6,2020,6,6,2,3,0,6,0,1,1,0,0,0,0,0,792453,367,5819747,623,13,30430178,52,44946795
6205,11,2,2020,2,23,1,3,5,3,2,0,1,0,0,0,0,1,802178,9385,5827719,46,13,45420571,52,51563161
6206,11,12,2020,10,9,4,3,5,3,0,0,1,0,0,0,0,1,794481,3824,5834312,351,13,34694668,52,57894283
6208,11,3,2020,2,1,1,2,0,1,2,1,0,0,0,0,0,0,800005,2537,5830251,989,13,42455414,52,53953153
6209,11,6,2020,9,11,2,3,0,6,0,0,1,0,0,0,0,0,784937,7779,5816719,12,13,19143185,52,42628202
6210,11,4,2020,11,16,7,3,6,2,1,0,1,1,0,0,0,0,791035,475,5826459,682,13,28934954,52,51039883
6211,11,7,2020,9,11,6,3,2,6,0,0,1,0,0,0,1,0,796843,8267,5822390,422,13,37106762,52,47079205
6212,11,7,2020,2,18,1,3,0,5,2,1,1,0,0,0,0,1,795922,7651,5824392,642,13,35932457,52,48924008
6213,11,7,2020,5,11,2,3,1,5,0,1,1,0,0,0,0,1,796017,8934,5825198,593,13,36143759,52,49641317
6214,11,12,2020,8,18,6,3,0,1,1,1,0,0,0,0,0,0,795466,1523,5833442,144,13,36066207,52,57060846
6215,11,1,2020,7,13,3,3,5,3,0,1,0,0,0,0,1,0,799785,4281,5828601,697,13,41983427,52,52486033
6216,11,3,2020,6,18,2,2,1,1,0,1,1,0,0,0,0,0,799138,654,5830659,432,13,41217277,52,54366036
6217,11,9,2020,2,13,7,3,0,7,0,1,0,0,0,0,0,0,806285,91,5821467,267,13,50878282,52,45730714
6218,11,1,2020,9,20,6,3,1,5,2,1,1,0,0,0,0,0,799625,6178,5828394,317,13,41729891,52,52308934
6219,11,12,2020,12,15,2,3,3,6,0,0,1,0,0,0,0,1,795353,5761,5833716,872,13,35925051,52,57313223
6220,11,7,2020,6,15,4,3,6,7,0,0,1,1,0,0,0,0,795834,2565,5824244,668,13,35789346,52,48796158
6222,11,2,2020,2,20,7,3,2,6,2,0,1,0,0,0,0,0,802057,5819,5827999,899,13,45267735,52,51821241
6223,11,3,2020,11,11,6,3,5,2,0,1,0,0,0,0,1,0,800073,648,5833830,777,13,42879465,52,57157148
6224,11,2,2020,9,10,7,3,2,6,0,0,1,0,0,0,0,1,801657,1478,5828866,352,13,44757965,52,52620013
6225,11,2,2020,7,18,5,3,3,6,0,1,1,0,0,0,0,0,802117,3446,5827414,993,13,45302435,52,51293679
6226,11,7,2020,8,9,2,3,2,6,0,0,1,0,0,0,0,0,799715,6309,5821476,136,13,41239863,52,46102878
6227,11,1,2020,7,7,4,2,5,3,0,1,1,0,0,0,0,0,795861,6203,5832069,753,13,36525638,52,55809156
6228,11,4,2020,2,19,7,3,2,6,2,0,1,0,0,0,0,0,790797,8333,5826467,156,13,28587058,52,51059234
6229,11,7,2020,10,16,5,3,5,2,0,0,1,0,1,0,0,0,795623,338,5823231,95,13,35389289,52,47899009
6231,11,7,2020,2,18,7,3,0,5,2,0,1,0,0,0,1,0,799071,1636,5816704,394,13,39867129,52,41860914
6232,11,7,2020,9,16,3,3,6,2,0,0,1,1,0,0,0,0,798473,3995,5818139,65,13,39118822,52,43180095
6233,11,10,2020,11,15,1,2,9,1,0,0,1,0,0,0,0,0,808757,9014,5827439,61,13,55059309,52,5094393
6234,11,7,2020,9,17,6,3,6,4,0,0,1,1,0,0,0,0,795290,8113,5823490,822,13,34924531,52,48149809
6235,11,2,2020,5,14,1,3,2,6,0,0,1,0,0,0,0,0,797886,6192,5825489,149,13,38914318,52,49800092
6236,11,10,2020,8,18,7,2,6,3,0,0,1,1,0,0,0,0,811376,5325,5827109,535,13,58874484,52,50499313
6237,11,1,2020,6,16,3,3,2,2,0,0,1,0,1,0,0,0,799098,801,5827679,767,13,40891472,52,51697369
6238,11,4,2020,2,15,7,3,2,6,0,0,1,0,0,0,0,0,790000,5673,5825132,42,13,27299315,52,49905066
6239,11,4,2020,9,16,1,3,5,2,0,1,1,0,0,0,0,0,788942,2603,5826126,323,13,25830901,52,50852274
6240,11,4,2020,12,7,2,3,3,6,0,1,1,0,0,0,0,0,789288,6906,5826180,208,13,26344604,52,50882222
6241,11,12,2020,6,10,4,3,2,7,0,0,1,0,1,0,0,0,794393,6104,5834473,57,13,34579782,52,58043092
6243,11,12,2020,2,14,7,3,6,4,0,0,1,1,0,0,0,0,793540,9093,5835849,624,13,33446914,52,5932316
6244,11,3,2020,11,9,2,2,2,6,0,0,1,0,0,0,1,0,801215,1119,5837821,463,13,44921473,52,60670939
6245,11,10,2020,9,21,1,3,0,1,1,1,0,0,0,0,0,0,808319,5137,5827572,416,13,54427708,52,51087742
6246,11,1,2020,7,18,6,3,2,6,0,0,1,0,1,0,0,0,798628,4904,5827030,193,13,40142133,52,51140887
6247,11,1,2020,2,19,6,3,5,3,2,1,0,0,0,0,1,0,799042,763,5827538,306,13,40796419,52,51573643
6248,11,1,2020,10,7,4,3,6,2,0,0,1,1,0,0,0,1,796287,1623,5830281,426,13,36991946,52,54182973
6249,11,2,2020,8,10,3,2,0,1,0,1,0,0,0,0,0,1,801870,6806,5826514,66,13,4485841,52,50500361
6250,11,6,2020,7,11,1,3,8,1,0,1,0,0,0,0,0,0,783529,4653,5816031,259,13,17019237,52,42084693
6251,11,4,2020,6,17,4,3,2,6,0,0,1,0,0,0,0,0,790514,5807,5826393,373,13,28164418,52,5100818
6252,11,3,2020,11,11,2,3,2,2,0,0,1,0,0,0,0,0,800604,1277,5829900,842,13,43304013,52,53605411
6253,11,4,2020,2,21,6,3,2,6,2,0,1,0,0,0,0,0,791243,6923,5829792,724,13,29533442,52,54016785
6254,11,1,2020,9,11,4,3,2,6,0,0,1,0,0,0,0,0,796794,958,5826674,512,13,37416596,52,50922127
6255,11,2,2020,11,1,7,2,0,1,2,1,0,0,0,0,0,0,801994,215,5827747,224,13,45151696,52,51598277
6256,11,3,2020,6,6,6,3,0,5,0,1,1,0,0,0,0,0,800261,5555,5831396,339,13,4293563,52,54964748
6257,11,2,2020,2,15,6,3,0,2,0,1,1,0,0,0,0,0,801844,5579,5826439,501,13,44813226,52,5043444
6258,11,2,2020,9,7,3,3,5,3,0,1,1,0,0,0,0,0,803086,6172,5827634,376,13,46746353,52,51436538
6259,11,3,2020,7,9,5,3,2,6,0,0,1,0,0,0,0,0,802349,785,5831608,831,13,46024313,52,55039741
6260,11,4,2020,2,20,5,2,6,4,2,0,0,1,0,0,1,0,790526,7086,5826376,81,13,28180793,52,50992685
6261,11,1,2020,10,15,4,2,2,2,0,0,1,0,0,1,0,1,799762,9284,5828629,45,13,41952827,52,52511783
6262,11,4,2020,12,19,4,3,3,6,2,0,1,0,0,0,0,1,790130,959,5825295,222,13,27505042,52,5004409
6263,11,7,2020,8,18,4,3,0,5,0,1,1,0,0,0,0,0,795657,4296,5823972,894,13,35505574,52,48562113
6264,11,9,2020,7,11,2,3,5,3,0,1,0,0,0,0,1,0,805470,8934,5822245,701,13,49755082,52,4647395
6265,11,3,2020,5,16,5,3,0,6,0,0,1,0,1,0,0,0,802827,4357,5832111,83,13,46773464,52,55463327
6266,11,10,2020,10,9,2,3,5,3,0,0,1,0,0,0,0,1,808903,356,5833412,582,13,55828112,52,562885
6268,11,7,2020,2,19,5,3,6,4,2,0,0,1,1,0,0,0,797867,7196,5820522,673,13,38442991,52,4534924
6269,11,9,2020,9,13,6,3,5,3,0,1,1,0,0,0,0,0,805153,8118,5822562,931,13,493188,52,46775987
6270,11,1,2020,11,18,4,3,6,4,2,1,0,1,0,0,0,0,795303,6978,5827198,697,13,35272196,52,51472948
6271,11,10,2020,5,15,7,3,0,1,0,0,0,0,1,0,0,1,808943,2414,5827441,19,13,55331664,52,509347
6272,11,9,2020,8,16,4,3,2,6,0,0,1,0,0,0,0,1,802588,936,5825103,428,13,45785199,52,49195694
6273,11,11,2020,6,7,6,3,3,6,0,0,1,0,0,1,0,0,804463,723,5827510,3,13,48758066,52,51248397
6274,11,4,2020,2,18,5,3,2,6,2,0,1,0,0,0,0,0,789290,9525,5824069,89,13,26164615,52,48990138
6275,11,11,2020,10,8,5,3,5,3,0,1,1,0,0,0,0,0,804101,3411,5827532,199,13,48227743,52,51288481
6276,11,1,2020,12,14,3,3,3,6,0,0,1,0,0,0,0,0,796172,47,5829900,93,13,36788782,52,53848155
6277,11,7,2020,8,9,6,3,9,1,0,0,0,0,1,0,0,0,795690,544,5823002,656,13,35468149,52,47690575
6278,11,6,2020,6,16,2,2,1,1,0,0,1,0,0,0,0,0,784373,463,5815852,831,13,18241851,52,41880914
6279,11,2,2020,2,11,5,3,1,5,0,1,1,0,0,0,0,0,802004,3829,5828158,157,13,45203937,52,51966034
6280,11,2,2020,10,18,2,3,6,7,1,1,0,1,0,0,0,0,802001,5321,5827007,525,13,45095321,52,50934877
6282,11,2,2020,2,14,4,3,5,3,0,0,1,0,0,1,0,0,797032,1399,5825874,43,13,3769363,52,50191683
6283,11,7,2020,11,4,6,3,0,6,2,0,1,0,1,0,0,0,798406,2138,5818362,342,13,39040167,52,43383378
6284,11,3,2020,9,2,5,3,6,2,2,0,1,1,0,0,0,1,797966,8243,5834632,587,13,39852053,52,57991599
6285,11,4,2020,2,15,4,3,2,6,0,1,0,0,0,0,0,0,793567,537,5826903,85,13,32694291,52,51301699
6286,11,3,2020,5,15,6,3,5,3,0,1,1,0,0,0,0,0,798142,399,5836680,173,13,40294667,52,59817338
6287,11,2,2020,8,18,5,3,1,5,0,1,1,0,0,0,0,0,797797,6293,5825523,137,13,38786655,52,49835415
6288,11,1,2020,7,18,1,3,2,6,0,0,1,0,1,0,0,0,796184,661,5830195,38,13,36833544,52,54111107
6289,11,1,2020,6,17,1,3,5,3,0,0,1,0,0,1,0,0,796061,1652,5829783,884,13,36615343,52,5374926
6290,11,3,2020,2,4,4,3,4,7,2,0,1,0,0,0,0,1,802851,164,5833019,604,13,46891256,52,56276292
6291,11,3,2020,9,11,5,3,6,2,0,0,1,1,0,0,0,0,799800,2615,5830236,568,13,42152674,52,53950613
6292,11,12,2020,12,6,7,3,0,1,2,0,0,0,0,0,1,0,792077,6809,5832565,842,13,31003616,52,56458158
6293,11,7,2020,6,20,3,3,1,5,0,1,1,0,0,0,0,0,796008,3116,5824687,167,13,36084245,52,49183387
6295,11,8,2020,2,19,4,3,3,6,2,0,1,0,0,1,0,0,800683,1641,5821573,745,13,42668443,52,46137219
6296,11,2,2020,9,15,6,3,0,6,0,1,0,0,0,0,0,0,802347,2142,5827710,788,13,45667011,52,51546062
6297,11,2,2020,7,14,3,3,5,2,0,0,1,0,0,0,0,0,802584,4144,5827702,34,13,46014731,52,51525337
6298,11,11,2020,2,20,4,2,5,2,2,1,1,0,0,0,0,0,804509,3945,5827505,235,13,48824719,52,5124155
6299,11,1,2020,10,13,6,3,5,3,0,1,0,0,0,0,1,0,796272,1631,5830254,398,13,36967484,52,5415956
6300,11,7,2020,8,8,2,3,2,6,0,0,1,0,0,0,0,0,798183,1228,5818974,615,13,38767599,52,43944381
6301,11,4,2020,7,14,6,3,2,6,0,0,1,0,0,0,0,1,791083,298,5829202,63,13,29245869,52,53495834
6302,11,4,2020,6,10,3,3,4,6,0,1,0,0,0,0,0,0,789827,6942,5826250,958,13,27142735,52,50917041
6303,11,12,2020,10,9,6,3,5,3,0,0,1,0,0,0,0,1,792365,1173,5837743,881,13,31883393,52,610846
6304,11,2,2020,2,17,4,3,2,6,1,0,1,0,0,1,0,0,801532,956,5827794,636,13,44478303,52,51666293
6305,11,3,2020,9,18,3,3,0,1,0,1,1,0,0,0,0,0,797961,1846,5834625,478,13,39843115,52,57985536
6306,11,1,2020,11,19,5,3,2,6,2,1,0,0,0,0,1,1,796078,2235,5831266,448,13,36772568,52,55077303
6307,11,6,2020,6,16,4,3,1,1,0,1,1,0,0,0,0,0,791796,3365,5819328,684,13,29429524,52,44606325
6308,11,5,2020,8,17,1,3,5,2,1,1,1,0,0,0,0,1,783517,187,5826715,15,13,17909154,52,51664897
6309,11,11,2020,6,16,3,3,5,3,0,1,1,0,0,0,0,0,804234,7474,5827533,31,13,48423823,52,51282038
6310,11,2,2020,2,10,4,3,2,2,0,1,0,0,0,1,0,0,797898,7256,5825430,732,13,38926875,52,49747068
6311,11,9,2020,10,14,2,3,5,3,0,1,0,0,1,0,0,0,803365,9677,5824302,803,13,46853296,52,48434978
6312,11,4,2020,12,14,7,3,2,6,0,0,1,0,0,0,1,0,790696,8215,5826341,294,13,28427643,52,50951783
6313,11,12,2020,8,19,3,3,0,4,0,1,0,1,0,0,0,0,795719,9281,5832788,106,13,36381256,52,56460785
6314,11,4,2020,7,13,6,3,2,6,0,0,1,0,0,0,0,0,790787,6775,5824828,243,13,28429004,52,49590485
6315,11,7,2020,5,11,3,3,5,2,0,1,1,0,0,0,0,0,797766,6571,5824009,731,13,38605918,52,48480511
6316,11,1,2020,2,6,4,3,0,7,2,1,0,0,0,0,0,1,796342,3335,5828861,678,13,36946465,52,52907314
6317,11,7,2020,10,11,1,3,5,3,0,0,1,0,0,0,0,1,798180,5311,5818924,391,13,38759316,52,43899502
6318,11,3,2020,8,7,2,3,0,1,0,1,0,0,0,0,0,0,798298,5211,5834946,965,13,40368418,52,58255218
6319,11,8,2020,7,16,7,3,2,6,0,0,1,0,0,0,0,0,801437,184,5821746,619,13,43790518,52,46250632
6320,11,6,2020,6,18,3,3,2,6,0,0,1,0,1,0,0,0,785277,9733,5816278,933,13,19604624,52,42215891
6321,11,2,2020,11,12,1,3,2,6,0,0,1,0,0,0,0,0,800479,9979,5827931,523,13,42943589,52,51847103
6322,11,7,2020,2,6,4,3,0,1,1,0,0,0,1,0,0,1,797867,4354,5820441,986,13,38435378,52,45276928
6323,11,4,2020,9,14,3,3,0,6,0,0,1,0,1,0,0,0,792170,5746,5826668,36,13,30621689,52,51165966
6324,11,2,2020,11,21,6,3,5,3,2,0,1,0,0,0,0,0,797858,9566,5825502,686,13,388749,52,49813736
6325,11,1,2020,6,15,5,3,2,6,0,0,1,0,0,0,0,0,796190,5324,5825800,644,13,3645086,52,50171635
6326,11,7,2020,2,5,4,3,2,6,2,0,1,0,0,0,0,1,797607,1003,5822356,951,13,38224141,52,47007673
6327,11,7,2020,8,15,2,3,2,6,0,0,1,0,0,0,0,0,796007,3343,5824856,638,13,36097866,52,49335356
6328,11,6,2020,7,11,4,2,5,5,0,1,0,0,0,0,1,0,792432,4516,5819756,104,13,30400231,52,44955517
6329,11,6,2020,6,22,3,3,3,6,1,0,1,0,0,0,0,0,784951,2952,5817461,446,13,19226276,52,4329318
6330,11,7,2020,2,15,3,3,2,6,0,0,1,0,0,0,1,1,797833,1696,5822637,226,13,3858099,52,47246588
6331,11,4,2020,10,14,3,3,2,6,0,0,1,0,0,0,0,0,791905,837,5824022,713,13,30000828,52,48808647
6332,11,6,2020,12,18,3,3,1,5,2,0,1,0,0,0,0,1,790652,195,5818578,468,13,27685566,52,43994683
6333,11,1,2020,8,6,4,3,2,6,0,0,1,0,0,0,1,0,798626,9428,5827029,467,13,40139794,52,51140321
6334,11,3,2020,7,14,1,3,4,6,0,1,0,0,0,0,0,0,799151,6475,5830812,179,13,41251001,52,54502205
6335,11,1,2020,5,13,5,3,2,6,0,0,1,0,1,0,0,0,799337,1806,5827958,131,13,41266773,52,51933802
6336,11,9,2020,10,7,2,3,0,5,0,1,0,0,0,0,1,1,802774,499,5825363,329,13,46081296,52,49418352
6338,11,4,2020,2,18,3,2,6,4,2,0,1,1,0,0,0,1,790146,7213,5826312,946,13,27616893,52,50955655
6339,11,10,2020,9,18,5,3,5,2,0,1,1,0,0,0,0,0,808948,2401,5827441,17,13,5533902,52,50934552
6340,11,7,2020,11,16,3,3,0,1,1,0,0,0,1,0,0,1,796593,3637,5822514,127,13,36750114,52,472037
6341,11,3,2020,4,13,5,2,6,7,0,1,0,1,0,0,0,0,798136,2134,5833533,477,13,40002472,52,56997128
6342,11,10,2020,8,22,3,2,6,4,2,0,1,1,0,0,0,0,808383,1703,5832162,35,13,54946988,52,5519756
6343,11,4,2020,6,17,5,3,2,3,0,0,1,0,0,0,0,1,791564,5093,5826544,604,13,29720346,52,5108774
6344,11,3,2020,5,17,1,3,5,2,0,1,1,0,0,0,0,0,801354,3753,5831008,106,13,44507229,52,54556428
6345,11,11,2020,2,7,2,3,2,6,1,0,1,0,0,0,0,1,803721,9183,5834304,96,13,48289495,52,57379026
6346,11,8,2020,9,23,4,3,3,6,2,0,1,0,0,1,0,0,801082,7556,5821681,712,13,43264554,52,46211993
6347,11,7,2020,12,13,7,3,1,5,0,1,1,0,0,0,0,0,795955,2236,5824460,505,13,35986149,52,48983082
6348,11,4,2020,8,16,5,3,2,6,0,0,1,0,1,0,0,0,792037,7833,5826645,36,13,30424582,52,51152749
6349,11,4,2020,6,15,1,3,2,6,0,0,1,0,0,0,0,1,790877,5162,5824717,992,13,28551337,52,49486857
6350,11,7,2020,10,16,2,3,0,7,0,1,0,0,0,0,0,0,799797,837,5813702,568,13,40663759,52,39130405
6352,11,12,2020,2,11,2,3,2,7,0,0,1,0,0,0,0,1,794559,2233,5833801,451,13,3476382,52,5743209
6353,11,1,2020,11,11,5,3,2,6,0,0,1,0,0,0,1,0,794924,311,5827119,957,13,34707758,52,51422892
6354,11,1,2020,9,9,4,3,3,6,0,0,1,0,1,0,0,0,797628,254,5826829,25,13,38654639,52,51015433
6355,11,1,2020,2,23,2,3,5,3,2,0,1,0,0,0,0,1,795879,131,5832057,506,13,36550127,52,55797233
6356,11,4,2020,10,10,7,3,3,6,0,0,1,0,0,1,0,1,790554,7849,5828682,347,13,28423437,52,53058111
6357,11,12,2020,8,14,5,3,2,6,0,0,1,0,0,0,1,0,795407,8162,5833597,668,13,35994235,52,57203425
6358,11,1,2020,7,14,5,3,2,6,0,0,1,0,0,0,0,0,799792,8707,5828678,848,13,42001319,52,52554777
6359,11,7,2020,5,12,7,3,0,7,0,1,0,0,0,0,0,0,797781,5952,5818928,601,13,3817454,52,43925011
6360,11,10,2020,6,13,6,3,5,3,0,1,1,0,0,0,0,1,808393,949,5832184,52,13,54963639,52,55216867
6361,11,7,2020,2,21,2,3,0,6,2,0,1,0,0,0,0,1,799358,6651,5821536,626,13,40721454,52,46176665
6362,11,7,2020,9,16,5,2,2,6,0,0,1,0,0,0,0,0,798181,752,5818924,81,13,38761144,52,4389981
6363,11,1,2020,12,8,5,3,2,6,0,0,1,0,0,0,0,0,796423,3916,5826338,466,13,36840787,52,50641097
6364,11,7,2020,6,15,3,2,5,3,0,1,1,0,0,0,0,0,796367,8401,5815263,718,13,35776132,52,40716506
6366,11,7,2020,2,18,2,2,0,6,2,0,1,0,1,0,0,1,795277,708,5822464,107,13,34813448,52,47230172
6367,11,3,2020,9,8,6,3,5,2,0,1,1,0,0,0,0,1,799220,6468,5831452,765,13,41410164,52,55072601
6368,11,10,2020,7,19,2,3,0,1,0,0,0,0,1,0,0,1,809586,5456,5827356,392,13,56268656,52,50822393
6369,11,2,2020,2,17,2,3,5,2,2,0,1,0,0,0,0,1,802149,2652,5827729,723,13,45377907,52,51574004
6370,11,12,2020,10,19,6,3,5,3,2,0,1,0,1,0,0,1,795338,478,5833744,156,13,35905267,52,573385
6371,11,12,2020,12,13,4,3,5,3,0,0,1,0,0,0,0,0,795337,7656,5833744,413,13,35904242,52,57338769
6372,11,1,2020,8,21,1,2,0,1,2,1,0,0,0,0,0,0,796241,4174,5830245,98,13,36921452,52,54152896
6373,11,7,2020,7,18,5,3,5,2,0,1,1,0,0,0,0,1,795242,2032,5823528,673,13,34856514,52,48186368
6374,11,4,2020,5,17,6,2,6,2,0,0,1,1,0,0,0,0,786912,2364,5825812,397,13,22820963,52,50677964
6375,11,4,2020,6,14,2,2,0,7,0,1,0,0,0,0,0,0,789557,6091,5826223,502,13,267435,52,50906769
6376,11,6,2020,10,21,4,3,3,6,2,0,0,0,1,0,1,0,786174,488,5816756,933,13,20960309,52,42597656
6377,11,12,2020,2,17,2,3,2,6,2,0,1,0,0,0,0,1,791740,5618,5839595,826,13,31127018,52,62778346
6378,11,12,2020,9,16,2,3,5,7,0,0,1,0,1,0,0,0,794044,6095,5835115,755,13,34123226,52,58638094
6379,11,4,2020,11,13,4,3,5,3,0,0,1,0,0,0,1,0,792738,7715,5826741,83,13,31463051,52,51201656
6380,11,6,2020,6,10,4,3,2,6,0,0,1,0,0,0,0,0,787021,3993,5817178,488,13,2223862,52,42931254