OBJECTID,LAND,BEZ,UJAHR,UMONAT,USTUNDE,UWOCHENTAG,UKATEGORIE,UART,UTYP1,ULICHTVERH,IstRad,IstPKW,IstFuss,IstKrad,IstGkfz,IstSonstige,USTRZUSTAND,LINREFX,LINREFY,XGCSWGS84,YGCSWGS84,,,,
136386,11,3,2020,1,17,6,2,5,2,2,0,1,0,1,0,0,0,801597,1326,5835967,818,13,45315063,52,58988361
136387,11,12,2020,1,15,6,3,2,7,0,0,0,0,1,0,1,0,792427,6545,5833306,658,13,31583772,52,57103481
136388,11,4,2020,1,10,3,2,6,4,0,0,1,1,0,0,0,0,790667,291,5823307,4,13,28119482,52,48233093
136389,11,5,2020,1,15,6,3,5,3,0,0,1,0,0,0,0,0,785336,4881,5832488,478,13,21078891,52,56746303
136390,11,8,2020,1,14,5,3,2,6,0,0,1,0,0,0,0,0,801909,3378,5823557,239,13,44647226,52,47847455
136391,11,4,2020,1,13,6,2,5,2,0,0,1,0,1,0,0,0,792838,3744,5823217,375,13,3129956,52,48036743
136392,11,10,2020,1,9,3,3,6,2,0,0,1,1,0,0,0,1,811144,5129,5829135,485,13,58723171,52,52328075
136393,11,3,2020,1,12,6,2,6,4,0,0,1,1,0,0,0,0,799184,9761,5831110,83,13,41326838,52,547674
136394,11,12,2020,1,13,4,3,6,2,0,0,0,1,0,0,1,0,792920,7903,5837070,6,13,32642045,52,60450594
136395,11,1,2020,1,17,3,3,6,2,1,0,1,1,0,0,0,1,794569,3908,5828430,19,13,34302281,52,52616607
136396,11,1,2020,1,12,6,3,5,7,0,0,1,0,1,0,0,0,793456,9028,5829097,41,13,32726059,52,53274733
136397,11,10,2020,1,11,6,2,5,3,0,1,1,0,0,0,0,0,808694,5418,5831863,161,13,55376954,52,54911799
136398,11,2,2020,1,8,3,3,5,3,0,1,1,0,0,0,0,0,803051,8001,5826997,603,13,46637221,52,50867743
136399,11,12,2020,1,16,3,3,1,5,1,0,1,0,0,0,0,1,795180,4816,5834187,286,13,35712256,52,57744296
136400,11,1,2020,1,23,6,3,6,7,2,1,1,1,0,0,0,1,799324,8,5828901,139,13,41332279,52,52779789
136401,11,12,2020,1,21,5,2,6,4,2,0,1,1,0,0,0,0,790913,884,5833901,151,13,29407478,52,57717594
136402,11,5,2020,1,20,3,2,6,2,2,0,1,1,0,0,0,1,781551,5995,5819649,157,13,14423214,52,45430903
136403,11,1,2020,1,22,6,3,6,4,2,0,1,1,0,0,0,0,798522,8473,5829138,833,13,4017617,52,53036777
136404,11,6,2020,1,13,5,2,1,1,0,0,1,0,0,1,0,1,790626,8953,5817092,18,13,27519238,52,42663388
136405,11,12,2020,1,20,6,3,5,3,2,0,1,0,0,0,0,0,791759,7861,5833980,904,13,30660447,52,57743761
136406,11,1,2020,1,19,6,3,3,6,2,1,1,0,0,0,0,0,795687,5499,5828180,4,13,35923436,52,52331841
136407,11,2,2020,1,9,4,3,3,6,0,1,0,0,0,0,1,0,798249,8241,5825465,11,13,39445604,52,49758619
136408,11,1,2020,1,18,6,3,5,5,2,0,1,0,0,0,0,0,795692,43,5825724,556,13,35711865,52,50130464
136409,11,1,2020,1,17,6,3,5,2,2,0,1,0,1,0,0,0,797130,4131,5827865,617,13,3801578,52,51971561
136410,11,12,2020,1,7,6,3,6,4,1,0,1,1,0,0,0,1,786310,793,5838913,68,13,23066875,52,62455188
136411,11,1,2020,1,8,3,3,6,4,0,0,0,1,1,0,0,0,797481,4695,5829376,631,13,38666824,52,53306864
136412,11,3,2020,1,16,3,3,6,2,1,0,1,1,0,0,0,1,799685,361,5831275,273,13,42076997,52,5488798
136413,11,11,2020,1,7,6,3,2,6,0,0,1,0,0,0,0,1,806678,124,5832418,165,13,52463772,52,55523086
136414,11,1,2020,1,13,5,3,5,2,0,1,1,0,0,0,0,1,794623,9213,5829871,433,13,34510175,52,53905633
136415,11,11,2020,1,6,6,3,2,6,2,0,1,0,0,0,0,0,802585,8491,5829332,29,13,46165123,52,52986165
136416,11,4,2020,1,18,4,3,2,6,2,0,1,0,0,0,0,1,793601,4898,5825472,658,13,32618733,52,50017534
136417,11,11,2020,1,6,6,3,2,2,2,0,1,0,0,0,1,0,805211,424,5828423,566,13,49940235,52,52025365
136418,11,2,2020,1,7,3,3,2,6,1,0,1,0,0,0,0,0,797865,225,5825572,193,13,38890322,52,49875699
136419,11,7,2020,1,4,6,3,5,3,2,1,1,0,0,0,0,0,795425,3519,5825488,236,13,35299156,52,49933066
136420,11,5,2020,1,6,4,3,5,2,1,0,1,0,0,0,0,1,782366,7017,5830502,201,13,16539948,52,55120206
136421,11,6,2020,1,6,3,3,2,6,1,0,1,0,0,0,0,1,793442,1496,5820275,772,13,31927381,52,45367281
136422,11,5,2020,1,13,6,3,6,7,0,1,0,1,0,0,0,0,787976,948,5827883,376,13,24563349,52,52478645
136423,11,10,2020,1,5,3,3,0,1,2,0,1,0,0,0,0,0,810278,5479,5829916,471,13,57523773,52,53077298
136424,11,10,2020,1,2,5,3,0,1,2,1,0,0,0,0,0,1,808521,13,5831165,932,13,55057086,52,5429679
136425,11,2,2020,1,21,5,3,6,4,2,0,0,1,0,0,1,0,798260,451,5825789,235,13,39490247,52,50048664
136426,11,12,2020,1,13,3,1,4,5,0,0,1,0,0,1,0,0,789832,439,5833675,505,13,27796902,52,57572987
136427,11,1,2020,1,7,5,3,0,2,2,0,1,0,1,0,0,0,795417,411,5827468,589,13,35463245,52,51708727
136428,11,8,2020,1,8,5,3,5,3,0,0,1,0,0,0,1,1,803024,7338,5819379,284,13,45905337,52,44040983
136429,11,9,2020,1,7,5,3,5,2,0,0,1,0,0,0,0,1,809215,9384,5823033,132,13,5532321,52,46968997
136430,11,1,2020,1,14,5,3,5,3,0,1,0,0,0,0,1,0,793707,5111,5828113,591,13,33007545,52,52379294
136431,11,7,2020,1,13,2,3,6,2,0,0,1,1,0,0,0,0,793941,3574,5822512,839,13,32856934,52,47345899
136432,11,3,2020,1,14,5,3,2,6,0,0,1,0,0,0,0,0,799186,1259,5831775,211,13,41388459,52,55363519
136433,11,7,2020,1,13,6,3,5,3,0,1,1,0,0,0,0,0,796286,1008,5825322,839,13,36548733,52,49738139
136434,11,9,2020,1,14,5,3,5,2,0,1,1,0,0,0,0,0,810929,9183,5821589,509,13,57703862,52,45578013
136435,11,12,2020,1,13,2,3,5,3,0,0,1,0,0,0,0,0,791224,4146,5838481,632,13,30268469,52,61807209
136436,11,1,2020,1,15,5,3,5,3,0,1,1,0,0,0,0,0,792993,1602,5828924,836,13,32029135,52,53144975
136437,11,4,2020,1,14,5,3,3,6,0,0,1,0,0,0,0,1,793338,4467,5829736,547,13,32608341,52,53854064
136438,11,7,2020,1,12,5,3,3,6,0,1,1,0,0,0,0,0,800296,249,5822029,176,13,42141644,52,46566719
136439,11,1,2020,1,9,2,3,5,2,0,0,1,0,1,0,0,1,794925,7169,5825982,347,13,34609026,52,50403028
136440,11,1,2020,1,12,5,3,2,2,0,0,1,0,0,0,0,0,794046,1467,5828459,279,13,33535804,52,52670931
136441,11,5,2020,1,7,5,2,6,2,1,0,1,1,0,0,0,1,785230,3619,5831827,397,13,208659,52,56159151
136442,11,1,2020,1,12,5,2,6,4,0,0,0,1,0,0,1,0,799498,19,5828344,449,13,41537892,52,52271245
136443,11,8,2020,1,10,5,3,5,2,0,0,1,0,0,0,0,0,803480,2827,5821653,31,13,46780086,52,46053919
136444,11,1,2020,1,12,2,3,0,2,0,0,0,0,0,1,1,0,797756,6467,5828570,565,13,38999114,52,52569301
136445,11,1,2020,1,9,5,3,2,6,0,1,1,0,0,0,0,0,797987,7045,5826863,512,13,39185787,52,51026521
136446,11,1,2020,1,18,5,3,6,4,2,0,1,1,0,0,0,0,800056,4647,5827394,582,13,42272851,52,51389143
136447,11,11,2020,1,8,5,3,2,2,0,0,1,0,0,0,0,0,805194,393,5829104,166,13,49977666,52,526363
136448,11,1,2020,1,14,2,3,5,2,0,1,1,0,0,0,0,0,794425,8677,5831447,292,13,34358696,52,55328982
136449,11,9,2020,1,8,5,3,1,6,0,1,1,0,0,0,0,0,811022,9902,5820295,38,13,57719865,52,4441267
136450,11,4,2020,1,13,4,3,5,3,0,1,1,0,0,0,0,0,793494,8139,5825202,803,13,32438254,52,49781359
136451,11,7,2020,1,7,5,3,2,2,1,0,1,0,1,0,0,1,799734,4294,5814500,256,13,40642207,52,39848902
136452,11,3,2020,1,17,4,3,1,5,2,0,1,0,0,0,1,1,797381,4603,5833409,166,13,38880986,52,56926985
136453,11,5,2020,1,6,5,2,6,2,2,0,1,1,0,0,0,0,784285,646,5830352,287,13,19348819,52,54886006
136454,11,1,2020,1,6,5,3,5,2,2,0,1,0,0,0,0,0,795524,5012,5830751,609,13,35912477,52,54645867
136455,11,6,2020,1,13,2,3,0,6,0,0,1,0,0,0,1,0,794418,4291,5820159,806,13,3334972,52,45210826
136456,11,8,2020,1,20,3,3,9,1,2,0,1,0,0,0,0,1,800576,6987,5821828,146,13,42535122,52,46371107
136457,11,11,2020,1,18,5,2,6,3,2,0,1,1,0,0,0,0,803208,8651,5830269,886,13,47166258,52,53791892
136458,11,1,2020,1,14,5,3,1,5,0,1,1,0,0,0,0,0,796887,9509,5828905,788,13,37752348,52,52917166
136459,11,1,2020,1,18,5,3,5,3,2,1,1,0,0,0,0,0,798813,279,5829357,519,13,40622328,52,53216898
136460,11,1,2020,1,22,3,3,6,2,2,0,0,1,0,0,1,1,796301,3906,5830595,966,13,37040921,52,54464152
136461,11,2,2020,1,7,5,3,5,2,1,1,1,0,0,0,0,1,800798,6886,5825592,976,13,43200539,52,49733435
136462,11,1,2020,1,9,4,3,2,6,0,0,1,0,0,0,0,0,794646,7716,5830833,87,13,34629068,52,54766448
136463,11,3,2020,1,7,3,3,6,2,0,0,1,1,0,0,0,1,799612,2912,5835393,688,13,42342011,52,58583443
136464,11,6,2020,1,20,5,3,1,5,2,1,1,0,0,0,0,0,791659,6968,5817467,426,13,29066637,52,42944987
136465,11,12,2020,1,17,5,3,6,4,2,0,1,1,0,0,0,0,785216,5676,5837073,527,13,21297172,52,60863435
136466,11,11,2020,1,7,5,3,5,3,1,1,0,0,0,0,1,0,805193,8755,5828716,451,13,49941325,52,52288843
136467,11,5,2020,1,13,2,3,5,3,0,1,1,0,0,0,0,0,785279,4019,5828765,717,13,20675029,52,53411522
136468,11,8,2020,1,15,4,2,6,4,0,0,1,1,0,0,0,0,800782,43,5817429,31,13,424405,52,42416938
136469,11,7,2020,1,13,5,3,5,2,0,0,1,0,0,0,0,1,795804,329,5816023,804,13,35016871,52,41428367
136470,11,1,2020,2,4,2,3,5,3,2,0,1,0,0,0,0,1,798511,4563,5830042,583,13,40240597,52,53847485
136471,11,9,2020,2,17,1,3,0,7,2,0,1,0,1,0,0,0,809292,268,5819618,859,13,55119004,52,4390485
136472,11,1,2020,2,13,2,3,2,2,0,0,1,0,0,0,1,1,795462,7781,5831573,483,13,3589485,52,55385951
136473,11,1,2020,2,6,2,3,6,4,1,0,0,1,1,0,0,0,794542,5382,5829083,18,13,34320651,52,53203274
136474,11,4,2020,2,15,1,3,2,6,0,0,1,0,0,0,0,1,793893,78,5826058,673,13,33098673,52,50527175
136475,11,8,2020,2,15,4,3,0,3,0,1,0,0,0,0,1,0,801636,2899,5817396,46,13,43690022,52,42340472
136476,11,2,2020,2,20,1,3,5,3,2,0,1,0,1,0,0,1,800399,1006,5825791,316,13,42631579,52,49933222
136477,11,2,2020,2,17,1,3,5,3,2,1,1,0,0,0,0,0,801216,722,5828645,513,13,44089772,52,52446458
136478,11,8,2020,2,18,2,3,1,5,2,1,1,0,0,0,0,1,800954,5567,5822557,57,13,43155418,52,47004117
136479,11,2,2020,2,16,1,3,0,7,0,0,1,0,0,0,1,0,801010,1097,5826751,88,13,43615794,52,50760531
136480,11,7,2020,2,8,3,3,4,6,0,1,0,0,0,0,0,0,794778,9683,5822871,613,13,34118266,52,47622379
136481,11,12,2020,2,4,1,2,1,1,2,0,1,0,0,0,1,0,792297,7563,5833651,634,13,31423059,52,57419715
136482,11,1,2020,2,13,1,3,2,6,0,0,1,0,0,0,0,0,796100,9105,5826711,343,13,36400212,52,50992859
136483,11,11,2020,2,20,1,3,6,2,2,0,1,1,0,0,0,1,806688,5339,5826892,794,13,51969365,52,50570589
136484,11,4,2020,2,15,3,3,5,2,0,1,1,0,0,0,0,1,791701,775,5829739,312,13,30202276,52,53944399
136485,11,3,2020,2,8,4,3,5,3,0,1,1,0,0,0,0,1,801199,9911,5830697,93,13,44252127,52,54286951
136486,11,2,2020,2,19,1,3,0,7,2,0,1,1,0,0,0,1,800159,1852,5825045,261,13,42211989,52,49277704
136487,11,4,2020,2,17,2,3,5,2,2,0,1,0,0,0,0,1,792060,1663,5824057,561,13,30230525,52,48831634
136488,11,7,2020,2,14,1,3,2,6,0,1,1,0,0,0,0,0,797524,8722,5819592,862,13,37857122,52,44534429
136489,11,1,2020,2,19,3,3,2,6,2,0,1,0,0,0,0,1,796999,3263,5831896,742,13,38183446,52,55592143
136490,11,4,2020,2,19,1,2,5,3,2,1,1,0,0,0,0,1,791847,511,5825217,256,13,30019815,52,49882659
136491,11,1,2020,2,13,1,3,5,2,0,0,1,0,0,0,0,0,799245,7316,5828468,891,13,4117835,52,52396641
136492,11,4,2020,2,8,5,3,5,2,0,1,0,0,0,0,1,0,790398,7703,5829029,519,13,28224422,52,53377665
136493,11,1,2020,2,19,1,3,2,6,2,1,0,0,0,0,1,1,799797,3249,5827534,754,13,41904752,52,51529034
136494,11,9,2020,2,10,3,3,5,7,0,0,1,0,0,0,1,0,809396,7948,5821505,1,13,55446971,52,45589363
136495,11,1,2020,2,10,2,3,5,3,0,0,1,0,0,0,0,1,795116,9408,5826082,499,13,34898813,52,50482467
136496,11,5,2020,2,12,7,3,2,6,0,0,1,0,0,0,0,0,783416,4945,5826742,282,13,17763471,52,51694458
136497,11,1,2020,2,11,2,2,5,3,0,0,1,0,0,0,1,1,797506,7427,5831285,723,13,38874933,52,55016747
136498,11,1,2020,2,13,3,3,1,5,0,0,1,0,0,0,0,0,794858,233,5831983,659,13,35041892,52,55786413
136499,11,6,2020,2,19,1,3,6,2,2,0,1,1,0,0,0,1,794726,2283,5820048,791,13,33791558,52,4509472
136500,11,4,2020,2,12,7,3,0,5,0,0,0,0,0,0,1,0,792023,9273,5824052,329,13,30176847,52,48828882
136501,11,4,2020,2,15,2,3,1,5,0,0,1,0,0,0,0,1,793006,4387,5823296,113,13,31553246,52,48098314
136502,11,2,2020,2,12,7,3,2,6,0,0,1,0,0,0,0,0,800595,2543,5827067,585,13,43034896,52,5106638
136503,11,1,2020,2,18,3,3,6,2,2,0,0,1,0,0,1,0,797152,714,5831394,508,13,38364076,52,55133584
136504,11,8,2020,2,18,1,3,6,2,2,0,1,1,0,0,0,1,803167,6002,5818439,633,13,4602966,52,43190853
136505,11,4,2020,2,11,7,3,5,2,0,1,1,0,0,0,0,0,794154,6741,5824098,81,13,33310011,52,48756161
136506,11,10,2020,2,14,4,3,8,1,0,0,0,0,0,1,0,0,810062,124,5833193,66,13,57511439,52,56025929
136507,11,12,2020,2,17,1,2,6,2,2,0,1,1,0,0,0,1,795277,3677,5836378,55,13,36050058,52,59702851
136508,11,4,2020,2,21,3,3,6,7,2,0,1,1,0,0,0,1,791374,1918,5825030,636,13,2930821,52,49740648
136509,11,4,2020,2,8,2,3,5,2,0,1,1,0,0,0,0,1,791577,8306,5824872,149,13,2959346,52,49587689
136510,11,12,2020,2,11,7,3,1,1,0,0,1,0,0,0,0,0,796282,5554,5833252,686,13,37250369,52,56846641
136511,11,1,2020,2,11,2,3,5,3,0,1,1,0,0,0,0,1,798870,514,5829488,903,13,40717956,52,53331539
136512,11,1,2020,2,6,2,3,5,2,2,1,1,0,0,0,0,0,798616,4368,5827000,201,13,40121733,52,51114663
136513,11,1,2020,2,17,1,3,5,2,2,1,0,0,0,0,1,1,798081,4206,5830001,1,13,39604695,52,53833841
136514,11,9,2020,2,16,4,2,5,3,0,1,1,0,0,0,0,0,811034,39,5816248,822,13,57360358,52,40785954
136515,11,5,2020,2,16,1,3,6,4,1,0,1,1,0,0,0,1,785381,3206,5830228,74,13,20950496,52,54717315
136516,11,1,2020,2,2,7,2,3,6,2,0,1,0,0,0,0,0,798476,311,5829093,165,13,40103671,52,5299839
136517,11,10,2020,2,20,2,2,5,2,2,0,1,0,0,0,0,1,808345,982,5828203,626,13,54525071,52,51651929
136518,11,7,2020,2,22,4,3,5,7,2,0,1,0,0,0,0,0,794293,5791,5822129,64,13,33340198,52,46983414
136519,11,5,2020,2,16,1,3,5,7,1,0,1,0,1,0,0,1,785405,3398,5830348,241,13,20996149,52,54823797
136520,11,6,2020,2,18,2,3,5,3,2,1,1,0,0,0,0,1,792100,2783,5820284,106,13,29959017,52,45446627
136521,11,5,2020,2,13,3,2,5,2,0,0,1,0,0,0,0,0,781547,642,5830703,526,13,15352222,52,55343124
136522,11,4,2020,2,15,2,3,5,3,0,0,1,0,0,0,0,1,790959,5119,5824829,512,13,28681515,52,49582464
136523,11,4,2020,2,1,7,3,0,2,2,1,1,0,0,0,0,0,792699,7419,5825401,313,13,31287843,52,50002018
136524,11,1,2020,2,8,2,3,0,5,0,1,0,0,0,0,1,1,795711,8579,5831247,156,13,36232094,52,55079911
136525,11,3,2020,2,5,2,3,5,3,2,1,1,0,0,0,0,1,800107,8412,5831704,331,13,42737449,52,5524928
136526,11,3,2020,2,16,1,3,5,2,1,0,1,0,1,0,0,1,800940,572,5831180,806,13,43914497,52,54734094
136527,11,10,2020,2,15,4,3,6,2,0,0,1,1,0,0,0,0,807921,5425,5829228,77,13,53996384,52,52594014
136528,11,6,2020,2,16,1,2,5,7,1,0,1,0,0,0,0,1,796285,4776,5816895,38,13,35799812,52,4218333
136529,11,1,2020,2,21,7,3,0,2,2,1,0,0,0,0,1,0,795546,8284,5828216,376,13,35719856,52,52372043
136530,11,12,2020,2,18,2,2,6,2,2,0,1,1,0,0,0,1,795339,2407,5833836,364,13,35914602,52,57421114
136531,11,6,2020,2,21,7,2,5,2,2,0,1,0,0,0,0,0,792936,4908,5817750,71,13,30963959,52,43130158
136532,11,1,2020,2,23,3,3,1,5,2,0,1,0,0,1,0,1,797353,2735,5830495,744,13,38578532,52,54317009
136533,11,7,2020,2,22,1,2,5,2,2,0,1,0,0,0,0,1,794956,4184,5825652,197,13,34624882,52,50105412
136534,11,1,2020,2,19,7,3,5,2,2,0,1,0,0,0,0,0,797173,7368,5831915,54,13,38441586,52,55599044
136535,11,7,2020,2,17,7,3,5,3,2,0,1,0,1,0,0,0,796693,3819,5824308,46,13,37056597,52,4880672
136536,11,4,2020,2,10,3,3,0,7,0,1,0,0,0,0,0,0,791854,8256,5825626,851,13,30066457,52,50249464
136537,11,6,2020,2,12,2,3,2,6,0,0,1,0,0,0,0,0,794989,832,5819176,474,13,34100208,52,44298558
136538,11,3,2020,2,17,7,3,5,3,1,1,1,0,0,0,0,0,798388,44,5831802,944,13,40217908,52,55432137
136539,11,3,2020,2,14,1,3,5,3,0,1,1,0,0,0,0,1,798077,6114,5834697,3,13,40020889,52,58043537
136540,11,9,2020,2,6,4,3,6,2,1,0,1,1,0,0,0,1,808822,736,5814873,864,13,53992591,52,39678891
136541,11,2,2020,2,14,1,3,5,2,0,0,1,0,0,0,0,1,798304,577,5825320,297,13,39512297,52,49625937
136542,11,2,2020,2,17,2,3,5,3,2,1,1,0,0,0,0,1,800312,2126,5827612,829,13,4266829,52,5157069
136543,11,8,2020,2,15,7,3,1,5,0,1,0,0,0,0,1,0,800411,6072,5823338,629,13,4242886,52,47734097
136544,11,12,2020,2,18,3,3,6,2,2,0,0,1,0,1,0,1,795065,7466,5832479,998,13,35391542,52,56220087
136545,11,7,2020,2,13,1,3,5,3,0,0,1,0,0,0,0,1,797834,8081,5818564,35,13,38220137,52,435956
136546,11,7,2020,2,14,7,2,5,3,0,0,1,0,1,0,0,0,797671,3773,5819324,802,13,38048164,52,44286166
136547,11,7,2020,2,23,5,3,6,2,2,0,1,1,0,0,0,0,795814,9043,5820978,975,13,35471309,52,45869761
136548,11,4,2020,2,13,1,3,2,6,0,0,1,0,0,0,0,1,790451,7535,5826011,962,13,28038822,52,50669587
136549,11,6,2020,2,8,3,3,2,7,0,1,0,0,0,1,0,1,794286,3094,5817569,633,13,32927773,52,42895955
136550,11,2,2020,2,5,5,3,5,3,2,0,1,0,1,0,0,0,798160,4691,5824813,705,13,39256076,52,49179685
136551,11,1,2020,2,0,1,3,2,6,2,0,1,0,0,0,0,0,794999,7532,5825947,685,13,34714715,52,50367953
136552,11,10,2020,2,15,3,2,5,3,0,0,1,0,0,0,1,0,807995,8431,5829212,578,13,54104122,52,52575927
136553,11,9,2020,2,11,2,3,0,4,0,0,0,1,0,0,1,1,808107,3701,5818934,94,13,5331827,52,43358034
136554,11,9,2020,2,13,7,3,2,6,0,0,1,0,0,0,0,0,809876,5828,5821819,251,13,56179968,52,45843719
136555,11,12,2020,2,14,3,3,6,7,0,1,0,1,0,0,0,0,793233,8626,5835958,875,13,33004606,52,5943766
136556,11,1,2020,2,3,7,3,0,1,2,0,0,0,0,0,1,0,795662,9015,5828182,817,13,35887459,52,52335667
136557,11,2,2020,2,13,7,3,2,6,0,0,1,0,0,0,0,0,800515,4322,5828472,563,13,43044534,52,523301
136558,11,3,2020,2,14,4,2,5,3,0,1,1,0,0,0,0,0,802772,2647,5831659,994,13,46651201,52,55062092
136559,11,1,2020,2,16,7,3,5,2,1,0,1,0,1,0,0,1,795188,7859,5827212,117,13,3510454,52,51491199
136560,11,1,2020,2,18,3,3,6,7,2,0,1,1,0,0,0,1,794061,5528,5828457,889,13,33558325,52,52668853
136561,11,1,2020,2,6,2,3,6,2,2,0,0,1,0,0,1,1,794606,8673,5829879,6,13,34485827,52,53913875
136562,11,5,2020,2,20,6,3,1,5,2,0,1,0,1,0,0,0,786392,7216,5829168,626,13,22346623,52,5371437
136563,11,7,2020,2,8,2,3,2,6,0,0,1,0,0,0,0,1,799432,3905,5820429,77,13,40730381,52,45180479
136564,11,9,2020,2,7,2,3,0,1,2,0,0,0,1,0,0,1,810535,869,5820314,371,13,57007264,52,4445768
136565,11,8,2020,2,9,2,3,6,2,0,0,0,1,0,1,0,1,800643,4516,5816184,48,13,42125419,52,4130836
136566,11,1,2020,2,21,6,3,0,7,2,0,1,0,1,0,0,0,797910,7041,5828867,317,13,39252112,52,52826886
136567,11,9,2020,2,8,2,3,5,3,0,0,1,0,0,0,0,1,820416,3114,5819656,775,13,71432386,52,43298538
136568,11,4,2020,2,13,3,2,5,3,0,0,1,0,0,0,0,0,791139,984,5822585,31,13,28749273,52,47560956
136569,11,2,2020,2,20,7,3,5,2,2,1,0,0,1,0,0,1,797749,362,5824034,295,13,38582718,52,48503473
136570,11,1,2020,2,18,4,3,3,6,2,1,0,0,0,0,0,0,797553,1275,5828340,706,13,38679444,52,52374372
136571,11,12,2020,2,19,7,3,2,6,2,0,1,0,0,0,0,1,791279,6322,5834123,448,13,29966399,52,5789727
136572,11,9,2020,2,22,2,3,0,1,2,0,0,0,1,0,0,1,801664,144,5825149,341,13,44431187,52,49288038
136573,11,2,2020,2,12,2,3,1,5,0,1,0,0,0,1,0,0,802452,1327,5827414,169,13,45794195,52,51274387
136574,11,3,2020,2,18,3,3,6,4,1,0,1,1,0,0,0,0,797934,4733,5833660,41,13,39717091,52,57121951
136575,11,1,2020,2,15,2,2,2,6,0,0,1,0,0,0,1,1,797452,6481,5826843,866,13,38397955,52,51038113
136576,11,2,2020,2,19,6,2,6,4,2,0,1,1,0,0,0,0,800617,991,5828482,39,13,43196132,52,52333255
136577,11,1,2020,2,8,2,3,5,2,0,1,1,0,0,0,0,1,795453,3529,5827716,745,13,35538098,52,51929231
136578,11,4,2020,2,19,7,3,6,2,2,0,1,1,0,0,0,1,790798,8862,5827374,111,13,28667869,52,51872263
136579,11,3,2020,2,14,2,2,0,7,0,0,0,1,0,1,0,1,800149,1047,5837870,7,13,43356425,52,60773411
136580,11,7,2020,2,8,4,3,0,1,0,0,0,0,1,0,0,1,795532,209,5825531,636,13,35459964,52,49966185
136581,11,1,2020,2,19,7,3,0,6,2,0,1,0,1,0,0,1,799409,247,5828885,241,13,41455804,52,5276087
136582,11,11,2020,2,18,7,3,6,4,2,0,1,1,0,0,0,1,807239,4738,5824069,78,13,52518227,52,4800957
136583,11,3,2020,2,17,2,3,6,4,2,0,1,1,0,0,0,1,802262,5207,5832657,232,13,45992503,52,55984212
136584,11,6,2020,2,15,4,3,2,6,0,1,1,0,0,0,0,0,795433,744,5820414,724,13,3486203,52,45384565
136585,11,9,2020,2,17,7,2,6,4,1,0,1,1,0,0,0,1,810618,7449,5822956,914,13,57374628,52,46821119
136586,11,8,2020,2,19,6,3,5,5,2,0,1,0,0,0,0,0,802383,9165,5817902,972,13,44831933,52,42753208
136587,11,12,2020,2,19,2,3,5,3,2,0,1,0,0,0,0,1,792972,8392,5837567,31,13,32762682,52,60893342
136588,11,4,2020,2,19,6,3,2,6,2,0,1,0,0,0,0,0,792330,1735,5825390,521,13,30744016,52,50012154
136589,11,7,2020,2,8,3,3,3,6,0,1,1,0,0,0,0,0,799919,1529,5814005,7,13,4086857,52,39394863
136590,11,9,2020,2,22,1,1,0,7,2,1,0,0,0,0,0,1,814259,7621,5821456,815,13,6257581,52,45268689
136591,11,9,2020,2,6,6,3,1,5,2,0,1,0,0,0,1,0,807867,5087,5818113,704,13,52891035,52,42636288
136592,11,12,2020,2,16,7,3,8,1,1,0,1,0,0,0,0,1,788625,5881,5836143,97,13,26236558,52,59850131
136593,11,1,2020,2,18,2,2,6,4,2,0,1,1,0,0,0,1,796982,1435,5828748,352,13,37876729,52,52770911
136594,11,6,2020,2,12,3,3,5,3,0,0,1,0,0,0,0,0,795778,2637,5818991,353,13,35241532,52,44089979
136595,11,5,2020,2,16,2,3,2,6,0,0,1,0,0,0,1,1,788134,3102,5827852,749,13,24793256,52,52442828
136596,11,7,2020,2,18,6,3,2,6,2,0,1,0,0,0,0,0,797675,6134,5819325,874,13,38054473,52,44286897
136597,11,2,2020,2,16,3,3,2,6,0,1,1,0,0,0,0,1,801117,3163,5827530,155,13,43843689,52,51452198
136598,11,3,2020,2,17,2,3,6,2,2,0,1,1,0,0,0,1,799612,8985,5835394,46,13,42342937,52,58583731
136599,11,1,2020,2,17,6,2,0,3,2,1,1,0,0,0,0,0,796868,5824,5831556,672,13,37960752,52,55294439
136600,11,1,2020,2,19,3,2,0,6,2,1,0,0,0,0,1,1,798719,1424,5829060,994,13,40457686,52,52956252
136601,11,4,2020,2,15,1,3,6,7,0,0,1,1,0,0,0,1,793666,9435,5825760,595,13,32740272,52,50272134
136602,11,6,2020,2,17,6,3,5,2,2,0,1,0,1,0,0,0,795522,573,5818639,566,13,34835351,52,43788447
136603,11,12,2020,2,8,5,3,5,2,0,0,1,0,0,0,0,0,792355,2734,5834061,23,13,3154379,52,57783625
136604,11,3,2020,2,12,7,3,5,3,0,0,1,0,0,0,0,1,801670,6305,5829261,132,13,44813596,52,52973109
136605,11,3,2020,2,17,2,2,0,1,2,0,1,0,1,0,0,1,799251,8721,5829427,819,13,41273681,52,53255837
136606,11,1,2020,2,10,3,3,1,5,0,1,1,0,0,0,0,0,795498,1301,5829555,476,13,35767312,52,53575071
136607,11,6,2020,2,10,2,3,4,6,0,0,1,0,0,0,0,1,795879,5489,5819858,856,13,3546693,52,44862156
136608,11,5,2020,2,16,6,3,2,6,1,0,1,0,0,0,0,0,781280,1191,5830763,38,13,14963757,52,55410616