OBJECTID,LAND,BEZ,UJAHR,UMONAT,USTUNDE,UWOCHENTAG,UKATEGORIE,UART,UTYP1,ULICHTVERH,IstRad,IstPKW,IstFuss,IstKrad,IstGkfz,IstSonstige,USTRZUSTAND,LINREFX,LINREFY,XGCSWGS84,YGCSWGS84,,,,
136609,11,8,2020,2,7,2,3,5,3,0,1,1,0,0,0,0,1,801520,5751,5817350,706,13,43516242,52,42305838
136610,11,12,2020,2,14,3,2,5,3,0,0,1,0,0,0,1,1,791631,9596,5838910,36,13,30906525,52,62169397
136611,11,3,2020,2,15,7,3,6,4,0,0,1,1,0,0,0,1,799992,588,5835307,39,13,42893807,52,58484822
136612,11,6,2020,2,15,6,3,2,2,0,0,1,0,0,0,1,1,795765,7413,5818179,46,13,35151288,52,43362477
136613,11,6,2020,2,16,4,3,5,3,0,0,1,0,0,0,0,0,796753,5904,5817160,119,13,36509695,52,42395589
136614,11,3,2020,2,15,7,3,5,2,0,0,1,0,0,0,0,1,802375,6823,5828833,217,13,45810865,52,52550511
136615,11,1,2020,2,14,7,3,0,1,0,1,0,0,0,0,0,1,799582,9315,5828469,918,13,41673973,52,52379044
136616,11,3,2020,2,14,6,3,2,6,0,0,1,0,0,0,0,0,802310,5323,5829188,201,13,45747401,52,52872293
136617,11,9,2020,2,14,4,3,2,6,0,0,1,0,0,0,1,0,806478,2638,5820028,797,13,51029825,52,44430667
136618,11,7,2020,2,12,7,3,5,2,0,0,1,0,0,0,0,1,799049,5416,5816808,241,13,3984471,52,41955182
136619,11,7,2020,2,6,3,3,5,3,2,0,0,0,1,0,1,0,797605,3552,5818743,24,13,37899528,52,43768447
136620,11,4,2020,2,9,2,3,5,2,0,1,1,0,0,0,0,1,793204,8874,5825203,109,13,3201242,52,49797218
136621,11,5,2020,2,14,6,3,2,6,0,0,1,0,0,0,0,0,785206,235,5831325,13,13,20787238,52,5571009
136622,11,1,2020,2,16,1,3,0,5,1,0,1,0,0,0,1,0,797546,4462,5832727,124,13,39062525,52,56306609
136623,11,2,2020,2,10,3,3,5,7,0,1,1,0,0,0,0,1,799598,3592,5825842,267,13,41460097,52,50022911
136624,11,9,2020,2,12,7,3,5,3,0,1,1,0,0,0,0,1,804574,5358,5822013,22,13,48418507,52,46315443
136625,11,3,2020,2,17,2,3,0,2,1,0,0,1,0,0,1,1,802263,652,5831576,99,13,45894946,52,55015975
136626,11,2,2020,2,16,4,3,5,3,1,1,1,0,0,0,0,0,800632,8359,5827313,23,13,43112295,52,51284488
136627,11,6,2020,2,4,7,2,1,1,2,0,1,0,0,0,0,1,793408,8381,5817213,309,13,31609638,52,42623649
136628,11,3,2020,2,16,2,3,6,4,0,0,1,1,0,0,0,1,803978,4962,5841306,875,13,49310058,52,63640885
136629,11,4,2020,2,19,2,3,9,1,2,0,1,1,0,0,0,1,792752,7192,5827024,532,13,31508416,52,5145434
136630,11,7,2020,2,11,3,3,2,2,0,0,1,0,1,0,0,0,794529,3324,5822868,42,13,33751492,52,47632985
136631,11,3,2020,2,12,2,2,5,2,0,0,1,0,0,0,0,1,798051,4139,5837196,458,13,40207211,52,60285098
136632,11,6,2020,2,8,2,3,6,4,0,0,1,1,0,0,0,1,793189,1804,5820234,657,13,31552565,52,45343997
136633,11,2,2020,2,1,2,3,5,2,2,0,1,0,0,0,0,1,798593,1238,5825576,109,13,39959767,52,49839432
136634,11,12,2020,2,14,6,3,5,3,0,0,1,0,1,0,0,0,796662,7136,5832733,877,13,37763228,52,56360886
136635,11,1,2020,2,10,1,2,6,7,0,0,1,1,0,0,0,0,797448,1952,5829554,241,13,38633808,52,53467885
136636,11,3,2020,2,7,2,2,6,4,1,0,1,1,0,0,0,1,798834,3803,5834949,285,13,41157151,52,58227894
136637,11,3,2020,2,12,7,2,5,2,0,0,1,0,0,0,0,1,796794,6224,5833966,136,13,38067521,52,57458269
136638,11,4,2020,2,15,4,3,5,3,0,1,1,0,0,0,0,0,793450,124,5823804,797,13,32249322,52,48530511
136639,11,10,2020,1,5,6,3,6,2,2,0,1,1,0,0,0,1,810594,699,5832138,654,13,58196063,52,55050678
136640,11,11,2020,2,14,6,3,5,2,0,1,1,0,0,0,0,0,803850,3473,5830392,455,13,48120369,52,53866019
136641,11,6,2020,2,18,2,3,6,2,2,0,1,1,0,0,0,1,793117,104,5817663,929,13,31221169,52,43043263
136642,11,5,2020,2,12,6,3,0,5,0,0,1,0,0,0,1,0,784652,2177,5827812,998,13,196713,52,52590106
136643,11,9,2020,2,8,3,2,6,4,0,0,0,1,0,0,1,0,805058,7261,5822768,935,13,49198094,52,4696593
136644,11,2,2020,2,23,1,3,5,2,2,0,1,0,1,0,0,1,803233,6471,5826799,942,13,46886336,52,50680478
136645,11,4,2020,2,13,6,3,5,2,0,0,1,0,0,0,0,0,791660,9183,5830679,191,13,3022473,52,54789166
136646,11,12,2020,1,23,6,3,1,5,2,1,1,0,0,0,0,0,791166,5499,5835495,131,13,29920514,52,59133002
136647,11,10,2020,2,15,2,2,5,3,0,1,1,0,0,0,0,1,807841,8572,5829091,13,13,5386662,52,52475783
136648,11,4,2020,2,12,6,3,0,3,0,0,1,0,1,0,0,0,791379,1737,5825908,147,13,29392311,52,50527065
136649,11,7,2020,1,21,6,3,5,3,2,1,1,0,0,0,0,0,797540,515,5819898,226,13,37907267,52,44807306
136650,11,11,2020,2,7,4,3,5,2,0,1,0,0,0,0,1,1,803583,7872,5828338,443,13,47540993,52,52039926
136651,11,4,2020,1,19,6,3,5,2,0,0,1,0,0,0,0,0,791390,2083,5828586,634,13,29643122,52,52927711
136652,11,11,2020,2,17,2,3,5,3,2,1,1,0,0,0,0,1,804568,7515,5832750,517,13,49392604,52,55939323
136653,11,9,2020,2,12,6,3,5,7,0,0,1,0,0,0,1,0,806666,393,5822041,966,13,51490613,52,46224393
136654,11,1,2020,2,15,3,3,5,3,0,0,1,0,0,0,0,1,797843,45,5831342,824,13,39374515,52,55049556
136655,11,4,2020,1,18,6,3,5,7,2,0,1,0,0,0,0,0,794083,4513,5824090,503,13,33204688,52,48752551
136656,11,7,2020,2,12,6,3,5,3,0,0,1,0,0,0,0,0,796930,226,5818524,543,13,3688955,52,4360911
136657,11,2,2020,2,19,5,3,5,2,2,1,1,0,0,0,0,0,797263,9266,5825187,826,13,3797285,52,49563942
136658,11,4,2020,1,17,6,3,5,3,2,1,1,0,0,0,0,0,793506,4923,5825218,408,13,32456783,52,4979472
136659,11,1,2020,2,10,3,3,5,2,0,0,1,0,0,1,0,0,794497,9342,5829896,33,13,34327157,52,53934761
136660,11,2,2020,2,10,2,3,0,7,0,0,0,0,0,1,0,1,798699,3274,5825586,329,13,40116667,52,49842781
136661,11,9,2020,2,6,6,3,1,5,1,0,1,0,0,0,0,0,805839,2754,5819669,1,13,5005968,52,44143983
136662,11,5,2020,2,15,3,2,0,6,0,0,1,0,0,0,1,0,785168,1794,5828946,591,13,20527021,52,53579512
136663,11,11,2020,2,12,2,3,2,6,0,0,1,0,0,0,0,1,803525,2128,5829764,873,13,47585134,52,53321655
136664,11,4,2020,2,15,6,1,3,1,0,1,1,0,0,0,0,0,793325,5639,5826091,78,13,32267896,52,50586761
136665,11,7,2020,2,14,3,3,5,5,0,1,1,0,0,0,0,0,799347,595,5813158,673,13,39954727,52,38667515
136666,11,4,2020,1,15,6,3,6,4,0,0,1,1,0,0,0,0,793355,3692,5822858,356,13,32027068,52,47687146
136667,11,4,2020,2,15,5,3,6,2,0,0,1,1,0,0,0,0,792958,2281,5823358,287,13,31487921,52,48156637
136668,11,1,2020,2,14,4,3,2,2,0,0,1,0,0,0,0,0,794830,4752,5830304,995,13,34852322,52,54283116
136669,11,12,2020,1,12,6,3,1,5,0,1,1,0,0,0,1,0,787388,8037,5837426,696,13,24526942,52,61065649
136670,11,1,2020,2,14,2,3,2,6,0,0,1,0,0,0,0,1,799164,372,5826955,726,13,40922725,52,51044776
136671,11,1,2020,2,18,3,3,6,2,2,0,1,1,0,0,0,1,796152,3564,5832262,349,13,36970432,52,55965994
136672,11,8,2020,2,7,2,3,5,3,0,1,1,0,0,0,0,1,799793,3994,5823671,116,13,41551232,52,48066091
136673,11,9,2020,2,20,5,3,5,2,2,0,1,0,0,0,1,0,810273,7896,5820375,226,13,5662855,52,44527094
136674,11,1,2020,2,9,1,3,2,6,0,1,1,0,0,0,0,0,797654,6887,5828093,501,13,38806574,52,5214724
136675,11,12,2020,2,7,2,3,2,6,1,0,1,0,0,0,0,1,790205,6547,5835859,996,13,28538002,52,59511454
136676,11,9,2020,1,12,6,3,5,3,0,1,1,0,0,0,0,1,815342,685,5814647,609,13,63522428,52,3910471
136677,11,4,2020,2,16,4,3,2,6,0,0,1,0,0,0,0,0,792823,3921,5825513,766,13,31479366,52,50096195
136678,11,3,2020,2,4,1,2,9,1,2,0,0,0,1,0,0,0,800301,7963,5831590,779,13,43012384,52,5513681
136679,11,5,2020,2,13,3,3,6,4,0,0,1,1,0,0,0,0,781816,1636,5831683,325,13,15830423,52,56207765
136680,11,9,2020,1,14,6,3,0,1,0,1,0,0,0,0,0,0,805829,3329,5821881,626,13,50247696,52,46127599
136681,11,4,2020,2,18,4,3,3,6,2,0,1,0,0,0,0,0,790129,4571,5825369,678,13,27509323,52,5011092
136682,11,5,2020,1,12,6,3,0,1,0,1,0,0,0,0,0,0,784797,3564,5826499,32,13,19772155,52,51404422
136683,11,8,2020,2,18,2,2,6,2,2,0,1,1,0,0,0,1,800315,8401,5816727,453,13,41693948,52,41813429
136684,11,1,2020,2,17,3,3,6,4,2,0,1,1,0,0,0,1,794693,6044,5828454,708,13,34487018,52,52631874
136685,11,2,2020,2,15,2,3,5,2,0,0,1,0,0,0,0,1,800672,4999,5827569,817,13,43193751,52,51512287
136686,11,1,2020,2,19,5,3,5,2,2,1,1,0,0,0,0,0,799508,7688,5828114,94,13,41533022,52,52064936
136687,11,4,2020,2,22,1,3,6,2,2,0,1,1,0,0,0,1,792692,122,5825473,117,13,31282961,52,50066797
136688,11,9,2020,1,14,6,3,0,1,0,1,0,0,0,0,0,0,806964,3318,5821080,357,13,51839364,52,45345844
136689,11,1,2020,2,8,4,3,5,2,0,1,0,0,0,0,1,1,794896,7303,5830252,9,13,34945034,52,54232033
136690,11,1,2020,1,11,6,3,3,6,0,1,1,0,0,0,0,0,794252,1086,5828450,585,13,33837755,52,52652024
136691,11,4,2020,2,17,2,3,2,6,2,1,1,0,0,0,0,1,794193,4733,5823088,538,13,33277831,52,47848412
136692,11,5,2020,2,18,5,3,2,6,2,0,1,0,1,0,0,0,786342,3769,5829170,891,13,22272793,52,53719046
136693,11,5,2020,1,11,6,3,5,7,0,0,1,0,0,0,0,0,784673,6225,5827761,308,13,1969834,52,52542643
136694,11,5,2020,2,18,5,3,4,2,2,0,1,0,0,0,0,0,785655,9223,5828061,6,13,21168066,52,52760016
136695,11,1,2020,2,20,2,3,5,2,2,1,1,0,0,0,0,1,797543,9776,5828719,17,13,38699847,52,52713981
136696,11,1,2020,2,17,5,3,4,2,2,1,0,0,0,0,0,0,799633,5976,5828546,811,13,41755356,52,52445182
136697,11,12,2020,2,9,3,3,1,1,0,0,1,0,0,0,1,1,795626,8356,5834132,749,13,36364175,52,5767118
136698,11,9,2020,2,8,2,2,5,3,0,1,0,0,0,0,1,1,808989,7705,5818121,187,13,5453701,52,42579737
136699,11,2,2020,2,17,5,3,6,4,2,0,1,1,0,0,0,0,801898,5454,5825692,667,13,44824821,52,4976206
136700,11,9,2020,1,11,6,2,1,5,0,1,1,0,0,0,0,0,811990,647,5820468,351,13,59154297,52,44512895
136701,11,3,2020,2,5,4,3,6,2,2,0,1,1,0,0,0,1,803450,6001,5832817,539,13,47754381,52,56061815
136702,11,7,2020,2,16,2,3,2,6,1,0,1,0,0,0,0,1,797041,9932,5819740,965,13,37161902,52,44693444
136703,11,1,2020,2,17,5,3,6,2,2,0,1,1,0,0,0,0,794901,4261,5832030,808,13,35109918,52,55826328
136704,11,7,2020,2,16,3,3,5,2,0,0,1,0,0,0,0,1,799792,641,5813977,232,13,40680715,52,39376891
136705,11,8,2020,1,10,6,3,0,7,0,0,1,0,1,0,0,1,805749,5338,5817084,652,13,49691786,52,41832749
136706,11,7,2020,2,17,5,3,0,1,2,1,0,0,0,0,0,0,794711,789,5824738,44,13,34184658,52,49299149
136707,11,9,2020,2,14,4,3,0,7,0,1,1,0,0,0,0,0,812328,3261,5818436,3,13,59460538,52,4267259
136708,11,12,2020,2,6,3,3,6,2,2,0,1,1,0,0,0,1,793384,2216,5833149,728,13,32977278,52,56911327
136709,11,1,2020,2,22,1,3,5,3,2,0,1,0,0,0,0,1,795477,2216,5829575,932,13,35738394,52,53594541
136710,11,1,2020,2,16,5,3,5,2,1,1,0,0,1,0,0,0,797699,467,5829242,858,13,38975277,52,53175051
136711,11,4,2020,2,9,5,3,2,7,0,1,1,0,0,0,0,0,794113,425,5825713,5,13,33391388,52,50205445
136712,11,8,2020,1,9,6,3,5,3,0,1,1,0,0,0,0,0,800479,7258,5822980,97,13,42496634,52,47409765
136713,11,5,2020,2,13,3,3,0,2,0,0,1,0,0,0,1,0,786751,2135,5829272,486,13,22882694,52,53788635
136714,11,1,2020,2,11,2,3,2,6,0,0,1,0,0,0,0,1,797327,7337,5831907,23,13,38667346,52,5558344
136715,11,7,2020,2,16,5,3,2,2,0,0,1,0,0,0,0,0,796919,8602,5822284,942,13,3720898,52,4698052
136716,11,3,2020,2,18,3,3,2,2,2,0,1,0,0,0,0,1,800324,457,5831637,7,13,43049892,52,55177053
136717,11,10,2020,1,9,6,3,0,1,0,0,0,0,1,0,0,0,812247,7769,5830713,759,13,60492252,52,5367932
136718,11,5,2020,2,12,5,3,5,3,0,1,1,0,0,0,0,0,785408,5467,5830432,785,13,21008132,52,5489943
136719,11,2,2020,2,14,4,2,5,3,0,0,1,0,0,0,1,0,802694,7539,5827361,829,13,46145865,52,51214017
136720,11,2,2020,1,9,6,3,5,3,0,1,1,0,0,0,0,1,801273,4159,5827949,813,13,44111026,52,51819724
136721,11,7,2020,2,17,3,3,3,6,2,0,1,0,0,0,0,0,794970,3972,5823978,663,13,34497245,52,48604445
136722,11,10,2020,1,9,6,3,6,4,0,0,1,1,0,0,0,0,809822,9781,5826941,922,13,56577338,52,5043754
136723,11,1,2020,2,8,3,3,5,2,0,1,0,0,0,0,1,0,797901,7933,5827373,23,13,39105181,52,51487927
136724,11,3,2020,2,9,2,3,0,5,0,1,1,0,0,0,0,1,800065,5503,5837446,133,13,43194978,52,60398101
136725,11,9,2020,2,9,5,2,0,1,0,1,0,0,0,0,0,0,812011,5088,5821478,835,13,59280129,52,45417204
136726,11,3,2020,2,18,1,3,0,1,2,0,1,0,0,0,0,0,799797,6889,5831183,969,13,42234395,52,54799942
136727,11,8,2020,2,12,3,3,2,6,0,0,1,0,0,0,0,0,801408,6823,5821098,843,13,43690208,52,45671584
136728,11,12,2020,1,8,6,3,2,6,0,0,1,0,0,0,0,0,791191,5784,5830904,403,13,2955428,52,55016173
136729,11,7,2020,2,14,2,3,5,3,0,0,1,0,0,0,1,1,799051,2405,5821322,968,13,40251168,52,46001981
136730,11,11,2020,2,16,4,3,5,2,1,1,1,0,0,0,0,0,804141,7587,5828688,27,13,48392803,52,52322371
136731,11,11,2020,1,8,6,3,6,4,0,0,1,1,0,0,0,0,804977,3164,5832995,357,13,50015923,52,56135891
136732,11,6,2020,2,13,2,3,6,4,0,0,1,1,0,0,0,1,791645,3352,5820657,497,13,29324019,52,45805665
136733,11,5,2020,2,20,2,3,4,6,2,0,1,0,0,0,0,1,783954,7041,5823335,63,13,18263959,52,48611478
136734,11,1,2020,2,18,3,3,6,2,2,0,1,1,0,0,0,0,794554,637,5829073,303,13,34337575,52,53193911
136735,11,12,2020,2,14,2,3,5,3,0,0,1,0,0,0,0,1,791081,5662,5834252,37,13,29686243,52,58023445
136736,11,9,2020,2,9,5,3,5,3,0,0,1,0,0,0,0,0,803056,9843,5820923,174,13,46092691,52,45422989
136737,11,8,2020,1,8,6,3,3,6,0,0,0,0,0,0,1,0,805919,4365,5816201,791,13,49860153,52,41031983
136738,11,2,2020,2,8,4,3,5,2,0,1,1,0,0,0,0,1,798008,8196,5825271,83,13,39074288,52,49597951
136739,11,1,2020,2,16,6,2,1,5,1,0,1,0,1,0,0,1,797578,5668,5832108,764,13,39054322,52,55750575
136740,11,6,2020,2,13,4,3,0,3,0,0,1,0,1,0,0,1,793223,8142,5816822,838,13,31304074,52,42283517
136741,11,6,2020,2,9,7,3,2,6,0,0,1,0,0,0,0,0,795038,9063,5819072,658,13,34164132,52,44202804
136742,11,11,2020,2,18,7,3,6,4,2,0,1,1,0,0,0,0,806455,6208,5833664,693,13,52251719,52,5665276
136743,11,4,2020,2,9,3,3,2,2,0,0,1,0,0,0,0,1,791978,9818,5828554,724,13,30505782,52,528676
136744,11,1,2020,2,20,2,3,5,5,2,1,0,0,0,0,1,0,798190,2117,5826617,157,13,39461227,52,5079463
136745,11,1,2020,2,13,5,3,2,7,0,0,1,0,1,0,0,1,797672,15,5827990,919,13,38822835,52,52054342
136746,11,12,2020,2,16,6,3,2,6,0,0,1,0,0,0,0,0,791205,129,5830900,86,13,29573829,52,55011579
136747,11,9,2020,2,14,6,3,0,7,0,0,0,1,0,0,1,0,810477,235,5820235,997,13,56913989,52,44390773
136748,11,11,2020,2,18,4,3,2,6,2,0,0,0,1,0,1,1,805165,321,5829998,349,13,50017024,52,53439331
136749,11,8,2020,2,18,3,3,5,2,1,1,1,0,0,0,0,1,800876,1365,5822459,71,13,43031494,52,46920721
136750,11,4,2020,2,14,6,3,5,2,0,1,1,0,0,0,0,1,793947,625,5823413,631,13,32944712,52,48153112
136751,11,12,2020,2,9,3,2,2,6,0,0,1,0,1,0,0,1,792264,3994,5837213,984,13,3168827,52,60614991
136752,11,1,2020,2,6,6,1,0,7,2,0,0,0,0,0,1,0,797059,3246,5829310,125,13,38040363,52,53270273
136753,11,9,2020,2,7,2,3,2,7,0,0,1,0,0,1,0,1,802377,9467,5825334,889,13,45496389,52,49414844
136754,11,9,2020,2,14,2,3,3,6,0,0,1,0,0,0,1,0,808472,7085,5819035,85,13,5386335,52,43428639
136755,11,5,2020,2,7,5,3,6,4,0,0,1,1,0,0,0,0,785560,1265,5831777,362,13,21346742,52,56097005
136756,11,2,2020,2,10,2,3,5,2,0,0,1,0,0,0,0,0,802554,365,5826728,542,13,45882062,52,50654194
136757,11,2,2020,2,16,2,3,5,2,0,1,1,0,0,0,0,0,799334,248,5826190,24,13,41103441,52,50349118
136758,11,5,2020,2,11,5,3,6,7,0,0,1,1,0,0,0,0,784977,7914,5829172,958,13,20266497,52,53792431
136759,11,4,2020,2,13,6,3,5,7,0,0,1,0,0,0,0,1,793333,3875,5823935,258,13,32089547,52,48653732
136760,11,6,2020,2,17,4,3,5,2,1,0,1,0,0,0,0,1,794829,4269,5819322,511,13,33878878,52,44438083
136761,11,10,2020,2,15,3,3,6,4,0,0,1,1,0,0,0,1,809345,8215,5832842,688,13,56425658,52,55752668
136762,11,7,2020,2,13,6,3,5,2,0,1,0,0,0,0,1,1,798081,5177,5814495,163,13,38219529,52,39934546
136763,11,11,2020,2,17,3,3,2,2,2,1,1,0,0,0,0,1,803437,3306,5828618,52,13,47351311,52,52298683
136764,11,1,2020,2,23,6,3,0,1,2,0,0,0,0,0,1,1,794220,7398,5828669,123,13,33810988,52,52849623
136765,11,4,2020,2,20,2,3,6,4,2,0,1,1,0,0,0,1,793802,5469,5825496,468,13,32916171,52,50028057
136766,11,7,2020,2,19,5,2,5,5,2,0,1,0,1,0,0,1,798595,824,5820505,578,13,3950868,52,45294232
136767,11,5,2020,2,18,4,3,6,2,2,0,1,1,0,0,0,1,788720,881,5830529,31,13,25886793,52,54811207
136768,11,6,2020,2,18,6,2,5,2,2,1,1,0,0,0,0,1,796389,934,5816726,381,13,35936799,52,4202653
136769,11,3,2020,2,14,4,3,5,3,0,1,1,0,0,0,0,0,799652,362,5832791,362,13,42165812,52,56248698
136770,11,5,2020,2,9,7,3,2,6,0,0,1,0,0,0,0,0,785708,1446,5831753,98,13,21562488,52,56068277
136771,11,2,2020,2,14,1,3,5,3,0,1,1,0,0,0,0,1,800731,9838,5825817,767,13,43122871,52,49938597
136772,11,6,2020,2,13,3,3,5,2,0,0,1,0,1,0,0,1,794973,561,5821413,45,13,34274989,52,46304356
136773,11,3,2020,2,17,6,3,5,3,2,0,1,0,0,0,0,1,800079,139,5837500,45,13,4321987,52,60445673
136774,11,3,2020,2,14,4,3,5,2,0,1,0,0,0,0,1,0,799965,5065,5830114,258,13,4238455,52,53831889
136775,11,4,2020,2,6,6,3,5,3,2,0,1,0,0,0,0,1,793789,655,5826940,67,13,33024688,52,51323406
136776,11,9,2020,2,8,4,3,5,3,0,1,0,0,0,0,0,0,814596,2574,5821243,721,13,63049289,52,45058384
136777,11,4,2020,2,20,1,3,6,4,2,0,1,1,0,0,0,1,791412,462,5827465,59,13,2957694,52,51921065
136778,11,12,2020,2,15,3,3,3,6,0,0,0,0,0,0,1,0,793602,5658,5836126,558,13,33562224,52,59568084
136779,11,5,2020,2,5,6,3,2,6,2,0,1,0,1,0,0,1,785888,9288,5829248,53,13,21612737,52,53812463
136780,11,2,2020,2,12,3,3,1,5,0,1,0,0,0,1,0,1,799449,4987,5824828,8,13,41150355,52,49122657
136781,11,11,2020,2,14,6,3,5,2,0,1,1,0,0,0,0,0,805980,3081,5831932,646,13,51392967,52,55127203
136782,11,1,2020,2,18,2,3,0,1,2,0,1,0,1,0,0,1,797456,8968,5828847,208,13,38583332,52,52833641
136783,11,7,2020,2,20,4,1,6,4,2,0,0,1,0,0,1,1,794415,3653,5822339,284,13,33537469,52,47164787
136784,11,3,2020,2,9,4,3,0,1,0,1,0,0,0,0,0,1,800381,3869,5831546,15,13,43125367,52,550923
136785,11,1,2020,2,5,6,3,5,3,2,0,1,0,0,0,0,1,795767,156,5830792,598,13,36272927,52,54669442
136786,11,1,2020,2,14,4,3,0,1,0,0,0,0,1,0,0,0,793113,2593,5828562,553,13,32173737,52,52813748
136787,11,2,2020,2,1,7,3,2,6,2,0,1,0,0,0,0,0,799622,633,5826097,256,13,41518692,52,50250137
136788,11,4,2020,2,20,7,3,6,2,2,0,1,1,0,0,0,1,793526,6171,5826070,62,13,32561463,52,50557609
136789,11,1,2020,2,9,3,2,6,4,0,0,0,1,0,0,1,0,797595,9178,5828452,18,13,38752289,52,52471814
136790,11,11,2020,2,7,2,3,2,2,0,1,1,0,0,0,0,0,805957,7813,5833680,61,13,51520983,52,56695025
136791,11,5,2020,2,7,6,3,6,4,0,1,0,1,0,0,0,0,781906,5576,5827186,41,13,15581803,52,52170951
136792,11,10,2020,2,5,5,2,0,7,2,0,1,0,0,0,0,0,808467,783,5830161,514,13,54885605,52,53399666
136793,11,1,2020,2,12,2,2,6,7,0,0,1,1,0,0,0,0,796885,109,5831552,905,13,37984575,52,55290166
136794,11,5,2020,2,8,6,2,6,4,0,0,1,1,0,0,0,1,781903,357,5827175,415,13,15576166,52,52161257
136795,11,7,2020,2,11,2,2,5,2,0,0,1,0,0,0,0,0,799271,4069,5816270,866,13,40121932,52,41461363
136796,11,2,2020,2,21,4,3,3,6,2,1,1,0,0,0,0,1,801787,6196,5828004,686,13,44871518,52,51840477
136797,11,7,2020,2,8,4,2,5,3,0,1,1,0,0,0,0,1,793971,6116,5821795,922,13,32838175,52,46701586
136798,11,1,2020,2,22,5,3,5,3,2,1,1,0,0,0,0,1,796003,6902,5831415,418,13,36676245,52,55214891
136799,11,6,2020,2,13,4,3,5,7,0,1,1,0,0,0,0,1,794830,861,5818657,382,13,33821165,52,43841793
136800,11,10,2020,2,13,7,3,5,3,0,0,1,0,0,0,0,0,811198,4449,5824708,475,13,58388679,52,48357785
136801,11,11,2020,2,18,7,3,5,2,2,1,1,0,0,0,0,0,804251,9228,5827626,37,13,48457563,52,51364487
136802,11,9,2020,2,6,2,3,2,7,2,0,1,0,0,0,0,1,806909,1749,5821181,525,13,51767747,52,45439611
136803,11,4,2020,2,19,2,3,2,6,2,0,1,0,0,0,0,0,793273,5956,5825638,842,13,32151714,52,50184143
136804,11,8,2020,2,14,5,3,5,2,0,0,1,0,0,0,1,1,801018,3842,5817062,591,13,42754028,52,42075235
136805,11,7,2020,2,22,5,3,5,3,2,0,1,0,0,0,0,1,800030,1262,5813280,46,13,40966316,52,38739322
136806,11,7,2020,2,21,5,3,5,3,2,1,1,0,0,0,0,1,794497,9889,5821872,984,13,33617596,52,4674232
136807,11,4,2020,2,18,4,3,5,2,2,1,1,0,0,0,0,1,792669,4829,5823056,695,13,31037473,52,47901751
136808,11,1,2020,2,17,3,3,5,2,0,1,1,0,0,0,0,0,799508,7688,5828114,94,13,41533022,52,52064936
136809,11,6,2020,2,19,5,2,6,4,2,0,0,1,0,0,1,1,794973,874,5818045,863,13,3397812,52,43285844
136810,11,1,2020,2,6,3,3,5,3,1,1,1,0,0,0,0,1,799470,84,5826749,447,13,41354397,52,50843062
136811,11,6,2020,2,19,5,3,2,6,2,0,1,0,0,0,0,1,789688,3183,5816923,269,13,26128105,52,42561874
136812,11,12,2020,2,19,4,3,5,2,2,0,1,0,0,0,0,1,793943,2857,5835294,749,13,3398998,52,58804025
136813,11,1,2020,2,11,3,3,0,6,0,0,1,0,1,0,0,1,794492,6139,5826106,459,13,33983764,52,5053768
136814,11,9,2020,2,19,5,2,6,4,2,0,1,1,0,0,0,1,808418,573,5820877,47,13,53953897,52,45081783
136815,11,7,2020,2,19,3,3,5,3,2,1,1,0,0,0,0,0,796910,48,5822270,508,13,3719323,52,46968117
136816,11,3,2020,2,11,7,3,1,5,0,0,1,0,0,0,0,0,797542,8623,5833667,437,13,39141596,52,57149671
136817,11,6,2020,2,9,2,3,5,2,0,1,1,0,0,0,0,1,790143,9316,5819770,687,13,27043468,52,45090533
136818,11,4,2020,2,15,2,3,5,3,0,0,1,0,0,0,0,0,793217,2854,5825213,499,13,32031545,52,49805865
136819,11,2,2020,2,11,5,3,2,6,0,0,1,0,0,0,0,0,798846,999,5825597,489,13,40334556,52,498447
136820,11,3,2020,2,18,5,3,2,6,1,0,1,0,0,0,0,1,797790,7796,5832968,779,13,39443603,52,56509862
136821,11,7,2020,2,16,4,3,2,6,0,0,1,0,0,0,0,1,797630,7214,5819452,695,13,37999917,52,44403022
136822,11,10,2020,2,16,3,3,0,3,0,0,1,0,0,0,1,0,810975,1745,5830923,649,13,58641651,52,5394017
136823,11,5,2020,2,18,5,3,0,3,2,0,1,0,1,0,0,1,783414,6219,5828395,337,13,17901605,52,53176724
136824,11,11,2020,2,14,3,2,5,3,0,1,1,0,0,0,0,0,804307,8712,5828425,21,13,48612801,52,52077164
136825,11,10,2020,2,17,6,2,6,4,2,0,1,1,0,0,0,0,809976,4452,5832069,39,13,57280697,52,55023823
136826,11,7,2020,2,19,2,3,2,2,2,0,1,0,0,0,0,1,797095,3997,5818592,297,13,37138132,52,43660865
136827,11,4,2020,2,8,6,2,2,6,0,0,1,0,0,0,0,1,793942,6086,5823401,945,13,32937142,52,48142875
136828,11,7,2020,2,21,2,3,2,6,2,0,1,0,0,0,0,1,794961,1392,5825556,849,13,34623372,52,50019684
136829,11,9,2020,2,15,1,3,5,2,0,1,1,0,0,0,0,1,810524,6156,5820012,13,13,56962674,52,4418746
136830,11,10,2020,2,7,5,3,6,4,0,0,1,1,0,0,0,0,811278,2691,5831453,914,13,59136791,52,5439805
136831,11,3,2020,2,13,4,3,0,1,0,1,0,0,0,0,0,1,800859,357,5833421,497,13,43998189,52,56746936