OBJECTID,LAND,BEZ,UJAHR,UMONAT,USTUNDE,UWOCHENTAG,UKATEGORIE,UART,UTYP1,ULICHTVERH,IstRad,IstPKW,IstFuss,IstKrad,IstGkfz,IstSonstige,USTRZUSTAND,LINREFX,LINREFY,XGCSWGS84,YGCSWGS84,,,,
136832,11,8,2020,2,18,5,3,2,6,2,0,1,0,0,0,0,1,801248,449,5821602,893,13,43499993,52,46132236
136833,11,3,2020,2,15,4,3,1,5,0,1,0,0,0,0,1,1,798553,2666,5834879,199,13,40737177,52,58180505
136834,11,4,2020,2,17,1,3,5,2,2,0,1,0,0,0,0,1,793926,9947,5825895,55,13,33134202,52,50379112
136835,11,1,2020,2,14,3,3,2,7,0,1,1,0,0,0,0,1,798445,4277,5829047,851,13,40054212,52,52959463
136836,11,2,2020,2,16,5,3,6,4,1,0,1,1,0,0,0,0,800289,7356,5824789,547,13,42380656,52,49041317
136837,11,2,2020,2,11,3,3,5,2,0,0,1,0,0,0,0,0,798690,4507,5824665,139,13,40021039,52,49017543
136838,11,12,2020,2,13,6,3,5,3,0,0,1,0,0,0,0,0,790402,5105,5839286,741,13,29128572,52,6257296
136839,11,3,2020,2,14,2,3,0,6,0,1,1,0,0,0,0,0,799094,9338,5831440,609,13,41224215,52,55068609
136840,11,7,2020,2,22,4,3,6,2,2,0,1,1,0,0,0,1,797313,3994,5821758,69,13,37739733,52,46487385
136841,11,3,2020,2,8,4,3,5,2,0,0,1,0,0,0,0,1,801712,6702,5830099,27,13,44951459,52,53722008
136842,11,8,2020,2,16,5,3,5,3,1,1,1,0,0,0,0,0,802536,39,5816812,157,13,4495686,52,41767062
136843,11,11,2020,2,14,4,3,5,2,0,1,1,0,0,0,0,1,805295,7606,5832055,932,13,50397829,52,55276105
136844,11,10,2020,2,22,6,1,6,4,2,0,0,1,0,0,1,1,807655,6965,5829196,93,13,53602799,52,52580357
136845,11,6,2020,2,16,5,3,5,3,0,0,1,0,1,0,0,1,794961,9187,5821412,655,13,34257867,52,46304634
136846,11,1,2020,2,11,4,3,5,3,0,1,0,0,0,0,0,1,797430,342,5831262,665,13,38760522,52,55000251
136847,11,4,2020,2,9,5,3,3,6,0,1,0,0,0,0,0,0,792189,1543,5826485,448,13,30632959,52,51001285
136848,11,8,2020,2,7,4,3,6,4,0,0,1,1,0,0,0,1,801748,37,5820092,85,13,44097726,52,44751145
136849,11,4,2020,2,14,6,3,2,6,0,0,1,0,0,0,0,1,790057,1197,5822984,169,13,27195399,52,47976111
136850,11,9,2020,2,9,1,2,6,4,0,0,1,1,0,0,0,1,810641,1721,5821056,469,13,57230703,52,4511674
136851,11,5,2020,2,12,3,3,2,6,0,0,1,0,0,0,0,0,783688,5836,5829978,972,13,18439613,52,54582384
136852,11,12,2020,2,11,2,3,2,6,0,0,1,0,0,0,1,0,793293,25,5835187,711,13,33023384,52,58743172
136853,11,5,2020,2,9,6,3,5,5,0,0,1,0,1,0,0,1,781795,1095,5831613,13,13,15793475,52,5614581
136854,11,9,2020,2,22,1,3,2,6,2,0,1,0,0,0,0,0,804359,5414,5819755,693,13,47897305,52,44304231
136855,11,1,2020,2,16,7,3,5,3,1,1,1,0,0,0,0,0,799217,4536,5828933,451,13,41178596,52,528146
136856,11,10,2020,2,19,4,3,5,2,2,0,1,0,0,0,0,1,809348,2542,5834283,176,13,56563535,52,57043429
136857,11,1,2020,2,7,4,3,8,1,0,0,1,0,0,0,0,1,795138,6584,5827074,189,13,3501865,52,5137027
136858,11,1,2020,2,15,5,3,5,3,0,1,1,0,0,0,0,0,797159,747,5826452,695,13,37931727,52,5070347
136859,11,2,2020,2,8,4,3,2,2,0,0,1,0,1,0,0,1,798687,2196,5826444,453,13,40175855,52,50612636
136860,11,2,2020,2,23,6,3,6,4,2,0,1,1,0,0,0,1,799098,128,5825192,211,13,40667002,52,49467668
136861,11,1,2020,2,15,7,3,1,5,0,1,1,0,0,0,0,0,796529,7748,5828673,116,13,37205149,52,52728095
136862,11,4,2020,2,21,2,3,5,3,2,0,1,0,0,0,0,1,792756,4732,5827039,817,13,31515277,52,51467841
136863,11,9,2020,2,15,7,3,2,6,0,0,1,0,0,0,0,0,810163,665,5819563,881,13,56390862,52,43806269
136864,11,11,2020,2,16,2,3,0,2,0,0,1,0,0,0,1,0,805139,3627,5829967,36,13,49975998,52,53412721
136865,11,4,2020,2,13,5,2,2,7,0,0,1,0,0,0,0,1,791892,4028,5830698,73,13,30566802,52,54793695
136866,11,1,2020,2,19,7,3,0,5,2,1,1,0,0,0,0,1,798580,3518,5828916,82,13,40240684,52,52833963
136867,11,2,2020,2,9,3,3,5,3,0,1,1,0,0,0,0,1,799611,2692,5824523,474,13,41360456,52,48840101
136868,11,2,2020,2,20,7,3,1,5,2,1,1,0,0,0,0,0,802486,6529,5827501,121,13,45852812,52,51350408
136869,11,12,2020,2,5,2,3,2,6,2,0,1,0,0,0,0,0,792362,8794,5833915,454,13,31542146,52,5765272
136870,11,9,2020,2,16,5,3,0,5,0,1,1,0,0,0,0,0,807047,5521,5821926,945,13,520393,52,46099905
136871,11,11,2020,2,15,5,3,6,6,0,1,0,1,0,0,0,0,806110,4506,5826675,206,13,51100306,52,50408044
136872,11,5,2020,2,14,5,3,5,2,0,0,1,0,0,0,0,0,785063,3149,5829467,4,13,20417515,52,54051952
136873,11,1,2020,2,18,4,3,5,3,2,0,1,0,1,0,0,1,795160,5273,5827237,822,13,35065297,52,51515771
136874,11,9,2020,2,7,3,3,2,6,0,0,1,0,0,0,0,1,810406,322,5819867,842,13,5677537,52,44064886
136875,11,12,2020,2,12,5,3,5,3,0,1,1,0,0,0,0,0,790200,5179,5840453,231,13,28933432,52,63629489
136876,11,1,2020,2,11,3,2,6,6,0,1,0,1,0,0,0,0,798144,487,5831822,37,13,39860254,52,55462933
136877,11,4,2020,2,3,7,3,9,1,2,0,1,0,0,0,0,0,793966,3638,5824933,846,13,33107149,52,49514873
136878,11,4,2020,2,9,2,2,6,4,0,0,1,1,0,0,0,0,792602,89,5824918,832,13,31103186,52,4957468
136879,11,9,2020,2,18,7,3,2,7,2,1,1,0,0,0,0,0,810842,2732,5820491,4,13,57473063,52,44598563
136880,11,6,2020,2,15,2,3,5,3,0,0,1,0,1,0,0,0,787739,4655,5818259,826,13,23384913,52,43863034
136881,11,6,2020,2,8,5,3,5,2,0,1,1,0,0,0,0,0,796227,1644,5817019,53,13,3572529,52,42297658
136882,11,1,2020,2,14,4,3,1,5,0,1,0,0,0,0,1,1,800329,5233,5828050,794,13,42733259,52,51962298
136883,11,2,2020,2,12,5,3,5,2,0,1,1,0,0,0,0,0,801247,6592,5827817,435,13,44061195,52,51702494
136884,11,12,2020,2,15,4,3,2,6,1,0,1,0,0,0,0,1,788064,5581,5831086,197,13,24971064,52,55345432
136885,11,2,2020,2,9,5,3,5,2,0,1,0,0,0,1,0,0,802551,7081,5826717,62,13,45877116,52,50644052
136886,11,1,2020,2,18,4,3,5,2,2,1,1,0,0,0,0,1,798323,1742,5829380,771,13,39904404,52,53264572
136887,11,4,2020,2,17,3,3,2,6,0,0,1,0,0,0,0,0,793276,4087,5826749,855,13,32253725,52,5117997
136888,11,1,2020,2,9,5,2,5,3,0,1,1,0,0,0,0,0,795288,7065,5832243,695,13,35698475,52,55996176
136889,11,4,2020,2,17,3,3,5,2,2,0,0,0,0,1,1,1,793283,7827,5825642,66,13,32166963,52,50186486
136890,11,4,2020,2,23,6,3,5,2,2,0,1,0,0,0,0,0,792833,922,5823213,415,13,31292675,52,48033431
136891,11,1,2020,2,20,2,3,1,5,2,1,1,0,0,0,0,1,800103,5248,5826883,942,13,42295946,52,50928848
136892,11,4,2020,2,16,7,3,5,3,0,0,1,0,1,0,0,0,791837,1211,5824755,573,13,29964103,52,49469322
136893,11,3,2020,2,2,1,3,1,1,2,0,1,0,0,0,0,0,800476,349,5832377,1,13,43340214,52,5583189
136894,11,4,2020,2,7,5,3,6,4,0,1,0,1,0,0,0,0,792979,5223,5826233,318,13,31772034,52,50732867
136895,11,1,2020,2,22,4,3,5,2,2,0,1,0,1,0,0,1,797532,5312,5828716,446,13,38682794,52,52712301
136896,11,10,2020,2,9,5,3,5,3,0,0,1,0,0,0,0,0,809114,572,5829717,7,13,55794796,52,52964728
136897,11,1,2020,2,14,4,2,5,2,0,1,0,0,0,0,1,0,795297,3351,5831410,269,13,35637022,52,55248615
136898,11,1,2020,2,23,6,2,6,4,2,0,1,1,0,0,0,0,797260,6048,5832181,86,13,38593166,52,55832767
136899,11,3,2020,2,15,1,3,1,5,0,0,1,0,0,0,0,1,801772,4137,5831761,452,13,45190284,52,55208511
136900,11,10,2020,2,13,3,3,5,3,0,0,1,0,0,0,0,1,812869,4905,5828229,337,13,61172178,52,51417374
136901,11,3,2020,2,8,5,3,5,3,0,1,1,0,0,0,0,0,795718,231,5834971,45,13,36573175,52,58418034
136902,11,5,2020,2,14,2,3,2,6,0,0,1,0,0,0,0,0,787003,5529,5828154,705,13,23157206,52,52773192
136903,11,9,2020,2,7,6,3,0,7,0,1,1,0,1,1,0,1,804112,7604,5823601,596,13,47885706,52,47764964
136904,11,9,2020,2,14,2,3,6,7,0,1,0,1,0,0,0,0,804798,9681,5822364,29,13,48779914,52,46617759
136905,11,1,2020,2,20,1,3,1,5,2,0,1,0,0,0,0,1,797339,4661,5826481,987,13,38199347,52,50719899
136906,11,2,2020,2,16,3,2,6,4,0,0,1,1,0,0,0,0,800457,2111,5828224,689,13,42936587,52,52111132
136907,11,6,2020,2,8,5,3,5,2,0,1,1,0,0,0,0,0,790720,7125,5817908,498,13,27727813,52,43390398
136908,11,3,2020,2,12,3,3,5,3,0,1,1,0,0,0,0,1,799019,8094,5835053,115,13,41439377,52,58310773
136909,11,2,2020,2,15,6,3,2,6,0,0,1,0,0,0,0,0,799812,2844,5824470,706,13,41650872,52,48781767
136910,11,8,2020,2,18,2,3,5,3,2,0,1,0,0,0,0,1,801998,4675,5823295,841,13,44754394,52,47608232
136911,11,1,2020,2,14,5,3,0,2,0,1,1,0,0,0,0,1,800072,9676,5826415,94,13,42208871,52,5051104
136912,11,5,2020,2,11,4,2,8,1,0,0,0,0,1,0,0,1,785257,678,5828842,623,13,2064969,52,53481612
136913,11,12,2020,2,7,5,3,1,1,0,0,1,0,0,0,1,0,794914,1722,5832901,656,13,35206065,52,56606279
136914,11,4,2020,2,5,4,3,5,3,2,1,1,0,0,0,0,0,792912,1779,5824395,731,13,31511478,52,49089147
136915,11,3,2020,2,21,6,3,0,3,2,0,1,0,1,0,0,1,801280,335,5831868,844,13,44476466,52,55332007
136916,11,6,2020,2,9,1,3,2,6,0,0,1,0,0,0,0,1,793452,9884,5817722,463,13,3171906,52,43077726
136917,11,2,2020,2,11,3,3,6,2,0,0,0,1,0,0,1,1,802614,9171,5826997,982,13,45995499,52,50892334
136918,11,9,2020,2,15,7,3,2,7,0,1,1,0,0,0,0,0,810493,4517,5820140,273,13,56928878,52,44304067
136919,11,6,2020,2,9,2,3,5,3,0,1,1,0,0,0,0,0,789401,5627,5817532,485,13,25760276,52,43123239
136920,11,1,2020,2,7,6,3,1,7,0,1,1,0,0,0,0,1,798949,7136,5827814,113,13,40684485,52,51825965
136921,11,1,2020,2,13,7,3,5,3,0,0,1,0,0,0,1,0,797596,1838,5827122,918,13,38633783,52,51280421
136922,11,12,2020,2,19,4,2,6,2,2,0,1,1,0,0,0,1,795277,8562,5836374,769,13,36050484,52,59699879
136923,11,12,2020,2,21,4,2,6,4,2,1,0,1,0,0,0,1,791213,555,5836732,537,13,30097794,52,60239811
136924,11,11,2020,2,8,4,3,5,2,0,1,1,0,0,0,0,1,805113,7332,5830256,409,13,49964895,52,53673503
136925,11,11,2020,2,15,5,3,6,7,0,1,0,1,0,0,0,0,805400,6641,5833282,154,13,506649,52,56369199
136926,11,4,2020,2,13,4,3,2,6,0,0,1,0,0,0,0,1,791875,3172,5830697,802,13,30541653,52,54794367
136927,11,1,2020,2,20,6,3,5,2,2,0,1,0,0,0,0,0,795199,6744,5831321,467,13,35485505,52,55174306
136928,11,1,2020,2,18,7,3,0,6,2,1,1,0,0,0,0,1,793920,2313,5828481,984,13,33352741,52,52698074
136929,11,5,2020,2,8,3,3,2,6,0,0,1,0,0,0,0,1,785453,5624,5829250,995,13,2097278,52,53837496
136930,11,2,2020,2,19,2,3,2,6,2,0,1,0,0,0,0,0,797922,339,5825277,612,13,38947861,52,49608525
136931,11,1,2020,2,14,5,3,3,6,0,0,1,0,0,0,1,1,797699,4144,5830695,726,13,39105363,52,54477365
136932,11,6,2020,2,12,4,3,5,3,0,0,1,0,0,0,0,0,794691,4755,5818080,17,13,33566946,52,43331682
136933,11,8,2020,2,18,4,2,6,4,2,0,1,1,0,0,0,0,802017,6769,5824307,742,13,4487425,52,48514149
136934,11,7,2020,2,18,4,3,1,5,2,1,1,0,0,0,0,0,797644,92,5819416,154,13,38016276,52,44369539
136935,11,2,2020,2,20,3,2,5,7,1,0,1,0,1,0,0,0,800640,8391,5826588,454,13,4305859,52,5063441
136936,11,1,2020,2,16,4,3,5,2,0,1,0,0,0,0,0,0,797156,5882,5827708,505,13,3804021,52,51829301
136937,11,9,2020,2,7,3,3,4,6,0,1,0,0,0,0,0,0,812069,2933,5821168,2,13,59335848,52,45135357
136938,11,4,2020,2,9,6,3,5,3,0,1,1,0,0,0,0,0,791861,712,5826237,52,13,30130067,52,50796131
136939,11,8,2020,2,0,2,3,1,5,2,0,1,0,0,0,1,0,805150,3707,5816470,86,13,48757452,52,41315367
136940,11,6,2020,2,13,7,3,5,3,0,1,1,0,0,0,0,0,782210,6964,5815684,906,13,15055898,52,41842298
136941,11,4,2020,2,14,2,3,5,2,0,0,1,0,0,0,1,0,791017,481,5824861,22,13,28768781,52,49607645
136942,11,1,2020,2,0,4,3,5,2,2,1,0,0,0,0,1,1,798680,6721,5828665,963,13,40365659,52,52604271
136943,11,11,2020,2,16,4,3,6,4,0,0,1,1,0,0,0,0,805046,3984,5831201,444,13,49952693,52,54524251
136944,11,7,2020,2,22,4,3,5,3,2,0,1,0,0,0,1,1,796358,7308,5825091,379,13,36634817,52,49526713
136945,11,1,2020,2,11,7,3,5,2,0,1,1,0,0,0,0,0,795217,665,5830192,81,13,35411637,52,54161587
136946,11,8,2020,2,10,2,3,5,3,0,0,1,0,0,0,0,1,801638,424,5817393,295,13,43692866,52,42337517
136947,11,3,2020,2,15,2,3,5,2,0,1,1,0,0,0,0,0,800025,379,5834654,564,13,42882495,52,57898206
136948,11,1,2020,2,11,5,3,0,1,0,0,0,0,1,0,0,0,797905,4607,5829883,6,13,39335435,52,53737607
136949,11,7,2020,2,16,4,3,2,6,0,0,1,0,0,0,1,0,797326,9167,5820572,89,13,37653887,52,45422979
136950,11,3,2020,2,17,4,3,6,2,2,0,1,1,0,0,0,1,800218,2567,5832151,178,13,42940222,52,55643715
136951,11,5,2020,2,16,3,2,2,6,0,0,1,0,1,0,0,0,786021,542,5831716,6,13,22020275,52,56017826
136952,11,8,2020,2,14,4,3,5,2,0,0,1,0,0,0,0,0,802293,607,5817847,3,13,44693655,52,42708062
136953,11,1,2020,2,15,3,3,5,2,0,1,1,0,0,0,0,1,795309,3485,5831237,275,13,35639303,52,55092891
136954,11,3,2020,2,20,6,3,6,2,2,0,1,1,0,0,0,0,799881,7164,5829796,242,13,42232681,52,53551452
136955,11,6,2020,2,19,2,3,6,2,2,0,1,1,0,0,0,1,792759,886,5817474,695,13,3067966,52,42892783
136956,11,8,2020,2,18,5,2,6,4,2,0,1,1,0,0,0,1,800389,5746,5824098,733,13,42464998,52,4841662
136957,11,12,2020,2,18,4,3,5,3,2,0,1,0,0,0,1,1,792897,799,5832158,918,13,32174163,52,56049311
136958,11,9,2020,2,11,4,3,5,3,0,1,1,0,0,0,0,0,811283,928,5822337,524,13,58292915,52,46228197
136959,11,1,2020,2,8,5,3,5,3,0,1,1,0,0,0,0,0,798287,305,5827428,688,13,39676596,52,51516753
136960,11,4,2020,2,13,4,2,1,5,0,0,1,0,0,0,0,0,790729,8176,5826716,458,13,28508898,52,5128636
136961,11,8,2020,2,9,4,3,0,2,0,1,1,1,0,0,0,0,800357,4265,5824319,791,13,42437717,52,48616533
136962,11,1,2020,2,16,4,3,3,6,0,0,1,0,0,0,0,0,796557,7875,5829858,301,13,3735206,52,53788965
136963,11,7,2020,2,19,1,3,2,6,2,0,1,0,0,0,0,1,796898,413,5822303,436,13,371786,52,46998284
136964,11,4,2020,2,15,3,3,5,3,0,1,1,0,0,0,0,0,792661,8947,5827418,93,13,31409574,52,51812029
136965,11,5,2020,2,9,4,2,4,6,0,0,1,0,0,0,0,0,781321,115,5835411,706,13,1541848,52,59576401
136966,11,3,2020,2,11,3,3,5,3,0,0,1,0,0,0,1,1,800773,5521,5831768,596,13,43722171,52,55270162
136967,11,12,2020,2,13,6,3,0,1,0,0,0,0,1,0,0,0,792422,7806,5834189,417,13,31654456,52,57895097
136968,11,5,2020,2,18,2,3,6,2,2,0,1,1,0,0,0,1,784704,9786,5828612,154,13,198173,52,53303875
136969,11,11,2020,2,13,7,3,5,3,0,0,1,0,0,0,0,0,805129,282,5826547,869,13,49647582,52,50348874
136970,11,10,2020,2,21,4,3,6,2,2,0,0,1,0,0,1,1,811541,5039,5827289,681,13,59133611,52,50651331
136971,11,11,2020,2,9,4,3,6,4,0,0,1,1,0,0,0,1,804333,5342,5829881,919,13,48783851,52,53381487
136972,11,12,2020,2,9,4,3,5,3,0,0,1,0,0,0,1,0,796595,8293,5833589,5,13,37741308,52,57131093
136973,11,8,2020,2,14,4,2,6,4,0,0,1,1,0,0,0,1,801051,945,5822583,189,13,43299419,52,47021761
136974,11,12,2020,2,19,6,3,9,1,2,0,1,0,0,0,0,0,791486,7581,5833058,4,13,30177544,52,56931039
136975,11,1,2020,2,19,7,3,2,2,2,0,1,0,0,0,1,1,799143,9429,5828308,178,13,41014311,52,5225817
136976,11,2,2020,2,9,3,3,1,5,0,1,1,0,0,0,0,1,797359,6662,5824532,277,13,38054953,52,48971098
136977,11,3,2020,2,7,2,3,2,2,0,0,1,0,0,0,0,0,800078,4241,5832605,614,13,42775671,52,56058743
136978,11,3,2020,2,7,4,3,1,5,0,1,1,0,0,0,0,1,799169,4038,5834958,429,13,41650961,52,58217679
136979,11,10,2020,2,17,6,3,6,7,1,0,1,1,0,0,0,1,807959,847,5831092,856,13,54225442,52,54263044
136980,11,9,2020,2,10,1,3,5,2,0,0,1,0,0,1,0,1,808329,9227,5818869,307,13,53638623,52,43287431
136981,11,4,2020,2,12,3,3,5,3,0,1,1,0,0,0,0,1,791391,2055,5828583,944,13,29644352,52,52925245
136982,11,4,2020,2,11,2,2,6,4,0,1,0,1,0,0,0,0,794038,8687,5823909,917,13,33123286,52,48593065
136983,11,1,2020,2,9,6,3,5,7,0,1,0,0,0,0,1,0,799121,6619,5828465,676,13,40995734,52,52400567
136984,11,1,2020,2,23,1,3,2,6,2,0,1,0,0,0,0,1,793637,4965,5828496,545,13,3293846,52,52726363
136985,11,1,2020,2,18,4,3,6,2,2,0,1,1,0,0,0,1,800173,3183,5827364,388,13,42441808,52,51355649
136986,11,7,2020,2,7,4,3,1,7,0,0,1,1,0,0,0,1,793561,7329,5821970,69,13,32251866,52,46879741
136987,11,10,2020,2,8,4,3,5,3,0,1,1,0,0,0,0,0,811250,68,5828683,144,13,58835925,52,51916694
136988,11,11,2020,2,11,4,3,5,2,0,1,1,0,0,0,0,1,805555,54,5833392,957,13,50902091,52,56459844
136989,11,12,2020,2,16,6,3,0,7,0,0,1,0,0,0,0,0,786051,8677,5834454,344,13,22301101,52,58471286
136990,11,12,2020,2,16,7,3,3,6,0,1,0,0,0,0,1,0,789336,3857,5840770,864,13,27687893,52,63960356
136991,11,6,2020,2,6,2,3,0,7,0,0,0,0,1,0,1,1,794839,3626,5819323,954,13,33893582,52,4443884
136992,11,12,2020,2,18,2,2,6,4,2,0,1,1,0,0,0,0,796599,2661,5833576,372,13,3774523,52,57119541
136993,11,4,2020,2,14,5,3,2,6,0,0,1,0,0,0,0,1,789870,9476,5826222,676,13,27203825,52,50889388
136994,11,2,2020,2,8,4,3,5,2,0,1,1,0,0,0,0,1,797929,6243,5825276,66,13,38958422,52,49606741
136995,11,6,2020,2,18,4,3,6,4,2,0,1,1,0,0,0,1,790656,1217,5817842,636,13,27627344,52,43334783
136996,11,5,2020,2,5,6,3,5,2,2,0,1,0,0,0,0,1,785967,9086,5829212,235,13,21725745,52,53775778
136997,11,11,2020,2,7,4,3,0,3,0,0,0,0,0,0,1,0,803852,5143,5830390,635,13,48123388,52,53864267
136998,11,11,2020,2,20,4,3,5,3,2,1,1,0,0,0,0,0,807231,5188,5824302,705,13,52528013,52,48218769
136999,11,1,2020,2,18,4,3,6,4,2,0,1,1,0,0,0,1,794607,8388,5829879,466,13,34487243,52,53913703
137000,11,9,2020,2,5,3,2,5,3,2,1,1,0,0,0,0,1,810990,9797,5821975,558,13,57829392,52,45920499
137001,11,1,2020,2,20,4,3,5,2,2,1,1,0,0,0,0,0,794119,5952,5828273,794,13,33627352,52,52500692
137002,11,9,2020,2,18,3,3,4,6,2,1,0,0,0,0,0,0,810524,9657,5820037,879,13,5696558,52,44210516
137003,11,2,2020,2,10,7,3,5,3,0,1,1,0,0,0,0,0,798532,8013,5825353,458,13,39851215,52,49643154
137004,11,7,2020,2,9,2,2,0,5,0,0,0,0,0,0,1,0,797588,332,5820788,694,13,38056763,52,45602918
137005,11,4,2020,2,15,2,3,5,2,0,1,1,0,0,0,0,0,790986,1887,5824832,941,13,28720999,52,49584116
137006,11,1,2020,2,8,5,3,5,3,0,1,0,0,0,0,0,0,799367,6125,5827008,491,13,41226051,52,51080922
137007,11,12,2020,2,19,4,3,5,2,2,0,1,0,0,0,0,0,787343,709,5837844,722,13,24495896,52,61442841
137008,11,5,2020,2,15,4,2,5,3,0,1,1,0,0,0,0,1,785149,692,5829617,849,13,20557446,52,54182324
137009,11,2,2020,2,16,3,3,2,6,0,0,1,0,1,0,0,0,800746,4084,5826923,331,13,43243917,52,50928751
137010,11,1,2020,2,19,4,3,5,3,2,1,1,0,0,0,0,0,797694,5759,5831556,744,13,39175434,52,5524942
137011,11,2,2020,2,12,3,3,0,1,0,0,0,0,1,0,0,1,802442,4198,5827419,364,13,45780398,52,51279582
137012,11,4,2020,2,17,3,3,5,3,1,1,1,0,0,0,0,0,792912,1768,5824395,734,13,31511477,52,49089149
137013,11,10,2020,2,5,4,3,5,3,2,1,1,0,0,0,0,0,813245,4968,5831083,708,13,61993336,52,53953577
137014,11,2,2020,2,1,3,3,0,1,2,0,0,0,0,0,1,1,801801,3413,5827211,328,13,44819722,52,51128626
137015,11,10,2020,2,22,6,3,5,3,2,0,1,0,0,0,0,0,811845,7288,5829302,99,13,59768989,52,52437324
137016,11,4,2020,2,21,2,2,6,2,2,0,1,1,0,0,0,1,790378,7921,5827305,93,13,28044534,52,51833525
137017,11,5,2020,2,12,1,3,6,4,0,0,1,1,0,0,0,1,785911,4608,5831427,697,13,21833487,52,55765068
137018,11,3,2020,2,7,5,3,5,3,1,1,1,0,0,0,0,1,803590,428,5839579,772,13,48579169,52,62114713
137019,11,10,2020,2,13,4,3,6,4,0,0,1,1,0,0,0,1,809875,3428,5831240,173,13,57054704,52,54286472
137020,11,7,2020,2,18,3,3,2,6,2,0,1,0,0,0,0,1,797341,2797,5818559,359,13,37495838,52,43617977
137021,11,1,2020,2,15,4,3,1,5,0,1,1,0,0,0,0,1,795489,7327,5825791,835,13,3542066,52,50201733
137022,11,9,2020,2,15,1,3,6,2,0,0,1,1,0,0,0,1,810980,752,5820467,815,13,57674001,52,44569908
137023,11,12,2020,2,14,3,3,6,4,0,0,0,1,0,0,1,0,790352,1244,5835362,312,13,28710002,52,59057469
137024,11,3,2020,2,20,3,3,0,1,1,1,0,0,0,0,0,1,799369,8062,5830724,693,13,41563864,52,54411805
137025,11,9,2020,2,10,3,3,5,3,0,1,1,0,0,0,0,0,804562,4952,5822021,77,13,48401637,52,46323955
137026,11,7,2020,2,11,6,3,1,7,0,0,1,0,0,0,0,0,797945,849,5823970,883,13,38865552,52,48435913
137027,11,10,2020,2,14,2,2,5,2,0,1,1,0,0,0,0,0,810690,9509,5832009,971,13,58325523,52,54929873
137028,11,8,2020,2,23,4,2,6,4,2,1,0,1,0,0,0,1,800482,2271,5823565,576,13,42552978,52,47933634
137029,11,12,2020,2,16,6,3,2,2,0,0,1,0,1,0,0,0,786430,489,5837355,444,13,23108721,52,61052379
137030,11,10,2020,2,18,2,3,6,4,2,0,0,1,1,0,0,1,811294,3192,5831303,23,13,59146243,52,54261916
137031,11,6,2020,2,16,5,3,2,6,0,0,1,0,0,0,1,1,789979,7408,5817563,513,13,2661101,52,43120439
137032,11,5,2020,2,11,4,3,5,3,0,0,1,0,0,0,0,1,783711,593,5830379,735,13,18507692,52,54940514
137033,11,2,2020,2,19,3,3,3,6,2,1,1,0,0,0,0,0,798961,7729,5825589,948,13,40502449,52,49831655
137034,11,6,2020,2,7,4,3,5,2,0,1,1,0,0,0,0,1,795520,309,5817419,594,13,34723796,52,42694953
137035,11,4,2020,2,16,6,3,2,6,0,0,1,0,0,0,0,1,790539,3852,5826347,351,13,28196847,52,509656
137036,11,1,2020,2,2,1,3,5,3,2,0,1,0,0,0,0,0,797803,2489,5831334,509,13,3931531,52,55044276
137037,11,5,2020,2,11,3,2,6,4,0,0,1,1,0,0,0,1,784835,8428,5829055,502,13,20047704,52,53694542
137038,11,4,2020,2,12,7,3,5,7,0,0,1,0,1,0,0,0,793295,6889,5823919,61,13,32032762,52,48641237
137039,11,11,2020,2,10,2,3,0,4,0,0,0,1,1,0,0,0,803955,7074,5826407,59,13,47911115,52,50288646
137040,11,10,2020,2,8,6,2,2,2,0,0,1,0,1,0,0,1,813135,8026,5828767,317,13,61613969,52,51884176
137041,11,9,2020,2,10,7,3,5,7,0,0,1,0,0,0,0,0,804649,489,5822133,988,13,48538887,52,46419708
137042,11,8,2020,2,19,4,3,5,3,2,0,1,0,0,0,0,1,801307,184,5822227,79,13,43643191,52,46689089
137043,11,7,2020,2,7,4,3,5,3,0,0,1,0,0,0,0,0,796835,6235,5820808,148,13,36953992,52,45661287
137044,11,4,2020,2,15,3,3,5,2,0,0,1,0,0,0,0,0,791187,2298,5829177,765,13,29396536,52,53468499
137045,11,11,2020,2,0,4,3,5,3,2,0,1,0,0,0,1,0,807549,7858,5824823,687,13,5304327,52,48667764
137046,11,5,2020,2,13,7,3,2,6,0,0,1,0,0,0,0,0,784080,1522,5829015,568,13,18933114,52,53698184
137047,11,3,2020,3,9,5,3,2,2,0,1,1,0,0,0,0,0,804000,8705,5840809,724,13,49297279,52,63194069
137048,11,6,2020,3,14,3,3,2,6,0,0,1,0,0,0,0,1,793478,236,5817690,294,13,31752954,52,43047544
137049,11,9,2020,3,16,5,3,5,2,0,0,1,0,0,0,0,0,810055,548,5819465,414,13,56224065,52,4372412
137050,11,3,2020,3,14,3,3,0,1,0,1,0,0,0,0,0,0,800998,6581,5832185,234,13,44090955,52,55631164
137051,11,11,2020,3,8,2,3,5,3,0,0,1,0,0,0,0,1,804671,5631,5830737,609,13,49359109,52,54129514
137052,11,2,2020,3,13,3,3,5,2,0,1,1,0,0,0,0,0,799447,117,5825676,5,13,4122301,52,49882183
137053,11,10,2020,3,13,3,3,5,2,0,0,1,0,0,0,0,0,811288,6729,5831561,272,13,59162143,52,54493661
137054,11,1,2020,3,8,5,3,0,3,0,0,1,0,1,0,0,0,798557,8897,5826814,406,13,40019053,52,50951328