OBJECTID,LAND,BEZ,UJAHR,UMONAT,USTUNDE,UWOCHENTAG,UKATEGORIE,UART,UTYP1,ULICHTVERH,IstRad,IstPKW,IstFuss,IstKrad,IstGkfz,IstSonstige,USTRZUSTAND,LINREFX,LINREFY,XGCSWGS84,YGCSWGS84,,,,
137500,11,12,2020,3,19,4,2,0,1,2,1,0,0,0,0,0,0,795981,206,5833906,912,13,36865436,52,5744948
137501,11,2,2020,3,15,5,3,0,7,0,1,0,0,0,0,0,0,801409,1835,5826080,179,13,44141207,52,50136442
137502,11,4,2020,3,15,3,3,0,7,0,0,1,0,1,1,0,1,790446,2161,5829039,86,13,28295078,52,53384408
137503,11,5,2020,3,8,2,3,5,7,0,0,1,0,1,0,0,0,784308,425,5828924,651,13,1926099,52,53604762
137504,11,1,2020,3,9,3,3,5,3,0,1,1,0,0,0,0,0,798604,1404,5829555,351,13,40333069,52,53405674
137505,11,9,2020,3,6,4,2,5,3,0,1,1,0,0,0,0,0,805018,4646,5822706,357,13,49133287,52,46912092
137506,11,10,2020,3,10,5,3,5,2,0,0,1,0,0,0,0,0,809590,8787,5830265,562,13,56545778,52,53429236
137507,11,8,2020,3,9,6,3,2,5,0,0,1,0,0,0,1,0,802559,774,5823097,265,13,45559284,52,47399222
137508,11,4,2020,3,7,3,3,5,3,0,1,1,0,0,0,0,1,791317,8255,5822608,13,29013659,52,47571767,
137509,11,9,2020,3,14,2,3,3,6,0,0,1,0,0,1,0,0,809879,5382,5820467,53,13,56058845,52,44631743
137510,11,8,2020,3,15,3,3,0,7,0,0,0,0,0,0,1,0,802770,9128,5818189,259,13,45425288,52,42988409
137511,11,9,2020,3,15,3,3,2,7,0,0,1,0,0,0,0,1,813045,8226,5821426,969,13,60792437,52,45311593
137512,11,2,2020,3,16,6,3,6,4,0,0,0,1,1,0,0,0,796933,527,5826148,677,13,3757327,52,50443231
137513,11,6,2020,3,18,2,3,6,7,1,1,0,1,0,0,0,0,793799,8666,5821179,466,13,32531814,52,46158195
137514,11,6,2020,3,7,4,3,2,6,0,0,1,0,0,0,0,1,795504,8497,5817510,751,13,34709588,52,4277749
137515,11,12,2020,3,14,7,3,5,2,0,1,1,0,0,0,0,0,791275,384,5834585,386,13,30000742,52,58311613
137516,11,3,2020,3,13,4,3,0,7,0,1,0,0,0,0,0,0,799542,6854,5833309,142,13,42051245,52,56718836
137517,11,9,2020,3,18,4,3,5,3,1,1,1,0,0,0,0,0,809220,1068,5823019,439,13,55328058,52,4695649
137518,11,11,2020,3,16,5,3,5,3,0,1,1,0,0,0,0,0,804447,2559,5828170,586,13,48794313,52,51841345
137519,11,8,2020,3,14,3,2,0,7,0,1,0,0,0,0,0,1,805488,25,5818467,356,13,49435045,52,43086607
137520,11,12,2020,3,14,4,3,6,4,0,0,1,1,0,0,0,0,792255,9517,5832930,648,13,3129801,52,56775625
137521,11,1,2020,3,19,1,2,0,7,2,0,1,0,0,0,0,0,799179,4522,5828955,418,13,41124723,52,52836376
137522,11,12,2020,3,7,3,3,2,6,0,0,1,0,0,0,1,0,793228,5175,5835172,19,13,32927099,52,58732735
137523,11,1,2020,3,14,3,3,3,6,0,0,1,0,0,0,1,1,796476,548,5831929,453,13,37416797,52,55649976
137524,11,9,2020,3,17,5,3,1,5,0,0,1,0,0,0,0,0,811398,3624,5817406,289,13,58001373,52,41802542
137525,11,3,2020,3,1,2,3,7,7,2,1,0,0,0,0,0,0,802410,1873,5829230,742,13,45897725,52,52904895
137526,11,1,2020,3,12,5,3,6,4,0,0,1,1,0,0,0,0,793293,1946,5829011,943,13,32477864,52,53206927
137527,11,5,2020,3,12,3,3,5,2,0,0,1,0,0,0,0,1,789200,167,5829290,13,26484952,52,53674924,
137528,11,3,2020,3,13,6,3,5,3,0,1,1,0,0,0,0,0,798990,7686,5831821,616,13,41105357,52,55415842
137529,11,7,2020,3,16,2,3,6,4,0,0,0,1,0,0,1,0,798815,1232,5817335,42,13,39548078,52,42440202
137530,11,10,2020,3,12,7,3,5,2,0,0,1,0,0,0,1,0,806476,25,5829746,49,13,51920133,52,53140071
137531,11,1,2020,3,20,3,3,5,3,2,1,1,0,0,0,0,0,795285,6945,5826173,841,13,35154819,52,50555219
137532,11,1,2020,3,16,4,3,5,2,0,0,1,0,0,0,0,0,797150,7031,5831889,163,13,38405393,52,55577092
137533,11,5,2020,3,13,5,3,1,5,0,0,1,0,0,0,1,0,781835,1058,5830216,158,13,15733718,52,5489126
137534,11,6,2020,3,12,3,3,0,4,0,0,0,1,0,0,1,1,793589,5663,5820615,806,13,32173596,52,45664195
137535,11,11,2020,3,14,4,2,2,6,0,0,1,0,0,0,0,0,805509,5428,5833360,416,13,50832232,52,56433231
137536,11,9,2020,3,13,1,3,9,1,0,0,0,0,1,0,0,0,803608,8778,5823462,193,13,47133373,52,47668053
137537,11,3,2020,3,11,3,3,1,5,0,1,1,0,0,0,0,0,804408,5522,5832640,823,13,49146958,52,55849967
137538,11,5,2020,3,6,4,3,2,6,0,0,1,0,0,0,0,0,784843,701,5829218,62,13,20073194,52,53839882
137539,11,5,2020,3,0,5,2,2,2,2,0,1,0,0,0,0,0,783600,185,5829149,122,13,18238756,52,53842929
137540,11,6,2020,3,12,1,2,4,6,0,0,1,0,1,0,0,0,784272,118,5816250,654,13,18126875,52,42242888
137541,11,5,2020,3,15,5,2,0,1,0,1,0,0,0,0,0,0,785182,9195,5829714,12,13,20614574,52,54266901
137542,11,12,2020,3,14,4,3,0,7,0,1,0,0,0,0,0,0,790226,7717,5835035,723,13,28496869,52,58771375
137543,11,7,2020,3,14,6,3,6,4,0,0,1,1,0,0,0,0,799462,1275,5819628,645,13,40702193,52,44460749
137544,11,6,2020,3,18,3,3,1,7,1,0,1,0,1,0,0,0,793606,827,5815893,934,13,31783118,52,41430279
137545,11,6,2020,3,10,4,3,0,4,0,0,1,1,0,0,0,0,793943,4322,5820787,78,13,32707965,52,45798713
137546,11,2,2020,3,5,5,3,5,3,2,1,1,0,0,0,0,1,797465,3617,5826062,606,13,38346823,52,50337109
137547,11,3,2020,3,18,6,3,0,1,2,0,0,0,1,0,0,1,800097,714,5833877,294,13,42919078,52,57197516
137548,11,3,2020,3,12,3,3,5,7,0,0,1,0,0,0,1,0,799552,2732,5831042,657,13,41860805,52,54686779
137549,11,2,2020,3,12,4,3,5,2,0,0,1,0,0,1,0,0,798336,1096,5825502,424,13,39575683,52,49787439
137550,11,4,2020,3,10,5,2,4,5,0,0,1,0,0,0,0,1,790585,4152,5826703,762,13,282956,52,51282672
137551,11,2,2020,3,12,3,3,5,3,0,0,1,0,0,0,0,1,800626,311,5825680,277,13,4295526,52,49821183
137552,11,8,2020,3,14,4,3,6,4,0,0,1,1,0,0,0,0,803428,2057,5817612,307,13,46336751,52,42434872
137553,11,6,2020,3,11,7,3,6,4,0,0,1,1,0,0,0,0,787499,1225,5816814,604,13,22908044,52,42579919
137554,11,8,2020,3,12,2,3,5,2,0,0,1,0,0,0,0,0,801172,86,5820605,64,13,43298576,52,45242551
137555,11,6,2020,3,11,5,3,1,7,0,0,1,0,0,0,0,0,794728,2724,5821402,915,13,33914093,52,46308511
137556,11,2,2020,3,0,7,3,0,1,2,0,0,0,0,0,1,0,803342,4538,5825732,549,13,46948928,52,49717745
137557,11,3,2020,3,11,3,3,5,3,0,0,1,0,0,0,0,1,799747,481,5835480,123,13,42548774,52,5865347
137558,11,8,2020,3,9,4,3,5,7,0,0,1,0,1,0,0,0,803252,746,5822216,478,13,46496397,52,46571351
137559,11,9,2020,3,11,6,3,6,2,0,0,1,1,0,0,0,0,814202,1824,5821282,718,13,62474978,52,45115991
137560,11,4,2020,3,11,3,3,5,2,0,0,1,0,0,0,1,1,791290,9444,5830682,872,13,29680979,52,54812262
137561,11,2,2020,3,17,2,3,0,6,0,0,1,0,1,0,0,0,801464,8413,5826036,38,13,44218989,52,5009411
137562,11,3,2020,3,16,3,3,6,4,0,1,0,1,0,0,0,0,800041,3368,5831024,28,13,42578211,52,54643395
137563,11,2,2020,3,7,3,3,3,6,1,1,1,0,0,0,0,0,801946,4904,5828229,372,13,45125338,52,5203307
137564,11,7,2020,3,12,7,2,5,3,0,1,1,0,0,0,0,0,795424,593,5825487,83,13,35298006,52,49932744
137565,11,6,2020,3,8,2,3,2,6,0,0,1,0,0,0,0,0,793324,7899,5817699,437,13,31529019,52,43063959
137566,11,4,2020,3,20,4,3,1,5,2,1,1,0,0,0,0,0,791839,3769,5827274,978,13,30188275,52,51727809
137567,11,4,2020,3,10,3,3,2,6,0,0,1,0,1,0,1,1,789642,1991,5826507,52,13,26892508,52,51156907
137568,11,12,2020,3,18,7,2,5,3,1,0,1,0,1,0,0,0,795039,2114,5838046,933,13,3584823,52,61211762
137569,11,4,2020,3,10,2,3,0,7,0,1,0,0,0,0,0,0,792575,3728,5826099,97,13,31166465,52,50634232
137570,11,5,2020,3,17,7,3,5,3,0,0,1,0,0,0,0,0,784558,33,5828204,605,13,19566798,52,52946124
137571,11,1,2020,3,21,4,3,9,1,2,0,0,0,1,0,0,0,796827,5702,5828845,855,13,3765825,52,52866731
137572,11,1,2020,3,18,4,3,0,7,2,0,0,0,1,0,1,1,797091,635,5831101,654,13,38248056,52,54874408
137573,11,1,2020,3,2,6,3,8,1,2,0,1,0,0,0,0,0,795248,5648,5826648,657,13,35142387,52,50982864
137574,11,5,2020,3,9,3,3,5,7,0,0,1,0,1,0,0,1,788802,9,5829028,295,13,25876927,52,53461409
137575,11,4,2020,3,11,2,2,5,7,0,0,1,0,0,1,0,0,793522,4149,5827667,77,13,32696163,52,51989605
137576,11,8,2020,3,21,3,3,1,5,2,0,1,0,1,0,0,0,799536,8059,5817709,952,13,40639821,52,42736804
137577,11,12,2020,3,8,3,3,6,4,0,0,1,1,0,0,0,0,790945,586,5833820,47,13,29447443,52,57643556
137578,11,4,2020,3,13,6,3,2,7,0,0,0,0,1,0,1,0,792152,1232,5826248,785,13,30557777,52,50791105
137579,11,10,2020,3,16,2,3,2,6,0,0,1,0,0,0,0,0,809866,4222,5831001,173,13,57019301,52,54072799
137580,11,3,2020,3,13,7,3,5,3,0,1,1,0,0,0,0,0,801059,3701,5831434,371,13,44112149,52,54954803
137581,11,1,2020,3,10,4,3,5,3,0,0,1,0,0,0,0,0,795322,1767,5826266,39,13,35216623,52,50636207
137582,11,7,2020,3,15,4,3,5,3,0,0,1,0,0,0,1,0,794934,3732,5825541,553,13,34582701,52,50007418
137583,11,2,2020,3,14,5,3,5,5,0,0,1,0,0,0,0,0,803339,425,5827671,76,13,4712054,52,51455399
137584,11,4,2020,3,8,3,3,0,5,0,1,1,0,0,0,0,0,791254,1552,5826386,628,13,29250504,52,50962696
137585,11,12,2020,3,15,7,3,5,2,0,1,1,0,0,0,0,0,790702,102,5834317,861,13,29133542,52,58102443
137586,11,6,2020,3,15,4,3,8,1,0,0,1,0,0,0,0,0,789108,2243,5818886,882,13,25447164,52,44353035
137587,11,5,2020,3,19,4,3,2,6,2,0,1,0,1,0,0,0,781909,182,5829575,238,13,1578803,52,54312759
137588,11,4,2020,3,18,5,3,1,5,2,1,0,0,0,0,1,0,793066,2843,5827662,893,13,32025407,52,52009766
137589,11,3,2020,3,7,3,3,5,3,0,1,1,0,0,0,0,0,804063,4457,5839912,218,13,49306894,52,62386191
137590,11,7,2020,3,5,2,2,0,1,1,0,0,0,1,0,0,0,798029,721,5818529,513,13,38502905,52,43553756
137591,11,4,2020,3,14,3,2,1,5,0,1,1,0,0,0,0,0,791003,4173,5822969,46,13,28583555,52,47912208
137592,11,5,2020,3,9,2,3,2,6,0,0,1,0,0,0,0,1,788053,8438,5829196,338,13,24791404,52,53651665
137593,11,7,2020,3,16,5,3,3,6,0,0,1,0,1,0,0,0,795818,8591,5820971,913,13,35476487,52,45863217
137594,11,1,2020,3,15,2,3,5,3,0,0,1,0,0,0,0,0,796503,1389,5830111,444,13,37294311,52,54018854
137595,11,3,2020,3,19,4,3,5,2,2,0,1,0,0,0,0,0,800217,195,5831193,713,13,42851828,52,54785584
137596,11,10,2020,3,22,6,2,6,4,2,0,1,1,0,0,0,0,809922,5721,5833883,772,13,57370914,52,56652839
137597,11,1,2020,3,15,3,3,2,6,0,0,1,0,0,0,0,0,795799,2362,5831895,904,13,36418391,52,55656707
137598,11,9,2020,3,14,4,3,5,7,0,1,0,0,0,0,1,0,809963,9537,5820288,247,13,56166067,52,44466716
137599,11,1,2020,3,11,5,3,0,7,0,1,0,0,0,0,0,1,796694,8409,5827977,641,13,37385706,52,52095694
137600,11,7,2020,3,20,2,3,5,2,2,0,1,0,0,0,0,0,794958,1529,5825654,926,13,34627672,52,50107765
137601,11,4,2020,3,14,4,3,2,2,0,0,1,0,0,0,0,0,793921,6567,5823111,696,13,32880792,52,47883808
137602,11,12,2020,3,0,1,3,8,1,2,0,1,0,0,0,0,0,786039,1865,5839163,144,13,22689414,52,62693664
137603,11,5,2020,3,11,2,3,0,3,0,0,1,0,1,0,0,0,784603,9967,5828317,343,13,19643587,52,53044821
137604,11,10,2020,3,14,5,3,2,6,0,0,1,0,0,0,0,0,809534,9475,5827682,673,13,56223213,52,51117723
137605,11,7,2020,3,11,7,3,1,5,0,0,1,0,0,0,0,0,796500,4592,5816408,435,13,36071912,52,41735482
137606,11,9,2020,3,13,4,3,5,2,0,0,1,0,0,0,0,0,804391,9703,5821738,482,13,48125577,52,46079553
137607,11,11,2020,3,16,1,2,6,7,0,0,1,1,0,0,0,0,803750,8167,5827398,713,13,47700622,52,51188372
137608,11,9,2020,3,5,3,3,5,2,0,1,1,0,0,0,0,0,807437,1397,5821700,444,13,52590055,52,45875008
137609,11,3,2020,3,16,5,2,5,3,0,0,1,0,1,0,0,0,803392,1714,5833107,435,13,47694958,52,56324894
137610,11,2,2020,3,17,1,3,2,1,0,1,1,0,0,0,0,0,800388,6825,5826393,844,13,4267063,52,50473863
137611,11,10,2020,3,10,5,3,5,2,0,1,1,0,0,0,0,0,812386,6406,5824459,633,13,60109433,52,48066951
137612,11,3,2020,3,15,6,3,2,6,0,0,1,0,0,0,0,0,803716,51,5832069,709,13,48077012,52,5537674
137613,11,6,2020,3,12,3,3,5,3,0,1,1,0,0,0,0,0,793425,7249,5820370,611,13,31911613,52,45453183
137614,11,1,2020,3,10,4,3,3,2,0,0,1,0,1,0,0,0,794697,6489,5826029,82,13,34278126,52,50457246
137615,11,4,2020,3,9,5,3,5,2,0,0,1,0,0,0,0,1,790216,465,5827302,897,13,27805095,52,51839469
137616,11,3,2020,3,18,2,2,0,1,2,0,0,0,0,0,1,0,800031,6281,5830415,886,13,42508986,52,54098607
137617,11,7,2020,3,13,4,3,2,6,0,1,1,0,0,0,0,0,794938,563,5825192,402,13,34557192,52,49694229
137618,11,12,2020,3,20,7,3,2,6,2,0,1,0,0,0,0,0,796639,3052,5832394,671,13,37698471,52,56058102
137619,11,7,2020,3,11,2,3,1,5,0,1,1,0,0,0,0,0,794562,2817,5822039,415,13,33726659,52,46888051
137620,11,1,2020,3,22,7,3,5,3,2,0,1,0,0,0,0,0,796644,7692,5829046,689,13,37407493,52,53056708
137621,11,10,2020,3,8,4,3,2,6,0,0,0,0,0,0,1,0,807012,6054,5830269,596,13,52756992,52,53578688
137622,11,9,2020,3,7,6,3,4,6,0,0,1,0,0,0,0,0,816797,9569,5812909,498,13,65489701,52,37463295
137623,11,10,2020,3,16,2,3,3,6,1,0,1,0,0,0,0,1,809951,3556,5827922,956,13,56857216,52,51309411
137624,11,7,2020,3,15,2,2,5,3,0,1,0,0,0,0,1,0,796260,6261,5822940,825,13,36299584,52,47604254
137625,11,1,2020,3,16,4,3,0,3,0,1,1,0,0,0,0,0,797084,5406,5828042,429,13,37964163,52,52132552
137626,11,8,2020,3,13,6,3,6,2,0,0,0,1,0,0,1,0,801856,4708,5822385,409,13,44463576,52,46800047
137627,11,9,2020,3,15,2,3,6,4,0,0,1,1,0,0,0,0,804720,2834,5822243,581,13,48653424,52,4651396
137628,11,7,2020,3,17,2,3,2,6,1,0,1,0,0,0,0,0,798498,337,5819042,825,13,39235595,52,43988344
137629,11,8,2020,3,12,3,3,1,5,0,0,1,0,0,0,0,0,799954,548,5817489,77,13,41231903,52,42516582
137630,11,4,2020,3,12,4,3,0,6,0,0,1,0,1,0,0,0,792802,3136,5827148,904,13,31592235,52,51563173
137631,11,12,2020,3,15,2,3,1,5,0,0,1,0,1,0,0,1,793282,2405,5836370,618,13,33112287,52,59804153
137632,11,4,2020,3,21,7,3,6,7,2,1,0,1,0,0,0,0,793810,7708,5823989,689,13,32795369,52,48676857
137633,11,2,2020,3,20,2,3,5,2,2,0,1,0,0,0,0,0,799071,4735,5825609,753,13,40665346,52,49843396
137634,11,3,2020,3,15,7,3,5,2,0,0,1,0,0,0,0,0,798051,45,5837196,316,13,40206655,52,6028499
137635,11,4,2020,3,17,4,2,6,4,0,0,1,1,0,0,0,0,789631,4315,5826243,862,13,26853741,52,50921104
137636,11,2,2020,3,16,4,3,5,3,0,1,1,0,0,0,0,0,798508,6557,5824518,418,13,39740939,52,48895969
137637,11,7,2020,3,14,5,3,2,6,0,0,1,0,0,0,0,0,795348,6758,5820997,578,13,34788765,52,45911654
137638,11,12,2020,3,15,2,3,5,3,0,1,1,0,0,0,0,1,791394,5805,5835538,461,13,30259992,52,59159634
137639,11,2,2020,3,8,2,3,5,3,0,0,1,0,0,0,0,0,798584,19,5825563,755,13,39945538,52,49828847
137640,11,2,2020,3,17,3,3,5,2,1,1,1,0,0,0,0,0,801247,583,5827816,857,13,44061031,52,51701981
137641,11,6,2020,3,13,2,3,5,7,0,0,1,0,0,0,0,1,794498,257,5817670,26,13,33247126,52,42974771
137642,11,11,2020,3,10,6,3,5,2,0,0,1,0,1,0,0,0,803415,598,5826626,82,13,47137029,52,50515226
137643,11,4,2020,3,7,2,3,0,1,0,0,0,0,1,0,0,0,791905,954,5826351,614,13,30205115,52,50896467
137644,11,1,2020,3,15,2,3,2,6,0,0,1,0,0,0,1,0,794823,5688,5830958,193,13,34900149,52,54869031
137645,11,12,2020,3,15,3,3,0,2,0,0,1,0,1,0,0,0,790698,9924,5835383,843,13,29222487,52,59058244
137646,11,3,2020,3,12,2,3,0,3,0,0,0,0,0,0,1,1,800424,5248,5832291,18,13,43256231,52,55757827
137647,11,5,2020,3,21,6,3,5,3,2,1,1,0,0,0,0,0,783417,4104,5828619,468,13,17924817,52,5337754
137648,11,11,2020,3,7,2,3,5,2,0,1,1,0,0,0,0,0,804305,3676,5828168,322,13,48585641,52,51847235
137649,11,9,2020,3,14,7,3,5,2,0,1,1,0,0,0,0,0,807699,392,5818374,546,13,5266856,52,42879517
137650,11,7,2020,3,13,4,3,6,4,0,0,1,1,0,0,0,0,796692,7865,5824361,349,13,37060431,52,48854162
137651,11,1,2020,3,18,4,2,5,2,1,1,1,0,0,0,0,0,799963,1805,5826890,308,13,42090348,52,50942273
137652,11,9,2020,3,18,5,3,5,3,2,0,1,0,0,0,1,0,808901,3934,5819066,562,13,54494769,52,43431973
137653,11,12,2020,3,12,2,3,2,6,0,0,1,0,0,1,0,1,790266,4687,5833690,809,13,28437512,52,57563554
137654,11,2,2020,3,19,2,3,0,1,2,1,0,0,0,0,0,0,797312,2138,5826121,904,13,38127156,52,5039861
137655,11,6,2020,3,8,3,3,2,6,0,0,1,0,0,0,0,0,795499,7267,5818606,472,13,34798914,52,43760015
137656,11,12,2020,3,22,2,3,5,3,2,0,1,0,0,0,1,0,793273,6422,5832581,596,13,32764364,52,56407988
137657,11,1,2020,3,12,5,3,5,3,0,1,1,0,0,0,0,0,792640,6128,5828688,478,13,31490088,52,52952028
137658,11,8,2020,3,14,2,3,3,5,0,1,1,0,0,0,0,0,803924,2473,5819000,821,13,47190201,52,43651857
137659,11,8,2020,3,14,5,3,5,2,0,1,1,0,0,0,0,0,805548,72,5818552,774,13,49530471,52,43159827
137660,11,5,2020,3,18,6,3,5,7,2,0,1,0,0,0,0,1,783672,2238,5829951,505,13,18413206,52,54558608
137661,11,11,2020,3,15,3,3,5,3,0,0,1,0,0,0,0,0,804238,8854,5828690,548,13,48535728,52,52318995
137662,11,3,2020,3,13,4,2,8,1,0,0,0,0,1,0,0,0,797427,7234,5838789,501,13,39432197,52,6174719
137663,11,1,2020,3,12,7,3,5,3,0,0,1,0,0,0,0,0,795324,313,5826264,591,13,35219602,52,50634479
137664,11,1,2020,3,18,3,3,6,4,1,0,1,1,0,0,0,0,798036,8338,5829323,745,13,39478407,52,5322912
137665,11,3,2020,3,15,4,3,5,2,0,1,1,0,0,0,0,0,797913,635,5833689,437,13,39688202,52,57149142
137666,11,7,2020,3,13,5,2,6,7,0,0,0,1,0,0,1,0,793975,7042,5821708,856,13,32836512,52,46623314
137667,11,6,2020,3,12,2,3,2,7,0,0,1,0,0,0,0,0,796116,3519,5817351,507,13,35592235,52,42601677
137668,11,4,2020,3,13,4,3,5,2,0,1,1,0,0,0,0,0,790532,5809,5825141,445,13,2808162,52,49884859
137669,11,11,2020,3,14,1,3,6,7,0,0,1,1,0,0,0,0,803861,428,5829790,474,13,48081618,52,53325868
137670,11,3,2020,3,13,3,2,5,2,0,1,1,0,0,0,0,0,800749,662,5831301,43,13,43643853,52,54852786
137671,11,7,2020,3,19,4,3,2,6,2,0,1,0,1,0,0,0,798458,3242,5815934,43,13,38899993,52,41204177
137672,11,10,2020,3,2,5,3,4,7,2,1,0,0,0,0,0,0,811223,8597,5827822,226,13,58716904,52,51146691
137673,11,5,2020,3,13,1,3,5,3,0,1,1,0,0,0,0,0,785621,9006,5832039,613,13,21460197,52,56328894
137674,11,6,2020,3,17,5,3,5,3,0,0,1,0,0,0,0,0,787438,4065,5818673,406,13,22978814,52,44249672
137675,11,3,2020,3,19,4,3,6,4,2,0,1,1,0,0,0,0,800695,9087,5836111,113,13,44001744,52,59166691
137676,11,5,2020,3,15,6,3,5,3,0,0,1,0,0,0,0,0,783427,883,5828630,55,13,17939949,52,5338653
137677,11,7,2020,3,8,3,3,5,2,0,0,1,0,0,0,0,0,795239,4948,5822271,378,13,34741231,52,47059434
137678,11,6,2020,3,11,4,3,1,1,0,0,1,0,1,0,1,0,796319,9173,5819174,576,13,36052325,52,44224902
137679,11,12,2020,3,5,5,3,2,6,1,0,1,0,0,0,0,0,791987,6205,5831666,115,13,30791961,52,55656412
137680,11,10,2020,3,11,2,2,1,5,0,0,1,0,0,0,0,1,809454,2121,5832704,161,13,56572118,52,55622367
137681,11,2,2020,3,19,7,3,1,7,2,0,1,0,0,0,1,0,798005,352,5825934,1,13,39128519,52,50192455
137682,11,6,2020,3,10,2,3,2,1,0,1,0,0,0,1,0,0,793026,5816,5817692,705,13,31091065,52,43073905
137683,11,8,2020,4,17,5,3,5,3,0,0,0,0,1,0,0,0,802070,1516,5821979,321,13,44740419,52,46424253
137684,11,3,2020,4,18,4,3,5,3,1,1,1,0,0,0,0,0,800069,672,5832591,378,13,42761511,52,56046466
137685,11,7,2020,4,17,6,3,5,2,0,1,1,0,0,0,0,0,797344,32,5821919,223,13,37798995,52,4662962
137686,11,1,2020,4,19,5,3,6,4,2,0,1,1,0,0,0,0,796794,5018,5831267,92,13,37825925,52,55038901
137687,11,5,2020,4,16,4,2,5,2,0,1,0,0,0,1,0,0,788109,3526,5827861,704,13,24757347,52,52452175
137688,11,1,2020,4,15,6,3,0,7,0,1,0,0,0,0,0,0,793250,257,5829543,157,13,32461617,52,53685445
137689,11,7,2020,4,19,5,3,2,7,0,0,0,0,1,0,1,0,797023,4719,5821150,472,13,37260094,52,45957943
137690,11,8,2020,4,17,1,3,3,6,0,1,1,0,0,0,0,0,803496,2801,5818627,272,13,46528662,52,43340809
137691,11,9,2020,4,16,4,3,3,6,0,1,0,0,0,0,1,0,811411,525,5819603,19,13,58224499,52,43770431
137692,11,7,2020,4,18,5,2,6,7,0,0,0,1,0,0,1,0,798106,3574,5821902,915,13,38916387,52,46573462
137693,11,11,2020,4,16,4,3,5,7,0,0,1,0,0,0,1,0,803871,9651,5827899,112,13,47924285,52,51630116
137694,11,1,2020,4,9,5,2,3,6,0,0,1,0,0,0,0,0,794810,3336,5830125,658,13,34806793,52,54123444
137695,11,6,2020,4,17,5,3,2,6,0,0,1,0,0,0,0,0,793376,7186,5817052,514,13,31548432,52,42481221
137696,11,9,2020,4,15,4,3,5,2,0,1,1,0,0,0,0,0,804095,7014,5823584,709,13,47859126,52,47750779
137697,11,1,2020,4,9,5,3,5,7,0,1,0,0,0,0,1,0,799026,349,5828938,966,13,40898227,52,52830029
137698,11,3,2020,4,22,3,3,2,7,2,0,1,0,1,0,0,0,800154,794,5830955,517,13,42737759,52,5457555
137699,11,3,2020,4,13,5,3,5,2,0,0,1,0,0,0,0,0,798647,9223,5831477,356,13,4057021,52,55126074
137700,11,9,2020,4,15,1,3,5,3,0,1,1,0,0,0,0,0,810338,2305,5814378,326,13,5616695,52,39149148
137701,11,9,2020,4,9,5,3,6,2,0,0,1,1,0,0,0,0,810448,5557,5821228,83,13,56964123,52,45281477
137702,11,2,2020,4,18,5,3,5,2,0,0,1,0,1,0,0,0,797126,7094,5823996,386,13,37665086,52,48503411
137703,11,8,2020,4,16,1,2,0,1,0,0,0,0,1,0,0,0,800907,4242,5816578,158,13,4254779,52,41647116
137704,11,8,2020,4,18,5,3,2,6,0,0,1,0,0,0,0,0,802601,4082,5819912,861,13,45332769,52,44542674
137705,11,3,2020,4,14,5,3,0,2,0,1,0,0,0,0,1,0,801700,7131,5831083,824,13,45023292,52,54605127
137706,11,7,2020,4,15,4,3,1,5,0,1,1,0,0,0,0,0,796661,3276,5814658,227,13,36152683,52,40157833
137707,11,7,2020,4,17,5,2,0,1,0,1,0,0,0,0,0,0,798744,8604,5823946,562,13,40036528,52,48370455
137708,11,2,2020,4,16,5,3,5,2,0,1,1,0,0,0,0,0,797481,148,5824555,98,13,38235382,52,48984936
137709,11,6,2020,4,15,4,3,2,6,0,0,1,0,0,0,0,0,789669,2136,5818294,22,13,26218857,52,43792
137710,11,2,2020,4,17,5,3,5,2,0,1,1,0,0,0,0,0,799859,8836,5825690,71,13,41830565,52,498727
137711,11,3,2020,4,16,3,3,5,2,0,1,1,0,0,0,0,0,798929,5028,5832400,82,13,41067424,52,55938372
137712,11,7,2020,4,16,5,3,2,7,0,1,1,0,0,0,0,0,796671,4,5820000,311,13,36640666,52,44946068
137713,11,4,2020,4,18,7,2,5,3,0,0,1,0,0,0,0,0,790492,3604,5826556,731,13,28146028,52,51155815
137714,11,1,2020,4,15,5,2,5,2,0,1,1,0,0,0,0,0,794543,6193,5828344,802,13,3425684,52,52541456
137715,11,9,2020,4,15,5,3,5,2,0,0,1,0,0,0,0,0,809099,1587,5818227,687,13,54707215,52,42669004
137716,11,7,2020,4,13,4,3,5,2,0,0,1,0,1,0,0,0,799278,5775,5816259,73,13,40131448,52,41450989
137717,11,4,2020,4,16,6,3,5,2,0,1,1,0,0,0,0,0,786549,397,5826170,451,13,22318652,52,51018057
137718,11,1,2020,4,15,5,3,5,3,0,0,1,0,0,0,0,0,795277,8342,5831732,453,13,35637001,52,55538483
137719,11,9,2020,4,10,4,3,0,2,0,1,0,0,0,0,1,0,806273,2322,5822159,695,13,50924532,52,46351955
137720,11,2,2020,4,17,6,3,2,6,0,0,1,0,1,0,0,0,799731,4493,5824482,631,13,41533251,52,48796894
137721,11,9,2020,4,13,4,3,5,2,0,0,1,0,1,0,0,0,811123,3309,5821876,365,13,58014315,52,45824075
137722,11,8,2020,4,15,5,3,6,4,0,0,1,1,0,0,0,0,800714,5426,5821077,24,13,42669766,52,45690455