OBJECTID,LAND,BEZ,UJAHR,UMONAT,USTUNDE,UWOCHENTAG,UKATEGORIE,UART,UTYP1,ULICHTVERH,IstRad,IstPKW,IstFuss,IstKrad,IstGkfz,IstSonstige,USTRZUSTAND,LINREFX,LINREFY,XGCSWGS84,YGCSWGS84,,,,
137723,11,10,2020,4,12,4,3,0,1,0,0,0,0,1,0,0,0,811333,4504,5831058,853,13,59180879,52,54040874
137724,11,4,2020,4,15,5,3,5,2,0,0,1,0,0,0,0,0,793352,7784,5829679,724,13,32624395,52,53802354
137725,11,8,2020,4,13,5,3,0,2,0,0,0,0,1,1,0,0,805549,589,5818558,237,13,49532512,52,43164664
137726,11,9,2020,4,10,4,3,6,2,0,0,1,1,0,0,0,0,809089,5853,5819483,236,13,54809238,52,43794764
137727,11,2,2020,4,13,5,3,2,6,0,0,1,0,1,0,0,0,800262,7274,5825754,588,13,42427976,52,49907806
137728,11,1,2020,4,13,3,3,2,6,0,0,1,0,0,0,0,0,798823,7764,5826675,57,13,40397154,52,50811863
137729,11,5,2020,4,12,5,3,5,2,0,0,1,0,0,0,0,0,780873,8684,5827770,405,13,14113087,52,52747895
137730,11,2,2020,4,12,5,3,2,6,0,0,1,0,0,0,0,0,802212,3971,5827742,382,13,4547181,52,51581852
137731,11,6,2020,4,17,4,3,3,6,0,1,0,0,0,0,1,0,795166,172,5818813,321,13,3432792,52,43963455
137732,11,1,2020,4,10,4,3,5,3,0,1,1,0,0,0,0,0,800224,5859,5827910,405,13,42566397,52,51842241
137733,11,3,2020,4,14,6,3,1,5,0,1,1,0,0,0,0,0,796097,1041,5835654,794,13,37192115,52,59009958
137734,11,4,2020,4,17,4,3,6,4,0,1,0,1,0,0,0,0,792062,4707,5826944,867,13,30487142,52,51419928
137735,11,6,2020,4,18,4,3,1,5,0,1,1,0,0,0,0,0,795204,9322,5818734,177,13,34377786,52,43890415
137736,11,3,2020,4,15,6,3,5,2,0,1,1,0,0,0,0,0,801470,275,5829800,487,13,44568054,52,53467621
137737,11,4,2020,4,22,4,3,0,1,2,1,0,0,0,0,0,0,792771,3573,5824433,622,13,31307992,52,49130669
137738,11,6,2020,4,9,1,2,5,3,0,0,1,0,1,0,0,0,796517,8018,5817312,648,13,36177473,52,42545102
137739,11,5,2020,4,9,4,3,6,2,0,0,1,1,0,0,0,0,785073,253,5829871,512,13,20466808,52,54413755
137740,11,1,2020,4,20,4,3,3,3,2,0,1,0,1,0,0,0,799693,6293,5827831,71,13,41779088,52,51800335
137741,11,12,2020,4,18,4,2,0,1,0,0,0,0,0,0,1,0,795806,4048,5836967,754,13,36881531,52,60202699
137742,11,8,2020,4,14,2,2,5,2,0,1,0,0,0,0,0,0,801429,3006,5818839,616,13,43516623,52,4364543
137743,11,1,2020,4,17,4,3,5,2,0,1,1,0,0,0,0,0,799519,36,5827573,515,13,4149984,52,5157905
137744,11,7,2020,4,16,4,3,2,6,0,0,1,0,0,1,1,0,799263,6038,5820118,589,13,40454863,52,44910789
137745,11,9,2020,4,10,4,3,1,5,0,0,1,0,0,0,0,0,815385,106,5820979,713,13,64181326,52,44776365
137746,11,9,2020,4,16,4,3,0,7,0,1,0,0,0,0,0,0,810689,163,5823646,619,13,57542187,52,47435199
137747,11,6,2020,4,9,6,3,4,2,0,0,1,0,0,0,1,0,787228,4784,5816535,285,13,2248712,52,423437
137748,11,8,2020,4,15,4,3,0,6,0,1,1,0,0,0,0,0,802989,789,5822430,636,13,46130935,52,46777851
137749,11,12,2020,4,13,4,3,6,7,0,0,1,1,0,0,0,0,793324,7471,5832679,306,13,32848181,52,56492827
137750,11,8,2020,4,9,6,3,2,6,0,0,1,0,0,0,0,0,801367,2852,5819296,232,13,43466842,52,44058129
137751,11,10,2020,4,14,4,3,5,3,0,1,1,0,0,0,0,0,808662,4679,5828636,624,13,55030169,52,52022072
137752,11,1,2020,4,19,1,3,4,6,0,0,1,0,1,0,0,0,794038,5497,5832489,758,13,33881434,52,56284406
137753,11,10,2020,3,9,3,2,0,1,0,1,0,0,0,0,0,0,809534,6797,5827679,836,13,56222556,52,51115196
137754,11,9,2020,4,14,4,3,1,5,0,1,1,0,0,0,0,0,809144,8888,5819516,952,13,54893454,52,43821854
137755,11,12,2020,3,12,3,3,2,6,0,0,1,0,0,0,0,0,794816,1923,5833041,484,13,35074356,52,5673693
137756,11,12,2020,4,14,4,3,5,3,0,0,1,0,0,0,0,0,793552,9976,5834245,228,13,33322569,52,57884274
137757,11,4,2020,4,16,5,3,0,7,0,1,1,0,0,0,0,1,789646,64,5826523,936,13,26899616,52,51171418
137758,11,12,2020,3,9,3,2,6,4,0,0,1,1,0,0,0,0,794994,2562,5835850,309,13,35586281,52,59245141
137759,11,4,2020,3,8,3,3,2,7,0,0,1,0,1,0,0,0,789205,3406,5824001,247,13,26032919,52,48933134
137760,11,11,2020,4,14,4,3,5,2,0,1,1,0,0,0,0,0,804070,7836,5831453,499,13,48541508,52,54804693
137761,11,6,2020,4,14,4,3,5,3,0,1,1,0,0,0,0,0,783928,3196,5815909,635,13,17593867,52,4195496
137762,11,10,2020,3,7,3,3,5,3,0,0,1,0,0,0,1,0,809656,9698,5833230,314,13,56919322,52,56082356
137763,11,4,2020,4,13,4,3,2,6,0,0,1,0,0,0,1,0,790663,3535,5827366,809,13,28468049,52,51872943
137764,11,9,2020,4,12,3,3,2,6,0,0,1,0,0,0,0,0,811356,3982,5822538,317,13,5841797,52,4640401
137765,11,12,2020,4,20,5,3,5,3,1,1,1,0,0,0,0,0,793227,7901,5835953,437,13,32995185,52,59433113
137766,11,2,2020,4,13,4,3,5,7,0,0,1,0,1,0,0,0,801249,809,5827829,115,13,44064342,52,51712885
137767,11,8,2020,4,15,1,2,3,6,0,1,0,0,1,0,0,0,802530,1844,5824116,998,13,45609389,52,48314813
137768,11,5,2020,4,12,4,3,2,6,0,0,1,0,0,0,0,0,781539,4722,5830704,615,13,15340297,52,55344523
137769,11,3,2020,4,12,4,3,5,7,0,1,1,0,0,0,0,0,802921,3879,5833393,28,13,47028654,52,56607301
137770,11,11,2020,3,17,3,3,5,3,0,1,0,0,0,0,0,0,805147,6666,5829103,111,13,49908906,52,5263797
137771,11,1,2020,4,12,4,3,2,6,0,0,1,0,0,0,0,0,796103,74,5831991,509,13,36873782,52,55725895
137772,11,1,2020,4,15,5,3,5,2,0,1,1,0,0,0,0,0,795467,1275,5827765,191,13,35562643,52,51971912
137773,11,3,2020,3,15,3,3,5,3,0,0,1,0,0,0,0,0,802877,5073,5838280,59,13,4741088,52,60990074
137774,11,4,2020,4,11,4,3,6,7,0,0,1,1,0,0,0,0,793439,7127,5823787,912,13,32232711,52,48515928
137775,11,3,2020,4,15,3,3,5,3,0,0,1,0,1,0,0,0,803696,6402,5839176,438,13,48699112,52,6174727
137776,11,11,2020,4,9,4,3,5,3,0,0,1,0,0,0,0,0,805695,6529,5831380,454,13,50923618,52,54648295
137777,11,4,2020,4,7,4,3,5,2,0,0,1,0,0,0,0,0,792052,5948,5824061,764,13,30219774,52,48835807
137778,11,1,2020,4,17,3,3,0,1,0,1,0,0,0,0,0,0,796509,5905,5827657,373,13,37084928,52,51818682
137779,11,1,2020,4,7,4,3,5,3,0,1,0,0,0,0,1,0,798671,2483,5827599,489,13,40256047,52,51648842
137780,11,9,2020,4,22,7,3,8,1,2,0,1,0,0,0,0,0,810265,1902,5822726,37,13,56834395,52,46634603
137781,11,11,2020,4,4,4,3,5,2,2,0,1,0,1,0,0,0,803547,232,5829751,882,13,4761631,52,53308785
137782,11,2,2020,4,17,3,3,3,6,0,1,1,0,0,0,0,0,800104,2005,5827369,575,13,42340729,52,51364102
137783,11,10,2020,3,15,3,3,2,6,0,0,1,0,0,1,1,0,807612,607,5830735,391,13,53681128,52,53962332
137784,11,9,2020,4,8,3,2,5,2,0,0,1,0,1,0,0,0,811329,1,5822438,24,13,58368563,52,46315687
137785,11,5,2020,4,9,5,3,2,1,0,0,1,0,0,0,0,0,782090,8761,5828087,977,13,1592923,52,52969804
137786,11,1,2020,4,17,6,3,1,6,0,1,1,0,0,0,0,0,799344,1271,5828911,1,13,41362746,52,52787531
137787,11,4,2020,3,12,3,3,6,7,0,1,0,1,0,0,0,0,790333,6454,5826460,362,13,27904405,52,5107787
137788,11,11,2020,4,16,3,3,2,7,0,1,1,0,0,0,0,0,806678,2956,5826943,552,13,51959004,52,50616655
137789,11,1,2020,4,14,2,3,5,3,0,1,1,0,0,0,0,0,799888,6162,5827799,665,13,42062758,52,51761466
137790,11,5,2020,4,15,3,3,5,3,0,1,0,0,0,0,1,0,783273,9535,5826761,403,13,17555597,52,51719009
137791,11,12,2020,4,14,3,2,5,3,0,1,1,0,0,0,0,0,792900,675,5832166,526,13,32179065,52,56055976
137792,11,12,2020,4,13,3,3,0,1,0,0,0,0,1,0,0,0,794905,89,5837259,34,13,35581709,52,60512998
137793,11,6,2020,3,11,3,3,2,2,0,0,1,0,0,0,0,0,795348,7067,5818457,837,13,34564265,52,4363493
137794,11,1,2020,4,2,6,3,1,5,2,0,1,0,0,0,0,0,797192,4806,5832256,342,13,38499711,52,55903943
137795,11,4,2020,4,16,3,2,5,3,0,1,1,0,0,0,0,0,792573,9871,5829985,237,13,31506314,52,54118102
137796,11,8,2020,4,17,4,3,6,4,0,1,0,1,0,0,0,0,801336,4994,5824690,198,13,43908724,52,48894589
137797,11,1,2020,4,16,3,3,5,3,0,1,1,0,0,0,0,0,796945,22,5826780,999,13,37646559,52,51009415
137798,11,8,2020,4,16,3,3,0,2,0,0,1,0,1,0,0,0,802386,374,5817896,428,13,44834945,52,42747207
137799,11,6,2020,3,17,2,3,5,3,0,0,1,0,0,0,0,1,795597,3785,5818544,159,13,3493664,52,43698879
137800,11,6,2020,4,0,6,3,8,1,2,0,1,0,0,0,0,0,789135,4737,5818784,759,13,25478307,52,44260035
137801,11,7,2020,4,17,3,3,5,3,0,1,1,0,0,0,0,0,797088,9539,5818571,9,13,37126865,52,43642931
137802,11,8,2020,4,20,4,3,1,5,2,1,1,0,0,0,1,0,800782,2057,5822704,906,13,42915738,52,47145671
137803,11,2,2020,4,16,6,3,6,7,0,0,1,1,0,0,0,0,801613,6005,5826048,634,13,44438585,52,50096873
137804,11,6,2020,4,18,3,3,5,3,0,1,1,0,0,0,0,0,794475,2114,5816588,988,13,33118479,52,42006681
137805,11,10,2020,4,14,1,3,1,5,0,1,1,0,0,0,0,0,810740,5784,5825441,943,13,57784971,52,49041158
137806,11,9,2020,4,16,7,3,2,2,0,0,1,0,0,0,0,0,804496,4279,5819983,853,13,48118871,52,44501105
137807,11,11,2020,4,22,3,3,5,3,2,1,1,0,0,0,0,0,806856,4886,5832573,632,13,52740404,52,5565237
137808,11,12,2020,4,12,3,3,1,5,0,1,1,0,0,0,0,0,786254,751,5838962,611,13,22989651,52,62502522
137809,11,2,2020,4,12,3,3,5,2,0,1,1,0,0,0,0,0,797844,167,5825634,55,13,38864926,52,499323
137810,11,3,2020,3,13,2,3,5,3,0,1,1,0,0,0,0,1,804356,7981,5840432,639,13,49786834,52,62836183
137811,11,9,2020,4,17,5,3,2,6,0,0,1,0,0,0,0,0,809202,3243,5822900,417,13,55290934,52,46850831
137812,11,12,2020,4,12,3,3,0,7,0,0,1,0,0,0,1,0,794354,3203,5834572,169,13,34530766,52,58134064
137813,11,4,2020,4,12,4,3,5,2,0,0,1,0,1,0,0,0,790210,7992,5827298,93,13,27796964,52,51835441
137814,11,9,2020,4,13,5,2,2,6,0,0,1,0,1,0,0,0,805014,3594,5820676,228,13,48941774,52,45092791
137815,11,7,2020,4,14,7,3,6,4,0,0,1,1,0,0,0,0,797910,5944,5818566,38,13,38331441,52,43592986
137816,11,11,2020,4,11,3,3,5,3,0,0,1,0,0,0,0,0,804251,2887,5828690,842,13,4855398,52,52318567
137817,11,3,2020,4,17,1,3,3,6,0,1,0,0,0,0,0,0,796265,9944,5837341,488,13,37591605,52,60512684
137818,11,1,2020,4,14,6,3,5,2,0,1,1,0,0,0,0,0,794020,3428,5830176,297,13,33649774,52,54211524
137819,11,12,2020,4,13,7,3,6,4,0,0,1,1,0,0,0,0,793845,5456,5833399,924,13,3367815,52,57110728
137820,11,2,2020,4,11,3,3,0,3,0,0,1,0,1,0,0,0,802545,3149,5827381,978,13,45928161,52,51240367
137821,11,9,2020,4,20,1,2,0,7,2,0,0,0,1,0,0,1,817009,4965,5817089,961,13,66194818,52,41197016
137822,11,8,2020,3,11,2,2,0,7,0,1,0,0,0,0,0,0,801814,7111,5820916,25,13,4426945,52,45485516
137823,11,5,2020,4,10,3,3,5,3,0,0,1,0,1,0,0,0,785966,9788,5829204,803,13,21723738,52,53769163
137824,11,4,2020,3,11,2,2,8,1,0,0,1,0,0,0,0,0,791213,3538,5829720,853,13,29482535,52,53953975
137825,11,11,2020,4,10,3,3,9,1,0,0,1,0,0,0,0,0,806992,6231,5826008,698,13,52334487,52,49761148
137826,11,7,2020,4,17,5,3,0,3,0,0,1,0,1,0,0,0,798382,4939,5819892,922,13,39142034,52,44756665
137827,11,4,2020,4,9,3,2,6,4,0,1,0,1,0,0,0,0,792413,4249,5826224,566,13,30939558,52,50755394
137828,11,10,2020,3,9,2,3,5,2,0,1,1,0,0,0,0,0,808064,7464,5832312,521,13,54492769,52,55350158
137829,11,9,2020,4,9,3,3,1,5,0,1,1,0,0,0,0,0,807908,1057,5817697,725,13,52912266,52,42261195
137830,11,12,2020,4,7,3,2,5,3,0,0,1,0,0,0,0,0,792387,1303,5835224,843,13,31693349,52,58825225
137831,11,2,2020,4,13,7,2,5,2,0,0,1,0,1,0,0,0,799070,8547,5825608,174,13,40664295,52,49842015
137832,11,1,2020,4,16,2,3,3,6,0,1,1,0,0,1,0,0,795638,5632,5830644,398,13,36070651,52,54543573
137833,11,9,2020,4,15,1,2,5,2,0,1,1,0,0,0,0,0,810515,2102,5821126,45,13,57052409,52,45186247
137834,11,11,2020,4,13,2,3,0,1,0,0,0,0,1,0,0,1,805136,599,5829983,673,13,49973463,52,53427786
137835,11,11,2020,4,13,2,3,5,3,0,1,1,0,0,0,0,0,804746,5441,5827955,861,13,49214362,52,51632181
137836,11,1,2020,3,9,2,2,0,1,0,0,0,0,1,0,0,0,793881,8822,5829141,5,13,33354677,52,5329136
137837,11,12,2020,4,13,2,2,6,4,0,1,0,1,0,0,0,0,792747,2363,5838414,389,13,3250545,52,61665102
137838,11,8,2020,4,14,5,2,5,7,0,0,1,0,1,0,0,0,802331,825,5822098,879,13,45135252,52,46516943
137839,11,1,2020,4,12,2,3,5,2,0,1,1,0,0,0,0,0,797421,3474,5832531,171,13,38860952,52,56137797
137840,11,8,2020,4,11,2,3,0,6,0,0,1,0,0,0,1,0,802919,2999,5818294,439,13,456524,52,43074469
137841,11,6,2020,3,8,2,3,5,7,0,1,1,0,0,0,0,0,793677,978,5819140,834,13,32173652,52,4433718
137842,11,12,2020,4,11,2,3,5,3,0,0,1,0,0,0,0,0,790219,2357,5834014,985,13,28396386,52,57856694
137843,11,12,2020,4,16,5,3,6,7,0,0,1,1,0,0,0,0,793597,2015,5834903,13,13,33445897,52,58471655
137844,11,7,2020,3,8,2,3,5,2,0,1,1,0,0,0,0,0,800543,1322,5814125,739,13,41793665,52,39468884
137845,11,2,2020,4,20,2,3,6,4,1,0,0,1,0,0,1,0,801969,3134,5829037,68,13,4523221,52,52755745
137846,11,6,2020,4,16,3,3,6,2,0,0,1,1,0,0,0,0,793263,5378,5819084,398,13,31560692,52,4430883
137847,11,12,2020,4,12,7,3,5,3,0,1,1,0,0,0,0,0,792920,2742,5837068,656,13,32641166,52,60449413
137848,11,10,2020,4,11,2,3,5,2,0,1,1,0,0,0,0,0,807184,7707,5829119,681,13,52903774,52,52538429
137849,11,7,2020,4,18,7,2,0,5,0,1,1,0,0,0,0,0,795305,2526,5821757,307,13,34792258,52,46595048
137850,11,5,2020,4,11,2,3,5,3,0,1,1,0,0,0,0,0,782907,2657,5830341,252,13,17321363,52,54947845
137851,11,5,2020,4,19,2,3,6,4,1,0,1,1,0,0,0,0,786496,5904,5831386,528,13,22690681,52,55697405
137852,11,7,2020,3,10,2,1,4,6,0,0,0,0,1,1,0,0,798898,3764,5821379,927,13,40031949,52,460614
137853,11,12,2020,4,8,5,3,0,3,0,1,0,0,0,0,1,0,794569,8949,5832978,404,13,34706419,52,56693717
137854,11,11,2020,4,11,2,3,5,2,0,0,1,0,0,0,0,0,805033,3674,5830423,664,13,49862126,52,53827902
137855,11,7,2020,4,7,5,3,6,4,0,0,1,1,0,0,0,0,797691,3323,5819588,489,13,38100929,52,44521448
137856,11,11,2020,4,16,6,3,5,3,0,1,1,0,0,0,0,0,803782,627,5826622,634,13,47676528,52,50491023
137857,11,5,2020,3,17,1,3,1,5,0,1,1,0,0,0,0,0,783336,1904,5830768,14,13,17988668,52,55308192
137858,11,4,2020,4,10,2,3,6,2,0,0,1,1,0,0,0,0,790662,722,5822761,981,13,28065259,52,47744716
137859,11,9,2020,4,9,2,3,0,7,0,0,1,0,1,0,0,1,811032,2556,5818083,726,13,57527743,52,42430453
137860,11,7,2020,3,0,1,3,5,2,2,0,1,0,0,0,0,0,794958,1529,5825654,926,13,34627672,52,50107765
137861,11,5,2020,4,10,2,3,1,5,0,0,1,0,1,0,0,0,784389,4796,5828603,193,13,19352663,52,53312312
137862,11,4,2020,4,15,3,3,2,6,0,0,1,0,0,0,0,0,789609,4492,5828391,873,13,27008448,52,52848004
137863,11,2,2020,4,6,2,3,5,2,0,0,1,0,1,0,0,0,801466,6474,5828625,394,13,44456169,52,52414576
137864,11,7,2020,4,18,2,3,5,2,1,0,1,0,1,0,0,0,799174,5995,5819063,45,13,40229811,52,43969863
137865,11,10,2020,4,18,2,3,5,3,0,1,1,0,0,0,0,0,807546,3716,5831668,483,13,53670962,52,5480227
137866,11,4,2020,3,11,7,3,0,1,0,1,0,0,0,0,0,0,785047,605,5821462,188,13,19708216,52,46875318
137867,11,1,2020,4,17,5,3,2,6,0,0,1,0,1,0,0,0,797083,8674,5828992,63,13,38048064,52,52984337
137868,11,1,2020,4,2,2,3,8,1,2,0,1,0,0,0,0,0,795157,5448,5830614,472,13,35360712,52,54542829
137869,11,2,2020,4,19,4,2,5,3,1,0,1,0,0,0,0,0,800213,601,5826108,907,13,42387765,52,50228099
137870,11,1,2020,4,15,6,3,2,6,0,0,1,0,1,0,0,0,794425,4485,5829907,683,13,34221595,52,53948855
137871,11,6,2020,4,11,7,3,0,2,0,1,1,0,0,0,0,0,787649,8886,5818150,111,13,23244056,52,43769378
137872,11,12,2020,4,18,2,3,5,7,0,0,1,0,1,0,0,0,795319,9311,5836371,469,13,36112128,52,59694636
137873,11,6,2020,4,10,1,3,1,5,0,1,1,0,0,0,0,0,790975,8604,5818625,543,13,28164485,52,44019674
137874,11,4,2020,4,9,7,3,5,3,0,0,1,0,0,0,0,0,789453,4208,5826661,624,13,26628517,52,51305085
137875,11,2,2020,4,2,2,2,5,3,2,1,1,0,0,0,0,0,797801,6081,5824910,423,13,38737724,52,49285972
137876,11,3,2020,4,17,2,3,2,6,0,0,1,0,0,0,0,0,803465,5696,5831765,92,13,47680259,52,55118452
137877,11,5,2020,4,16,2,3,0,6,0,0,1,0,0,0,1,0,785448,6753,5829251,57,13,20965643,52,53838268
137878,11,4,2020,4,17,2,3,5,7,0,1,1,0,0,0,0,0,791932,421,5828573,233,13,30438409,52,52886707
137879,11,6,2020,4,15,2,3,1,5,0,0,1,0,0,0,0,0,789914,8722,5818894,558,13,26631312,52,44317207
137880,11,9,2020,4,15,2,3,5,2,0,1,0,0,0,1,0,0,806554,9536,5822318,83,13,51352528,52,46478781
137881,11,1,2020,3,13,7,3,0,2,0,0,0,0,1,0,1,0,799113,834,5828309,341,13,4097017,52,52260864
137882,11,10,2020,4,11,5,3,2,2,0,0,1,0,0,0,1,0,812400,3633,5824665,78,13,60148889,52,48250899
137883,11,6,2020,4,14,2,3,8,1,0,0,1,0,0,0,0,0,789494,3745,5819660,738,13,26080772,52,45026397
137884,11,4,2020,4,15,4,3,5,2,0,0,1,0,0,0,0,0,793981,94,5826174,861,13,33239581,52,50626539
137885,11,1,2020,4,19,6,3,5,3,0,1,1,0,0,0,0,0,794053,3612,5828530,44,13,33552666,52,52733977
137886,11,9,2020,4,13,2,2,5,2,0,0,1,0,1,0,0,0,802359,9734,5825338,753,13,45470346,52,49419303
137887,11,2,2020,4,19,1,3,5,3,1,0,1,0,1,0,0,0,800812,6862,5826156,163,13,43271964,52,50237464
137888,11,6,2020,3,15,7,2,5,3,0,1,1,0,0,0,0,0,790166,551,5819757,978,13,27075556,52,45077939
137889,11,9,2020,4,17,1,3,3,6,0,1,1,0,0,0,0,0,804457,6726,5821727,937,13,48221021,52,46066442
137890,11,5,2020,3,16,7,3,5,3,0,1,0,0,0,0,0,0,784769,6398,5826817,377,13,19758669,52,51691298
137891,11,4,2020,4,14,1,3,5,3,0,1,0,0,1,0,0,0,789613,354,5823370,986,13,26576926,52,48346473
137892,11,1,2020,4,17,5,3,5,2,0,1,1,0,0,0,0,0,795946,6745,5828332,571,13,36317826,52,52454513
137893,11,7,2020,3,18,7,3,1,5,0,0,1,0,0,0,0,0,800279,3606,5821515,443,13,42070639,52,46107164
137894,11,4,2020,4,14,1,3,0,3,0,0,1,0,1,0,0,0,792333,4364,5828249,571,13,30999969,52,52575043
137895,11,8,2020,4,18,3,3,5,3,0,1,1,0,0,0,0,0,802628,8923,5819291,19,13,45316785,52,43983943
137896,11,6,2020,4,7,7,3,0,1,0,0,0,0,1,0,0,0,794098,4028,5817424,4,13,32639426,52,42775864
137897,11,6,2020,3,18,7,2,0,6,1,1,0,0,0,0,1,0,781834,1351,5813445,274,13,14315123,52,3985347
137898,11,6,2020,4,13,1,3,5,2,0,1,1,0,0,0,0,0,781668,1168,5813210,633,13,14052029,52,39651611
137899,11,3,2020,4,11,3,3,6,2,0,0,1,1,0,0,0,0,799184,1028,5830843,449,13,41301535,52,54528451
137900,11,11,2020,4,8,5,3,6,4,0,0,1,1,0,0,0,0,805508,5865,5834600,482,13,50945046,52,57544662
137901,11,10,2020,4,12,1,3,1,3,0,1,1,0,0,0,1,0,813234,1247,5826400,543,13,61535706,52,49757667
137902,11,1,2020,4,15,1,3,0,1,0,1,0,0,0,0,0,0,798556,8736,5829215,31,13,40233049,52,53103465
137903,11,4,2020,4,12,1,3,2,6,0,0,1,0,0,0,0,0,793340,8289,5829719,525,13,32610341,52,53838676
137904,11,2,2020,4,19,1,3,0,1,1,1,0,0,0,0,0,0,803189,5087,5827266,803,13,46864026,52,51101371
137905,11,1,2020,3,12,7,3,1,5,0,0,1,0,0,0,0,0,798654,151,5828766,768,13,40335736,52,52696081
137906,11,8,2020,4,19,1,3,5,7,1,1,1,0,0,0,0,0,800838,42,5822556,376,13,42984299,52,47009464
137907,11,1,2020,4,15,5,3,5,2,0,0,1,0,0,0,0,0,795196,8042,5825885,89,13,34998633,52,50301183
137908,11,12,2020,3,12,7,2,5,3,0,0,1,0,1,0,0,0,795970,5227,5833230,416,13,36789343,52,56843653
137909,11,8,2020,4,17,1,3,5,3,0,1,1,0,0,0,0,0,801143,484,5822843,549,13,43458523,52,47250038
137910,11,1,2020,4,15,3,3,2,6,0,0,1,0,0,0,0,0,794911,3096,5831089,81,13,35040861,52,54982265
137911,11,2,2020,4,16,7,3,3,6,0,0,1,0,1,0,0,0,802227,2768,5827740,945,13,4549354,52,51579739
137912,11,12,2020,4,17,7,3,2,6,0,0,1,0,0,0,1,0,792671,611,5832100,918,13,31836335,52,56009478
137913,11,12,2020,4,10,7,3,5,2,0,1,0,0,0,0,1,0,793005,8446,5835639,755,13,32640716,52,59163878
137914,11,9,2020,4,13,7,3,0,5,0,0,1,0,0,0,0,0,812467,2669,5819846,762,13,59796022,52,43928622
137915,11,8,2020,3,12,7,3,5,2,0,1,1,0,0,0,0,0,801304,2086,5819926,423,13,4343115,52,44626466
137916,11,12,2020,4,17,7,3,1,6,0,1,1,0,0,0,0,0,795511,4706,5833438,777,13,3613258,52,57055368
137917,11,1,2020,4,21,7,3,2,6,2,0,1,0,1,0,0,0,796665,7813,5831973,27,13,37699724,52,55678703
137918,11,11,2020,4,18,7,2,5,2,0,1,1,0,0,0,0,0,803555,4404,5829758,647,13,47628991,52,53314391
137919,11,3,2020,4,17,7,3,4,6,0,1,0,0,0,0,0,0,802053,513,5829075,29,13,45358742,52,52785363
137920,11,6,2020,3,10,7,3,5,2,0,0,1,0,1,0,0,0,794756,3919,5820284,508,13,3385662,52,45304402
137921,11,12,2020,4,16,7,2,1,7,0,0,1,0,1,0,0,0,793688,445,5833531,881,13,33458108,52,5723752
137922,11,9,2020,4,11,5,3,5,3,0,0,1,0,0,0,0,0,810608,836,5822102,958,13,57279511,52,46056445
137923,11,4,2020,4,18,6,3,0,3,0,1,1,0,0,0,0,0,790676,8229,5825982,704,13,28366945,52,50631371
137924,11,12,2020,3,7,7,3,5,3,0,0,1,0,0,0,0,0,792184,1767,5832949,729,13,31194095,52,56796583
137925,11,2,2020,4,16,7,2,5,3,0,1,1,0,0,0,0,0,800759,3318,5828456,807,13,43401517,52,5230253
137926,11,4,2020,4,12,3,3,6,2,0,0,1,1,0,0,0,0,790596,4222,5827341,165,13,28367445,52,5185352
137927,11,6,2020,4,23,6,3,1,5,2,1,1,0,0,0,0,0,794784,898,5818004,459,13,33697305,52,43258914
137928,11,9,2020,4,16,7,3,2,6,0,0,1,0,0,0,0,0,806789,2691,5821064,957,13,51581134,52,4534187
137929,11,2,2020,4,15,7,3,2,1,0,1,1,0,0,0,0,0,802077,2251,5827158,132,13,45220181,52,51065676
137930,11,11,2020,4,15,7,3,0,1,0,1,0,0,0,0,0,0,806881,52,5826302,283,13,52198388,52,50030512
137931,11,8,2020,3,2,7,2,1,5,2,0,1,0,1,0,0,0,803651,8112,5819475,155,13,46833757,52,44092131
137932,11,10,2020,4,11,5,3,3,6,0,0,0,0,0,1,1,0,812226,1928,5830727,573,13,6046183,52,53692936
137933,11,2,2020,4,14,7,3,5,2,0,1,1,0,0,0,0,0,800454,8023,5828446,591,13,42953093,52,52310162
137934,11,4,2020,4,17,4,3,6,7,0,1,0,1,0,0,0,0,792964,4169,5825791,236,13,31710939,52,50337368
137935,11,7,2020,4,15,6,3,5,2,0,1,1,0,0,0,0,0,796618,1449,5823969,671,13,36915965,52,48507115
137936,11,4,2020,4,13,7,3,5,7,0,1,0,0,0,0,0,0,788445,679,5825026,936,13,25006007,52,49892905
137937,11,7,2020,4,2,1,2,1,1,2,0,1,0,0,0,0,0,797885,448,5818024,619,13,38246321,52,43109028
137938,11,10,2020,4,11,5,3,5,3,0,1,1,0,0,0,0,0,815210,9903,5829127,87,13,6469633,52,52087011
137939,11,5,2020,4,13,7,3,2,6,0,0,1,0,0,0,0,0,783999,391,5826835,843,13,18628174,52,51748022
137940,11,5,2020,4,21,4,2,0,3,2,1,0,0,0,0,1,0,783713,595,5830622,35,13,18531341,52,5515766
137941,11,4,2020,4,16,6,3,2,6,0,0,1,0,0,0,0,0,791392,5993,5825055,35,13,29337383,52,49761538
137942,11,2,2020,4,13,7,3,2,2,0,1,1,0,0,0,0,0,800717,9839,5827873,23,13,43287981,52,51781551
137943,11,9,2020,4,12,1,3,5,2,0,0,1,0,0,0,0,0,804286,6753,5824085,174,13,4818512,52,48188694
137944,11,9,2020,4,10,7,3,0,1,0,1,0,0,0,0,0,0,819192,6108,5819986,241,13,69669974,52,43665276