OBJECTID,LAND,BEZ,UJAHR,UMONAT,USTUNDE,UWOCHENTAG,UKATEGORIE,UART,UTYP1,ULICHTVERH,IstRad,IstPKW,IstFuss,IstKrad,IstGkfz,IstSonstige,USTRZUSTAND,LINREFX,LINREFY,XGCSWGS84,YGCSWGS84,,,,
137945,11,6,2020,4,9,7,3,1,5,0,1,1,0,0,0,0,0,796126,7741,5817729,137,13,35640954,52,42939632
137946,11,8,2020,4,15,6,3,3,6,0,1,0,0,0,0,0,0,801892,749,5824109,869,13,44671923,52,48343739
137947,11,6,2020,3,10,6,3,0,3,0,0,1,0,0,0,1,0,793427,6748,5820322,194,13,3191022,52,45409674
137948,11,6,2020,4,11,5,3,2,6,0,0,1,0,0,0,0,0,792557,9325,5818594,656,13,3048265,52,43907579
137949,11,2,2020,4,9,6,3,5,2,0,1,1,0,0,0,0,0,797957,7105,5824867,636,13,38963143,52,492391
137950,11,6,2020,4,13,4,2,5,2,0,0,1,0,0,0,0,0,792934,8807,5817747,518,13,30961374,52,43127955
137951,11,6,2020,4,11,5,3,0,3,0,1,0,0,0,0,1,0,793943,841,5820706,346,13,32700346,52,4572636
137952,11,2,2020,4,21,6,3,5,3,2,1,1,0,0,0,0,0,800275,187,5824790,507,13,42359132,52,49042987
137953,11,10,2020,4,18,1,3,5,2,0,0,1,0,0,0,0,0,811288,9944,5831563,416,13,59162817,52,54495564
137954,11,1,2020,4,11,6,3,6,7,0,0,0,1,0,0,1,0,798162,2851,5827994,832,13,39543644,52,52031064
137955,11,6,2020,3,10,6,3,0,6,0,0,1,0,0,0,1,0,794409,9089,5817629,127,13,33114275,52,4294264
137956,11,3,2020,3,9,6,3,0,5,0,1,1,0,0,0,0,0,800493,7353,5829478,276,13,43103542,52,53232742
137957,11,1,2020,4,11,6,3,1,5,0,1,1,0,0,0,0,0,799143,2628,5828575,639,13,41037369,52,52497947
137958,11,11,2020,3,7,6,3,5,2,0,0,1,0,0,0,0,0,805562,728,5827266,609,13,50350146,52,50968783
137959,11,8,2020,4,10,6,3,5,3,0,1,1,0,0,0,0,0,803327,481,5817314,291,13,46162055,52,42173343
137960,11,1,2020,4,18,5,3,5,3,0,0,1,0,0,0,1,0,794663,8144,5830823,312,13,34653262,52,54756764
137961,11,8,2020,4,21,6,3,5,3,2,0,1,0,0,0,0,0,801761,7155,5819079,85,13,44025756,52,43841744
137962,11,9,2020,3,15,6,3,7,7,0,1,0,0,0,0,0,0,817730,927,5820907,268,13,67613335,52,44575694
137963,11,11,2020,4,9,6,3,6,4,0,0,1,1,0,0,0,0,805944,8496,5826126,99,13,50806642,52,49925202
137964,11,3,2020,4,8,3,3,2,6,0,0,1,0,0,0,0,0,803015,871,5842073,109,13,47962233,52,6438142
137965,11,6,2020,4,20,5,3,5,3,2,0,1,0,0,0,0,0,795684,1131,5816889,491,13,34917557,52,42210883
137966,11,12,2020,4,9,6,3,5,3,0,0,1,0,0,0,0,0,786284,8755,5838935,636,13,23031697,52,6247675
137967,11,5,2020,4,15,1,3,5,3,0,1,0,1,0,0,0,0,781176,3653,5819400,927,13,13851561,52,45227637
137968,11,6,2020,4,8,6,3,6,4,0,0,1,1,0,0,0,0,796470,2499,5818342,707,13,36199066,52,43471048
137969,11,2,2020,4,18,6,3,6,4,0,1,0,1,0,0,0,0,798993,6915,5826329,335,13,40615715,52,50492662
137970,11,8,2020,3,13,6,3,2,6,0,0,1,0,0,0,0,0,803683,7912,5822272,17,13,47135007,52,46597289
137971,11,6,2020,4,15,6,2,5,3,0,1,1,0,0,0,0,0,794406,9609,5817395,496,13,33089385,52,42733357
137972,11,7,2020,4,14,5,3,5,3,0,0,1,0,0,0,0,0,799074,228,5821704,817,13,40319114,52,46343
137973,11,12,2020,3,12,6,3,5,2,0,0,1,0,1,0,0,0,792353,9546,5834071,954,13,31542814,52,57793495
137974,11,5,2020,4,12,6,3,3,6,0,0,1,0,1,0,0,0,784842,5148,5828556,595,13,20014753,52,53246875
137975,11,4,2020,4,15,3,3,5,3,0,0,1,0,0,0,0,0,794186,1952,5823700,691,13,3332116,52,48397568
137976,11,9,2020,4,7,6,2,6,4,0,0,1,1,0,0,0,0,804850,7284,5822444,259,13,48863176,52,46686545
137977,11,1,2020,4,16,5,3,5,2,0,1,1,0,0,0,0,0,794597,1394,5830737,58,13,34547567,52,54683049
137978,11,2,2020,3,11,6,3,7,7,0,1,0,0,0,0,0,0,798720,5542,5825885,925,13,40174715,52,50110166
137979,11,3,2020,4,15,5,3,5,3,0,0,1,0,0,0,0,0,801903,643,5830333,148,13,45253422,52,53921057
137980,11,3,2020,4,17,3,3,0,1,0,1,0,0,0,0,0,0,799902,4258,5831654,472,13,42430887,52,55215904
137981,11,2,2020,4,16,5,3,5,2,0,0,1,0,1,0,0,0,800362,6509,5827844,95,13,42763351,52,5177597
137982,11,8,2020,4,21,7,3,5,3,2,0,1,0,0,0,1,0,805315,2602,5817669,723,13,49108581,52,42381372
137983,11,1,2020,4,14,5,2,2,7,0,0,1,0,0,0,0,0,794502,5972,5831578,661,13,34483193,52,55442596
137984,11,1,2020,4,16,5,3,5,3,0,0,1,0,0,0,0,0,798516,6547,5830055,419,13,40249392,52,53858706
137985,11,10,2020,3,11,6,3,2,6,0,1,1,0,0,0,0,0,809486,5203,5827233,1,13,56110276,52,50717497
137986,11,3,2020,4,16,5,3,1,5,0,1,1,0,0,0,0,0,803154,7185,5832516,374,13,47291733,52,5580837
137987,11,12,2020,4,7,5,3,0,2,0,0,1,0,0,0,1,0,792831,5201,5836810,62,13,32487655,52,60222879
137988,11,1,2020,4,17,6,3,6,6,0,1,0,1,0,0,0,0,798815,7117,5829369,56,13,4062731,52,53227092
137989,11,1,2020,3,9,6,3,2,6,0,0,1,0,0,0,0,0,796937,529,5831900,886,13,38092932,52,55599227
137990,11,11,2020,4,12,5,3,5,2,0,1,1,0,0,0,0,0,804467,6145,5826384,245,13,4866082,52,50239184
137991,11,11,2020,4,10,2,3,5,3,0,0,1,0,0,0,0,0,807070,5107,5825813,138,13,52430834,52,49581502
137992,11,6,2020,4,18,5,3,5,3,0,0,1,0,0,0,0,0,796880,8037,5817491,449,13,36725636,52,42685699
137993,11,7,2020,4,17,5,3,5,2,0,1,1,0,0,0,0,0,796703,4448,5820024,218,13,36690385,52,44965738
137994,11,7,2020,4,17,5,3,1,5,0,1,1,0,0,0,0,0,797781,2302,5822600,453,13,38501466,52,47216457
137995,11,1,2020,4,17,5,3,5,2,0,1,1,0,0,0,0,0,796660,8716,5830370,279,13,37549316,52,54242286
137996,11,12,2020,4,16,5,3,9,1,0,0,1,0,0,0,0,0,794440,4149,5832954,516,13,34513818,52,56679308
137997,11,5,2020,3,9,6,2,5,3,0,1,1,0,0,0,0,0,785187,9982,5831661,923,13,20789352,52,56013009
137998,11,9,2020,4,10,5,3,6,4,0,1,0,1,0,0,0,0,806515,4455,5820582,246,13,51135136,52,44924607
137999,11,4,2020,4,9,5,3,5,3,0,0,1,0,0,0,0,0,793424,5016,5823690,977,13,32201842,52,48429847
138000,11,9,2020,4,19,4,2,5,2,0,1,1,0,0,0,0,0,807085,898,5821915,458,13,5209332,52,46087501
138001,11,9,2020,4,16,6,3,2,6,0,0,1,0,0,0,0,0,804918,791,5822551,324,13,48972841,52,46778705
138002,11,1,2020,4,19,6,3,5,3,0,1,1,0,0,0,0,0,796939,7077,5830138,399,13,37938546,52,54019244
138003,11,7,2020,4,7,5,3,0,3,0,1,0,0,0,0,1,0,796185,7238,5815928,686,13,35568019,52,4132246
138004,11,3,2020,4,12,1,2,0,7,0,1,0,0,0,0,0,0,796422,101,5840461,478,13,38101097,52,63300851
138005,11,1,2020,4,18,6,3,0,7,0,1,0,0,0,0,0,0,795751,7832,5831898,472,13,36348829,52,55661586
138006,11,1,2020,4,16,4,2,6,4,0,0,1,1,0,0,0,0,796575,5492,5830993,778,13,37479544,52,5480583
138007,11,9,2020,4,16,4,3,0,6,0,1,0,0,0,0,0,0,810111,7038,5820420,31,13,56394989,52,44576441
138008,11,8,2020,4,20,4,3,5,3,2,0,1,0,0,0,1,0,802566,7343,5819920,142,13,45282567,52,44551119
138009,11,9,2020,3,21,5,3,0,1,2,1,0,0,0,0,0,0,808347,8271,5821632,291,13,53919857,52,45762627
138010,11,7,2020,4,14,3,3,2,5,0,0,1,0,0,0,0,0,796410,1169,5816606,616,13,35957014,52,4191803
138011,11,11,2020,4,17,7,3,5,3,0,0,1,0,0,0,0,0,804256,468,5827060,344,13,48411878,52,50856949
138012,11,11,2020,4,13,5,3,2,6,0,0,1,0,1,0,0,0,805276,375,5833196,207,13,50473705,52,5629916
138013,11,3,2020,4,18,1,3,5,3,0,1,0,0,0,0,0,0,802198,1874,5829173,852,13,45580992,52,52865661
138014,11,1,2020,4,7,4,3,1,5,0,1,1,0,0,0,0,0,794899,6251,5830870,932,13,35004241,52,54786691
138015,11,1,2020,4,19,7,3,5,2,0,0,1,0,0,0,0,0,795171,6981,5825892,439,13,34962404,52,50309131
138016,11,4,2020,4,15,5,3,5,3,0,1,1,0,0,0,0,0,793363,9029,5824955,67,13,32224146,52,49566311
138017,11,8,2020,4,20,3,3,4,7,0,0,1,0,1,0,0,1,800307,4808,5823278,153,13,4227056,52,47685616
138018,11,3,2020,4,19,7,3,0,1,0,0,0,0,1,0,0,0,801823,4245,5837456,329,13,45783755,52,60309937
138019,11,1,2020,4,15,5,3,3,6,0,1,0,0,0,0,0,0,798244,3842,5829634,233,13,39811337,52,53496078
138020,11,8,2020,4,11,2,3,0,3,0,1,0,0,0,0,1,0,801195,9521,5817156,971,13,43022853,52,42150062
138021,11,1,2020,4,15,4,3,0,5,0,0,1,0,1,0,0,0,796622,763,5831291,963,13,37575604,52,55070549
138022,11,12,2020,4,11,4,2,6,2,0,0,1,1,0,0,0,0,794308,9127,5832559,791,13,34285347,52,56332578
138023,11,4,2020,4,21,2,3,0,1,2,1,1,0,0,0,0,0,794125,3046,5824528,9,13,33304772,52,49142571
138024,11,1,2020,4,22,4,3,5,3,2,0,1,0,0,0,0,0,797904,5456,5826564,765,13,39036878,52,50763273
138025,11,2,2020,4,18,1,3,5,2,0,1,1,0,0,0,0,0,801185,7975,5825936,796,13,43800143,52,50020259
138026,11,1,2020,4,14,7,3,2,2,0,1,1,0,0,0,0,0,795875,9402,5830448,663,13,36402246,52,5435523
138027,11,5,2020,4,21,4,3,5,2,2,0,1,0,0,0,0,0,784984,1859,5829498,995,13,20303865,52,54084419
138028,11,2,2020,4,11,6,3,2,6,0,0,1,0,1,0,0,0,799233,297,5826008,419,13,40938837,52,50191872
138029,11,4,2020,4,14,3,3,5,3,0,0,1,0,0,0,0,0,791910,98,5828207,915,13,3037408,52,52560382
138030,11,4,2020,4,8,5,3,1,5,0,1,1,0,0,0,0,0,793878,8611,5826072,418,13,33079103,52,50540258
138031,11,3,2020,4,12,5,3,5,2,0,1,1,0,0,0,0,0,796368,873,5840580,848,13,38033385,52,63410756
138032,11,8,2020,4,14,2,3,3,6,0,1,1,0,0,0,0,0,801368,7391,5823941,618,13,43888381,52,4822184
138033,11,8,2020,4,22,4,3,5,3,2,0,1,0,0,0,1,1,801998,1851,5823293,242,13,44753744,52,47605918
138034,11,8,2020,4,12,5,3,5,3,0,0,1,0,1,0,0,0,801239,9878,5819770,559,13,4332289,52,44490298
138035,11,12,2020,4,14,5,3,2,6,0,0,1,0,1,0,0,0,794178,1255,5835404,768,13,34345393,52,58889954
138036,11,4,2020,4,15,2,3,0,3,0,0,1,0,0,0,1,0,791837,54,5824680,551,13,29957432,52,49402069
138037,11,4,2020,4,18,4,3,5,2,0,1,1,0,0,0,0,1,791172,81,5826050,25,13,29100467,52,50665314
138038,11,4,2020,4,16,2,3,5,2,0,1,1,0,0,0,0,0,790256,9267,5827985,697,13,2792476,52,52449428
138039,11,10,2020,4,20,4,3,5,3,0,1,1,0,0,0,0,0,806521,948,5829883,102,13,52000218,52,53259923
138040,11,8,2020,4,17,1,2,5,3,0,0,1,0,1,0,0,0,801750,3111,5822055,75,13,44277903,52,46509825
138041,11,5,2020,4,16,7,3,0,3,0,1,0,0,0,0,1,0,783765,6323,5826928,684,13,1829252,52,51843434
138042,11,1,2020,4,20,4,3,2,6,0,0,1,0,0,0,0,0,794781,7103,5830964,794,13,34839182,52,54877213
138043,11,7,2020,4,12,6,3,5,2,0,1,0,0,0,1,0,0,798007,1037,5819646,392,13,38569325,52,44556151
138044,11,7,2020,4,18,2,3,0,1,0,1,0,0,0,0,0,0,796689,5337,5824573,171,13,37074513,52,49044217
138045,11,5,2020,4,18,5,3,6,4,0,0,1,1,0,0,0,0,784212,9272,5828954,625,13,19123136,52,53636618
138046,11,4,2020,4,14,2,3,2,6,0,1,1,0,0,0,0,0,791180,4164,5826530,399,13,29154737,52,51095522
138047,11,9,2020,4,9,4,3,0,5,0,1,1,0,0,0,0,0,811626,7737,5818892,767,13,58474619,52,43121653
138048,11,4,2020,4,14,2,3,5,2,0,1,1,0,0,0,0,0,793305,81,5823604,145,13,32018736,52,48358426
138049,11,8,2020,4,19,4,3,5,3,0,0,1,0,0,0,0,0,802029,3516,5824303,379,13,44890995,52,48509593
138050,11,5,2020,4,14,7,3,2,6,0,0,1,0,1,0,0,0,785243,4281,5832254,686,13,20921859,52,56541566
138051,11,5,2020,4,13,5,3,1,5,0,0,1,0,0,0,0,0,781101,3657,5819397,935,13,13741233,52,45228812
138052,11,1,2020,4,0,3,3,9,1,2,0,1,0,0,0,0,0,797894,8313,5830293,39,13,39356571,52,54105729
138053,11,4,2020,4,13,7,3,3,6,0,0,1,0,0,0,0,0,790764,3618,5827378,435,13,28617509,52,51877981
138054,11,11,2020,4,19,4,3,5,7,0,0,1,0,1,0,0,0,805134,4854,5827038,18,13,49700146,52,50787878
138055,11,11,2020,4,15,2,3,5,3,0,0,1,0,0,0,0,0,806316,742,5833904,374,13,52069595,52,5687538
138056,11,10,2020,4,19,4,3,2,6,0,1,1,0,0,0,0,0,812188,381,5829993,331,13,60337302,52,53037139
138057,11,7,2020,4,13,7,3,3,6,0,1,1,0,0,0,0,0,798480,8598,5819037,115,13,39209894,52,43984164
138058,11,4,2020,4,7,4,3,5,2,0,0,1,0,1,0,0,0,794531,2257,5825946,374,13,34026326,52,50392089
138059,11,6,2020,4,20,7,2,1,6,2,0,1,0,0,0,1,0,795414,5579,5820840,392,13,34871539,52,45767187
138060,11,1,2020,4,19,4,3,0,1,0,1,0,0,0,0,0,0,797892,4534,5829288,715,13,39263048,52,53205613
138061,11,6,2020,4,17,6,3,6,7,0,1,0,1,0,0,0,0,796483,6135,5816911,323,13,36091773,52,42187197
138062,11,2,2020,4,18,2,3,0,1,0,1,0,0,0,0,0,0,800146,8754,5825071,956,13,42196317,52,49302309
138063,11,8,2020,4,16,5,3,5,3,0,1,1,0,0,0,0,0,800668,5395,5824573,709,13,42917418,52,48827004
138064,11,5,2020,4,8,2,2,5,7,0,1,1,0,0,0,0,0,782816,9188,5830396,235,13,17193158,52,55001835
138065,11,1,2020,4,15,4,2,5,2,0,1,1,0,0,0,0,0,798964,4845,5827825,952,13,40707253,52,51835767
138066,11,2,2020,4,17,1,3,0,7,0,1,0,1,0,0,0,0,803241,7048,5826321,242,13,46854574,52,5025098
138067,11,5,2020,4,18,4,2,5,2,0,1,1,0,0,0,0,0,785627,5728,5828032,23,13,21123914,52,52735653
138068,11,4,2020,4,19,7,3,0,7,1,1,1,0,0,0,0,0,791528,837,5824891,59,13,29523152,52,4960726
138069,11,12,2020,4,19,5,3,0,1,1,1,0,0,0,0,0,0,791086,278,5833913,763,13,29663444,52,5771964
138070,11,12,2020,4,9,3,3,5,2,0,0,1,0,0,0,0,0,793156,567,5836805,407,13,32965771,52,6020069
138071,11,3,2020,4,13,7,2,0,1,0,1,0,0,0,0,0,0,800862,5007,5833415,434,13,44002264,52,56741328
138072,11,4,2020,4,12,6,1,6,2,0,0,0,1,0,1,0,0,790342,7342,5827318,364,13,27992628,52,51846591
138073,11,9,2020,4,15,2,2,1,5,0,1,1,0,0,0,0,0,809081,2141,5819198,661,13,54770652,52,43540202
138074,11,8,2020,4,18,4,3,5,3,0,0,1,0,0,0,0,0,802252,534,5819044,356,13,44741763,52,4378354
138075,11,3,2020,4,17,4,3,0,2,0,1,1,0,0,0,0,1,801722,3924,5830097,945,13,4496563,52,53720283
138076,11,10,2020,4,19,3,3,2,6,0,0,1,0,1,0,0,0,809582,6213,5824670,512,13,5601329,52,48415611
138077,11,5,2020,4,17,6,3,5,2,0,1,1,0,0,0,0,0,785243,4203,5832254,657,13,20921845,52,56541541
138078,11,12,2020,4,17,2,3,5,3,0,0,1,0,1,0,0,0,791248,3943,5836413,492,13,30121759,52,59951904
138079,11,10,2020,4,11,4,3,5,3,0,1,1,0,0,0,0,0,808548,176,5827352,549,13,54742963,52,50877781
138080,11,4,2020,4,8,3,3,5,2,0,1,1,0,0,0,0,0,791842,5984,5825075,537,13,30000181,52,49755873
138081,11,9,2020,4,12,2,3,5,2,0,1,1,0,0,0,0,0,804919,5104,5822552,264,13,48973983,52,46779508
138082,11,9,2020,4,12,4,3,5,2,0,1,1,0,0,0,0,0,809621,5081,5818980,753,13,55542715,52,43314361
138083,11,12,2020,4,16,1,3,0,1,0,0,0,0,1,0,0,0,793689,77,5835007,293,13,33590345,52,58560071
138084,11,1,2020,4,18,4,2,3,6,0,0,1,0,1,0,0,0,793656,973,5828118,309,13,32933685,52,52386245
138085,11,3,2020,4,11,7,3,6,2,0,0,1,1,0,0,0,0,801110,325,5830756,194,13,44125587,52,5434413
138086,11,9,2020,4,18,5,2,0,1,0,1,0,0,0,0,0,0,807250,4075,5821816,932,13,52326811,52,45989909
138087,11,8,2020,4,18,3,3,3,6,0,1,1,0,0,0,0,0,802478,2337,5823152,605,13,4544564,52,47453301
138088,11,1,2020,4,13,7,3,5,7,0,0,1,0,0,0,1,0,794661,6769,5830825,544,13,34650317,52,5475888
138089,11,3,2020,4,14,5,2,5,3,0,1,1,0,0,0,0,0,801319,1655,5833555,523,13,44686714,52,56841633
138090,11,2,2020,4,9,5,3,2,6,0,1,1,0,0,0,0,0,797109,8331,5824265,424,13,37664288,52,48745495
138091,11,1,2020,4,11,2,3,6,4,0,0,1,1,0,0,0,0,796184,9349,5831236,548,13,36926823,52,550447
138092,11,4,2020,4,17,4,3,5,7,0,0,1,0,0,0,1,0,792890,6316,5824775,824,13,31513248,52,49431045
138093,11,9,2020,4,17,4,3,5,3,0,0,1,0,0,0,0,1,805932,8615,5822646,721,13,50469736,52,46807517
138094,11,3,2020,4,17,2,3,5,2,0,1,1,0,0,0,0,0,799981,5694,5835109,52,13,42859671,52,58307969
138095,11,1,2020,4,18,4,2,6,2,0,0,1,1,0,0,0,0,797354,169,5831201,96,13,38642775,52,54949229
138096,11,3,2020,4,12,1,3,5,3,0,0,1,0,0,0,0,0,802871,4664,5838288,504,13,4740271,52,60997505
138097,11,2,2020,4,0,7,3,5,3,2,1,1,0,0,0,0,0,798352,9807,5825559,794,13,396056,52,49837942
138098,11,2,2020,4,17,4,3,3,6,0,1,0,0,0,0,0,0,798459,2893,5824735,581,13,39687898,52,49093328
138099,11,12,2020,4,13,6,3,5,5,0,0,1,0,1,0,0,0,796202,7753,5833946,762,13,37194995,52,57473146
138100,11,8,2020,4,17,4,3,1,5,0,1,1,0,0,0,0,0,802128,3647,5822689,282,13,44890129,52,47057382
138101,11,6,2020,4,19,1,3,5,3,0,1,1,0,0,0,0,0,787251,5661,5818337,356,13,22675796,52,43958194
138102,11,4,2020,4,13,1,2,2,7,0,0,1,0,1,0,0,0,790904,585,5823561,535,13,28490139,52,48448644
138103,11,3,2020,4,17,4,3,6,2,0,0,1,1,0,0,0,0,799879,3113,5831737,545,13,42404401,52,55291638
138104,11,11,2020,4,21,6,3,5,2,2,0,1,0,0,0,0,0,804247,8335,5828688,675,13,48548705,52,52316817
138105,11,5,2020,4,15,3,3,5,3,0,1,1,0,0,0,0,0,785712,68,5829289,687,13,21356128,52,53858642
138106,11,7,2020,4,11,7,3,5,2,0,1,1,0,0,0,0,0,793424,146,5822382,25,13,32086137,52,47256437
138107,11,1,2020,4,10,5,3,2,6,0,0,1,0,0,1,0,0,797473,5055,5832627,446,13,389463,52,56221246
138108,11,2,2020,4,14,5,3,5,3,0,1,0,0,0,0,1,0,799051,6993,5825056,421,13,40586629,52,49348495
138109,11,1,2020,4,10,2,3,6,2,0,0,0,1,0,0,1,0,794883,4411,5830230,543,13,3492359,52,5421351
138110,11,3,2020,4,18,4,3,0,1,0,1,0,0,0,0,0,0,799614,1621,5834743,755,13,42286008,52,58000789
138111,11,5,2020,4,15,2,3,0,5,0,0,1,0,0,0,0,0,783008,643,5827065,98,13,17191559,52,52005878
138112,11,1,2020,4,17,4,3,2,7,0,1,1,0,0,0,0,0,795557,4346,5830730,842,13,35959054,52,54625465
138113,11,4,2020,4,17,1,2,5,2,0,0,0,0,1,0,0,0,786218,9125,5825990,506,13,21817542,52,50874073
138114,11,1,2020,4,16,7,2,0,1,0,1,0,0,0,0,0,0,798900,503,5828621,551,13,40684737,52,52552414
138115,11,2,2020,4,16,4,3,5,3,0,0,1,0,0,0,0,0,797834,82,5824928,37,13,38788102,52,49300247
138116,11,3,2020,4,11,6,3,5,2,0,1,1,0,0,0,0,0,803489,245,5832275,531,13,4776133,52,55573891
138117,11,3,2020,4,21,2,3,5,3,2,0,1,0,0,0,0,0,796730,463,5836647,83,13,38213213,52,59864907
138118,11,6,2020,4,17,5,2,6,4,0,0,1,1,0,0,0,0,793214,5493,5816807,157,13,31289114,52,42269956
138119,11,7,2020,4,13,3,3,1,5,0,0,1,0,0,0,0,0,795937,8411,5815989,26,13,35209961,52,41389958
138120,11,1,2020,4,0,5,3,5,3,2,0,1,0,0,0,1,0,794496,3838,5830686,967,13,3439497,52,54643594
138121,11,4,2020,4,12,5,3,5,2,0,1,1,0,0,0,0,0,789553,47,5826585,875,13,26768945,52,51231865
138122,11,3,2020,4,13,2,3,5,2,0,1,1,0,0,0,0,0,802098,204,5828926,783,13,45411606,52,52649755
138123,11,2,2020,4,17,4,3,5,3,0,1,1,0,0,0,0,1,800678,4354,5825794,439,13,43042118,52,49920639
138124,11,9,2020,4,7,2,3,4,6,0,0,1,0,0,0,0,0,807210,3621,5821841,777,13,52270343,52,46014426
138125,11,2,2020,4,16,4,3,5,3,0,1,1,0,0,0,0,0,798248,5524,5826085,205,13,39499278,52,50314614
138126,11,2,2020,4,16,7,3,2,6,0,1,1,0,0,0,0,0,803198,8224,5826817,691,13,468368,52,50698322
138127,11,7,2020,4,6,4,2,1,5,0,1,1,0,0,0,0,1,797538,1956,5820274,858,13,37937413,52,45145045
138128,11,2,2020,4,10,7,3,5,2,0,1,1,0,0,0,0,0,797536,7102,5824968,52,13,38353891,52,49352495
138129,11,1,2020,4,17,4,3,5,3,0,1,1,0,0,0,0,0,797758,8234,5829747,94,13,39107771,52,53624551
138130,11,4,2020,4,19,6,3,5,3,1,1,1,0,0,0,0,0,790070,2293,5827319,936,13,27592283,52,51862503
138131,11,8,2020,4,18,2,3,5,3,0,0,1,0,0,0,0,0,806603,9139,5815496,189,13,50798708,52,40361298
138132,11,7,2020,4,16,5,3,5,7,0,0,1,0,0,0,0,0,794942,4849,5824567,94,13,34508337,52,49133443
138133,11,4,2020,4,12,2,3,5,3,0,1,1,0,0,0,0,0,792087,2831,5825285,736,13,30378028,52,49931222
138134,11,10,2020,4,14,4,3,5,3,0,0,1,0,0,0,0,0,813438,2683,5828051,628,13,61990866,52,51225478
138135,11,2,2020,4,18,1,3,3,6,0,0,1,0,1,0,0,0,803352,1467,5826772,225,13,4705787,52,50649048
138136,11,5,2020,4,16,4,3,5,2,0,1,1,0,0,0,0,0,784453,4907,5828664,903,13,19452059,52,53364301
138137,11,5,2020,4,12,7,2,5,3,0,0,1,0,0,0,0,0,782562,1027,5827716,701,13,16590482,52,52612497
138138,11,6,2020,4,14,5,3,2,6,0,0,1,0,0,0,0,0,795236,999,5818672,48,13,34418017,52,43833038
138139,11,5,2020,4,8,2,3,5,3,0,1,1,0,0,0,0,0,782240,237,5827606,551,13,16107956,52,52530405
138140,11,4,2020,4,15,4,3,5,2,0,0,1,0,0,0,1,0,790408,285,5829032,47,13,28238668,52,53379804
138141,11,10,2020,4,19,2,2,5,3,0,0,1,0,1,0,0,0,807623,9548,5832371,414,13,53850139,52,5542785
138142,11,7,2020,4,15,4,3,5,2,0,1,1,0,0,0,0,0,794981,898,5823816,928,13,34498633,52,48458882
138143,11,1,2020,4,14,7,3,5,7,0,1,1,0,0,0,0,0,798527,9609,5829150,327,13,40184718,52,53046799
138144,11,11,2020,4,11,5,3,5,3,0,0,1,0,0,0,0,0,805194,7356,5826776,518,13,49764672,52,5055014
138145,11,1,2020,4,11,3,3,6,4,0,1,0,1,0,0,0,0,796317,6018,5830678,281,13,370721,52,54537057
138146,11,6,2020,4,16,6,3,5,2,0,1,1,0,0,0,0,0,794703,9414,5821567,44,13,33892911,52,4645731
138147,11,1,2020,4,17,6,3,1,5,0,1,1,0,0,0,0,0,796519,3694,5829895,249,13,37298879,52,53824175
138148,11,1,2020,4,16,2,1,6,4,0,0,1,1,0,0,0,0,795545,7186,5828196,2,13,35716416,52,52353856
138149,11,2,2020,4,19,4,3,0,3,0,0,1,0,1,0,0,1,798485,2955,5825217,147,13,39769231,52,49523568
138150,11,6,2020,4,16,5,2,5,2,0,1,1,0,0,0,0,0,790208,1314,5815096,389,13,26732015,52,40896463
138151,11,6,2020,4,8,3,3,5,3,0,0,1,0,0,0,0,0,795890,1579,5816493,891,13,35184693,52,41845116
138152,11,5,2020,4,11,1,3,5,3,0,1,1,0,0,0,0,0,784377,46,5830003,761,13,19454869,52,54568693
138153,11,7,2020,4,17,1,3,5,3,0,1,1,0,0,0,0,0,799410,2642,5815976,854,13,4029919,52,41190225
138154,11,12,2020,4,16,4,3,5,3,0,0,1,0,0,0,0,0,792126,6149,5833157,736,13,31127729,52,56986143
138155,11,10,2020,4,7,7,2,5,2,0,0,1,0,0,0,0,0,812081,8938,5831805,77,13,60351045,52,54667384
138156,11,6,2020,4,10,5,2,1,5,0,0,1,0,1,0,0,0,794430,2213,5817347,67,13,33119233,52,4268869
138157,11,3,2020,4,16,3,3,6,4,0,1,0,1,0,0,0,0,801398,607,5833328,584,13,44782147,52,56633861
138158,11,5,2020,4,13,6,2,5,2,0,0,1,0,1,0,0,0,779733,6793,5827861,793,13,12444454,52,5288847
138159,11,1,2020,4,13,5,2,5,3,0,1,1,0,0,0,0,1,795215,4191,5828698,462,13,35275597,52,52822149
138160,11,6,2020,4,16,5,3,3,6,0,0,1,0,0,0,0,0,793102,5126,5816600,482,13,31106719,52,42090677
138161,11,6,2020,4,14,5,3,1,1,0,0,1,0,0,0,0,0,794188,4728,5820823,582,13,33070782,52,45818253
138162,11,6,2020,4,10,2,3,5,3,0,0,1,0,1,0,0,0,793020,2867,5820148,128,13,31297138,52,45275482
138163,11,9,2020,4,20,3,3,0,1,2,1,0,0,0,0,0,1,806948,8465,5821957,18,13,51897241,52,46132402
138164,11,11,2020,4,13,6,3,5,3,0,0,1,0,0,0,0,0,807368,1837,5833140,95,13,53545256,52,56131177
138165,11,11,2020,4,16,5,3,0,4,0,1,0,1,0,0,0,0,803062,188,5829555,145,13,46885485,52,53159445
138166,11,8,2020,4,18,6,3,2,6,0,0,1,0,0,0,0,0,800450,272,5823688,171,13,42516754,52,48045292
138167,11,2,2020,4,15,2,2,5,3,0,0,1,0,0,0,0,0,800145,1645,5825897,952,13,42268231,52,50042777