OBJECTID,LAND,BEZ,UJAHR,UMONAT,USTUNDE,UWOCHENTAG,UKATEGORIE,UART,UTYP1,ULICHTVERH,IstRad,IstPKW,IstFuss,IstKrad,IstGkfz,IstSonstige,USTRZUSTAND,LINREFX,LINREFY,XGCSWGS84,YGCSWGS84,,,,
138390,11,11,2020,5,16,4,3,0,1,0,1,0,0,0,0,0,0,804592,9018,5831060,192,13,49273056,52,54423026
138391,11,10,2020,5,15,1,3,0,7,0,0,0,1,1,0,0,0,812407,8114,5831289,291,13,60781545,52,54185887
138392,11,8,2020,5,8,5,2,5,3,0,0,1,0,1,0,0,0,802074,5785,5822682,6,13,44810533,52,47053884
138393,11,9,2020,5,15,3,3,7,7,0,0,1,0,0,0,0,0,821235,7408,5819450,968,13,72613806,52,43066088
138394,11,7,2020,5,20,1,3,5,3,0,0,1,0,0,0,0,1,795487,5347,5824675,181,13,35318372,52,49200858
138395,11,7,2020,5,17,6,2,0,7,0,1,0,0,0,0,0,0,797733,8624,5819137,554,13,38123141,52,44114916
138396,11,11,2020,5,11,5,3,6,4,0,0,1,1,0,0,0,0,804923,9395,5833089,752,13,499461,52,56223481
138397,11,11,2020,5,20,5,3,5,3,0,1,1,0,0,0,0,0,804354,8259,5826851,525,13,48537882,52,50664282
138398,11,2,2020,5,17,5,3,0,1,0,1,0,0,0,0,0,0,800653,1804,5825820,8,13,43007341,52,49945012
138399,11,12,2020,5,17,5,3,2,6,0,0,1,0,0,0,0,0,793208,4578,5832608,18,13,32670809,52,56435185
138400,11,3,2020,5,17,5,3,5,3,0,1,1,0,0,0,0,0,804395,587,5841005,239,13,49896704,52,63347188
138401,11,1,2020,5,13,4,3,5,3,0,1,1,0,0,0,0,0,793850,5679,5830086,21,13,33392184,52,54139925
138402,11,6,2020,5,10,6,3,2,2,0,0,1,0,0,0,0,0,792516,256,5817077,457,13,30288779,52,42549651
138403,11,6,2020,5,16,5,3,5,2,0,1,1,0,0,0,0,0,794563,5909,5817695,466,13,33345502,52,42993837
138404,11,1,2020,5,16,5,3,5,2,0,1,1,0,0,0,0,0,797160,403,5827688,286,13,38043476,52,51810989
138405,11,4,2020,5,16,4,3,5,7,0,0,1,0,1,0,0,0,793451,5307,5824372,478,13,32301538,52,49039333
138406,11,3,2020,5,19,1,3,5,3,0,0,1,0,0,0,0,1,799721,3324,5830080,383,13,42022556,52,5381496
138407,11,8,2020,5,15,5,3,5,2,0,0,1,0,0,0,1,0,800601,8443,5824422,424,13,42805842,52,48695075
138408,11,7,2020,5,9,3,3,2,6,0,1,1,0,0,0,0,0,794861,7336,5823412,261,13,34287581,52,4810257
138409,11,1,2020,5,19,1,3,2,2,0,0,1,0,0,0,0,1,795192,242,5827241,18,13,35112182,52,5151692
138410,11,6,2020,5,8,6,3,0,3,0,0,0,0,0,0,1,0,789114,2898,5819585,929,13,25516561,52,44979442
138411,11,9,2020,5,15,5,3,2,6,0,0,1,0,1,0,0,0,807705,2907,5815828,227,13,52443095,52,40597108
138412,11,1,2020,5,15,5,3,2,6,0,0,1,0,1,0,0,0,795178,1155,5828257,944,13,35181663,52,52429279
138413,11,4,2020,5,15,5,2,3,6,0,0,1,0,1,0,0,0,790511,1524,5829036,28,13,2839023,52,53377737
138414,11,5,2020,5,15,5,3,5,2,0,0,1,0,0,0,0,0,786433,461,5831177,955,13,22579208,52,55513748
138415,11,5,2020,5,12,4,3,5,3,0,0,1,0,0,0,0,0,786538,3728,5831592,191,13,227699,52,55879596
138416,11,7,2020,5,18,1,3,5,3,0,0,1,0,0,0,0,1,799075,8682,5821704,937,13,40321532,52,46343018
138417,11,2,2020,5,13,1,3,4,6,0,1,1,0,0,0,1,0,802971,492,5827456,82,13,46560404,52,51283818
138418,11,9,2020,5,14,5,3,5,3,0,1,1,0,0,0,0,0,808926,8709,5817992,921,13,54432952,52,42468336
138419,11,1,2020,5,17,2,2,6,4,0,0,1,1,0,0,0,1,797889,7728,5826568,918,13,39015547,52,50767802
138420,11,1,2020,5,13,2,3,5,2,0,0,1,1,0,0,0,1,796078,4161,5825576,129,13,36266211,52,49976462
138421,11,7,2020,5,13,5,3,5,3,0,1,1,0,0,0,0,0,797288,6471,5821212,4,13,37654716,52,45998714
138422,11,12,2020,5,17,1,3,5,7,0,0,1,0,0,0,0,0,791272,711,5834144,454,13,29957117,52,57916507
138423,11,9,2020,5,14,6,3,5,3,0,0,1,0,0,0,0,0,810865,6462,5814521,379,13,56952794,52,39247448
138424,11,2,2020,5,17,1,3,1,5,0,1,1,0,0,0,0,0,803226,61,5827777,89,13,4696429,52,51557416
138425,11,5,2020,5,15,1,3,3,6,0,1,0,0,0,0,0,0,788140,5125,5830427,114,13,25025586,52,54750522
138426,11,3,2020,5,20,5,3,5,2,2,0,1,0,0,0,0,0,798051,5539,5837196,512,13,40207422,52,60285138
138427,11,8,2020,5,0,3,3,1,5,2,0,1,0,0,0,0,0,800666,2246,5823002,14,13,42772296,52,47418478
138428,11,10,2020,5,19,5,3,2,6,0,0,1,0,0,0,0,0,809656,1612,5829662,752,13,56585567,52,52885314
138429,11,5,2020,5,16,1,3,5,3,0,0,1,0,0,0,0,0,781956,2814,5830596,457,13,15944247,52,55225982
138430,11,7,2020,5,7,6,3,5,2,0,1,0,0,0,0,0,0,796854,6202,5824775,944,13,3733501,52,49217008
138431,11,12,2020,5,18,5,3,1,5,0,1,1,0,0,0,0,0,793636,7469,5836339,862,13,33631456,52,59757451
138432,11,1,2020,5,18,5,3,6,2,0,0,1,1,0,0,0,0,794935,164,5830797,445,13,35049974,52,54718893
138433,11,12,2020,5,13,5,3,2,6,0,0,1,0,0,0,0,0,793047,651,5835761,601,13,32713034,52,59270853
138434,11,2,2020,5,13,5,3,1,5,0,1,0,0,0,0,1,0,802608,1466,5826968,466,13,4598287,52,50866255
138435,11,9,2020,5,7,4,3,5,3,0,0,1,0,1,0,0,1,811638,6695,5821149,29,13,58702448,52,45142918
138436,11,7,2020,5,16,1,3,5,3,0,1,1,0,0,0,0,0,797382,9848,5823797,361,13,38023624,52,48311054
138437,11,1,2020,5,20,7,3,1,5,1,1,1,0,0,0,0,0,797103,8037,5831416,426,13,38294113,52,55155899
138438,11,2,2020,5,13,5,3,5,2,0,1,1,0,0,0,0,0,797756,544,5825302,48,13,38705828,52,49639503
138439,11,5,2020,5,12,2,3,0,7,0,0,0,0,1,0,0,1,783253,8037,5828608,45,13,17683322,52,53376166
138440,11,11,2020,5,11,2,3,5,2,0,1,1,0,0,0,0,1,805600,979,5827249,6,13,50404771,52,50951396
138441,11,12,2020,5,13,5,2,4,6,0,0,1,0,1,0,0,0,791876,367,5835423,587,13,30958581,52,59030839
138442,11,7,2020,5,13,6,3,5,3,0,1,1,0,0,0,0,0,797289,2377,5823176,92,13,37830659,52,47759999
138443,11,12,2020,5,12,5,3,2,2,0,0,1,0,0,0,0,0,790621,1959,5835979,589,13,29160244,52,59596477
138444,11,2,2020,5,8,5,3,5,2,0,1,1,0,0,0,0,0,797318,4737,5825372,439,13,3806944,52,49726456
138445,11,3,2020,5,14,1,2,5,3,0,1,0,0,0,0,0,0,799870,4541,5831731,86,13,42390863,52,55287029
138446,11,10,2020,5,6,5,2,6,4,0,0,1,1,0,0,0,0,812195,1887,5831009,257,13,60442729,52,53947132
138447,11,11,2020,5,12,5,3,5,2,0,0,1,0,0,0,0,0,806599,8653,5827311,743,13,5187772,52,50951044
138448,11,9,2020,5,11,5,3,5,3,0,1,1,0,0,0,0,0,809224,7433,5819303,813,13,54990839,52,43626327
138449,11,2,2020,5,14,5,3,1,5,0,1,1,0,0,0,0,0,798416,8434,5826460,34,13,39780074,52,50641398
138450,11,6,2020,5,10,5,2,0,6,0,1,1,0,0,0,0,0,790374,2374,5816732,102,13,27117449,52,42354127
138451,11,7,2020,5,10,3,3,5,2,0,1,1,0,0,0,0,0,794245,2372,5822015,862,13,33259202,52,46884021
138452,11,5,2020,5,12,1,3,3,6,0,0,1,0,0,0,0,0,785018,4459,5829398,655,13,20345637,52,53992663
138453,11,7,2020,5,18,7,3,5,2,0,1,1,0,0,0,0,0,796476,19,5815895,7,13,359906,52,41276555
138454,11,9,2020,5,10,5,3,5,3,0,1,1,0,0,0,0,0,801796,3388,5825317,404,13,44640722,52,49431361
138455,11,5,2020,5,16,2,3,2,6,0,0,1,0,0,0,0,1,785323,816,5832475,271,13,21058028,52,56735164
138456,11,7,2020,5,9,2,3,2,2,0,0,1,0,0,0,0,1,799073,3938,5813141,542,13,39552273,52,38667103
138457,11,5,2020,5,7,5,2,5,3,0,0,1,0,1,0,0,0,785023,3372,5828882,979,13,20308596,52,53530056
138458,11,12,2020,5,11,6,3,5,2,0,1,1,0,0,0,0,0,785984,527,5839221,89,13,22613894,52,62748493
138459,11,6,2020,5,7,5,2,5,2,0,1,0,0,0,0,1,0,794266,7017,5820262,707,13,33136155,52,45311242
138460,11,10,2020,5,14,4,3,6,7,0,1,0,1,0,0,0,0,809066,6013,5828966,951,13,55654589,52,52295213
138461,11,11,2020,5,12,1,2,0,1,0,1,0,0,0,0,0,0,807252,4491,5824291,314,13,52557688,52,48207383
138462,11,11,2020,5,22,4,3,5,3,2,0,1,0,0,0,0,0,804287,7477,5828425,82,13,4858324,52,52078342
138463,11,6,2020,5,9,1,3,1,5,0,1,1,0,0,0,0,0,789267,5783,5816365,381,13,25462815,52,42083959
138464,11,7,2020,5,14,4,3,5,2,0,0,0,0,1,0,1,0,797893,729,5821929,311,13,38605714,52,46608755
138465,11,1,2020,5,10,3,3,1,5,0,1,0,0,0,0,1,0,798103,7653,5828952,785,13,39543523,52,52892943
138466,11,2,2020,5,9,1,3,5,3,0,1,1,0,0,0,0,0,800312,3241,5827613,63,13,42668475,52,51570893
138467,11,3,2020,5,7,6,2,0,6,0,1,1,0,0,0,0,0,800122,4855,5830732,143,13,42671126,52,54377075
138468,11,8,2020,5,14,4,3,5,7,0,0,1,0,1,0,0,0,801458,6418,5820946,801,13,43749785,52,45532549
138469,11,8,2020,5,8,1,3,5,3,0,1,1,0,0,0,0,0,803523,3891,5817786,906,13,46492145,52,42586086
138470,11,8,2020,5,14,4,3,5,3,0,1,1,0,0,0,0,0,800593,6279,5824432,634,13,42794699,52,48704678
138471,11,1,2020,5,18,3,3,1,7,0,0,1,0,0,0,0,0,796728,1333,5830685,534,13,37676368,52,54521215
138472,11,5,2020,5,21,7,2,6,4,2,0,1,1,0,0,0,0,784420,612,5829916,986,13,19510902,52,54488639
138473,11,1,2020,5,19,6,3,0,1,0,1,0,0,0,0,0,0,798539,9723,5829177,323,13,40204796,52,5307034
138474,11,9,2020,5,13,4,3,5,2,0,0,1,0,0,0,0,0,806309,4633,5819450,872,13,50729273,52,43922163
138475,11,10,2020,5,12,4,3,2,6,0,0,1,0,0,0,0,0,809576,21,5828177,421,13,56329566,52,51558768
138476,11,7,2020,5,21,5,3,0,1,2,0,0,0,1,0,0,0,794776,69,5821837,531,13,34023544,52,46695508
138477,11,4,2020,5,12,4,3,5,3,0,0,1,0,0,0,0,0,789821,4385,5827303,76,13,27225181,52,51860615
138478,11,6,2020,5,11,4,2,2,6,0,0,1,0,1,0,0,0,794859,1046,5820042,71,13,33985986,52,45082103
138479,11,11,2020,5,15,4,3,2,6,0,0,1,0,0,1,0,0,805730,8748,5831346,223,13,50972247,52,5461564
138480,11,11,2020,5,17,7,2,8,1,0,1,0,0,1,0,0,0,807097,2242,5825821,741,13,52470853,52,4958771
138481,11,7,2020,5,9,4,3,5,2,0,0,0,0,1,0,1,0,794951,5498,5825651,71,13,34617631,52,50104666
138482,11,2,2020,5,7,3,3,1,5,0,1,0,0,0,1,0,0,800311,362,5825825,14,13,42505755,52,49968256
138483,11,8,2020,5,12,7,3,5,2,0,1,1,0,0,0,0,0,805548,1859,5818553,3,13,49530756,52,43160046
138484,11,3,2020,5,7,6,3,5,2,0,1,0,0,0,0,0,0,800043,913,5831022,709,13,42581857,52,54641845
138485,11,3,2020,5,9,4,3,5,2,0,0,1,0,0,0,0,0,801536,5402,5831439,368,13,44814203,52,5493289
138486,11,2,2020,5,8,4,3,1,5,0,1,1,0,0,0,0,0,798004,7265,5825937,826,13,39127933,52,50195828
138487,11,5,2020,5,14,5,3,4,7,0,1,0,0,0,0,1,0,782700,4267,5828556,221,13,16865225,52,53358068
138488,11,9,2020,5,6,4,3,1,5,0,0,1,0,1,0,0,0,807857,426,5817873,312,13,52853568,52,42421432
138489,11,7,2020,5,17,5,3,2,3,0,0,1,0,0,0,0,0,796583,8766,5815878,385,13,36147242,52,41255812
138490,11,6,2020,5,12,4,3,5,3,0,0,1,0,0,0,0,0,789871,4506,5818784,84,13,26558088,52,44221143
138491,11,7,2020,5,21,4,3,0,5,2,1,1,0,0,0,0,0,795674,6964,5824089,621,13,35541283,52,48665814
138492,11,12,2020,5,14,4,3,0,2,0,0,0,0,0,0,1,0,793232,5855,5832486,183,13,32695534,52,56324667
138493,11,3,2020,5,11,7,3,5,3,0,0,1,0,0,0,0,0,800002,7708,5838587,61,13,43205991,52,61424193
138494,11,3,2020,5,13,1,3,5,2,0,1,0,0,0,0,0,0,796425,9171,5840463,678,13,38106917,52,63302615
138495,11,4,2020,5,20,4,3,5,3,0,0,1,0,0,0,0,0,792767,3287,5827045,962,13,31531769,52,51472768
138496,11,10,2020,5,20,2,3,5,3,1,0,1,0,0,0,0,0,812881,46,5828236,689,13,61189781,52,51423302
138497,11,2,2020,5,18,4,3,1,1,0,1,1,0,0,0,0,0,802387,1275,5827080,657,13,45668396,52,50979065
138498,11,5,2020,5,11,7,3,2,6,0,0,1,0,0,0,0,0,784069,377,5829020,63,13,18917204,52,53703301
138499,11,12,2020,5,15,6,3,5,3,0,0,1,0,1,0,0,0,793322,2106,5832664,55,13,32843101,52,56479292
138500,11,2,2020,5,17,4,3,5,2,0,1,1,0,0,0,0,0,802604,76,5827776,757,13,46050385,52,51590945
138501,11,3,2020,5,17,4,3,5,2,0,1,1,0,0,0,0,0,799301,3478,5833431,83,13,41707311,52,56842079
138502,11,3,2020,5,12,5,3,2,6,0,0,1,0,0,0,0,0,801240,5055,5831960,475,13,44426212,52,5541634
138503,11,1,2020,5,16,4,3,5,3,0,0,1,0,0,0,0,0,794302,76,5828635,926,13,33927601,52,52815474
138504,11,2,2020,5,13,4,3,0,2,0,1,1,0,0,0,0,0,801114,4845,5828087,864,13,43890003,52,51952239
138505,11,12,2020,5,10,7,3,3,6,0,0,0,0,1,0,1,0,792578,2587,5832824,986,13,31762869,52,56663591
138506,11,1,2020,5,0,7,3,0,1,2,1,0,0,0,0,0,0,799669,4928,5827122,48,13,4167977,52,51166133
138507,11,4,2020,5,16,4,3,1,5,0,1,1,0,0,0,0,0,790903,6908,5825039,401,13,28617853,52,49773606
138508,11,6,2020,5,16,2,3,5,3,0,0,1,0,0,0,0,1,785764,9799,5816919,364,13,20373566,52,42764697
138509,11,2,2020,5,9,2,3,0,2,0,1,1,0,0,0,0,1,799844,8769,5824797,92,13,4172817,52,49073275
138510,11,2,2020,5,9,3,3,0,7,0,1,0,0,0,0,0,0,797279,7161,5825551,539,13,38028501,52,49889111
138511,11,4,2020,5,11,4,3,2,2,0,0,1,0,0,0,0,0,790409,8158,5829041,715,13,28241726,52,5338801
138512,11,6,2020,5,19,7,3,1,5,0,0,1,0,0,0,0,0,793283,3057,5818939,519,13,31576977,52,4417789
138513,11,6,2020,5,12,7,3,1,5,0,0,1,0,0,0,0,0,792122,5827,5820346,766,13,2999723,52,45501609
138514,11,10,2020,5,21,3,3,2,3,1,1,1,0,0,0,0,1,809535,9217,5827564,737,13,56213677,52,51011977
138515,11,7,2020,5,16,2,3,2,6,0,0,1,0,0,0,0,1,797510,767,5820792,947,13,37943327,52,45610952
138516,11,3,2020,5,11,2,3,2,6,0,0,1,0,0,0,0,1,801650,4052,5831283,795,13,44967491,52,54787146
138517,11,7,2020,5,19,3,3,2,6,0,1,1,0,0,0,0,1,796515,34,5823964,128,13,3676452,52,48507731
138518,11,4,2020,5,14,6,2,2,6,0,0,1,0,1,0,0,0,789037,802,5826999,86,13,26047088,52,51629671
138519,11,1,2020,5,17,3,3,5,3,0,0,1,0,0,0,0,0,795174,5889,5825896,865,13,34967043,52,50312942
138520,11,9,2020,5,10,3,2,6,4,0,0,1,1,0,0,0,0,810568,98,5819935,328,13,57020597,52,44116114
138521,11,4,2020,5,10,5,3,3,6,0,1,0,0,0,0,0,0,793124,4102,5824079,864,13,31795385,52,4879459
138522,11,11,2020,5,8,2,3,5,3,0,0,1,0,0,0,0,0,804297,2125,5828218,454,13,48578245,52,51892621
138523,11,12,2020,5,10,3,2,5,3,0,1,1,0,0,0,0,0,789442,4433,5840425,75,13,27813889,52,63644707
138524,11,2,2020,5,16,3,3,5,2,0,1,1,0,0,0,0,0,799901,1958,5825710,861,13,41893055,52,49888492
138525,11,1,2020,5,19,7,3,3,6,0,1,0,0,1,0,0,0,798110,479,5828955,954,13,39553674,52,52895417
138526,11,2,2020,5,17,7,3,2,6,0,1,1,0,0,0,0,0,803362,896,5826792,273,13,47074302,52,50666465
138527,11,1,2020,5,9,3,3,2,3,0,0,1,0,0,0,1,0,795456,9106,5831567,982,13,35885731,52,55381337
138528,11,4,2020,5,16,2,3,5,2,0,1,1,0,0,0,0,1,791916,4578,5824767,624,13,30081688,52,49475883
138529,11,7,2020,5,8,3,3,5,2,0,0,1,0,0,0,0,0,798019,162,5819648,38,13,38587191,52,44557276
138530,11,6,2020,5,10,6,2,5,3,0,0,1,0,0,0,0,0,792759,7122,5816343,73,13,30581597,52,41878851
138531,11,3,2020,5,7,2,3,5,2,0,1,1,0,0,0,0,1,798961,2812,5831449,173,13,41028457,52,55083622
138532,11,1,2020,5,5,3,3,2,6,1,0,1,0,0,0,0,0,799622,2799,5828268,79,13,41713613,52,52195965
138533,11,8,2020,5,17,3,3,2,6,0,1,1,0,0,0,0,1,800558,7741,5824951,303,13,42790303,52,49171498
138534,11,6,2020,5,16,3,3,6,4,0,0,1,1,0,0,0,1,792460,2779,5820802,75,13,30532669,52,45891729
138535,11,2,2020,5,13,6,3,5,3,0,0,1,0,0,0,0,0,802042,9028,5827166,472,13,45170518,52,51075051
138536,11,4,2020,5,6,2,3,5,2,1,0,1,0,0,1,1,1,793353,82,5829679,71,13,32624675,52,53801756
138537,11,6,2020,5,16,3,3,2,6,0,0,1,0,1,0,0,1,795995,7221,5819451,84,13,35601311,52,44491007
138538,11,9,2020,5,15,3,3,5,2,0,1,1,0,0,0,0,1,811844,6083,5821600,191,13,59046641,52,4553548
138539,11,9,2020,5,18,7,3,3,6,0,1,1,0,0,0,0,0,811547,4754,5817156,212,13,58196647,52,41569948
138540,11,10,2020,5,10,5,3,5,3,0,1,1,0,0,0,0,0,809555,896,5834186,815,13,56859939,52,56945272
138541,11,6,2020,5,17,7,3,2,6,0,0,1,0,0,0,0,0,793206,6742,5816457,973,13,31246965,52,4195734
138542,11,4,2020,5,15,3,2,2,6,0,0,1,0,0,0,1,0,793440,5,5826569,842,13,32478228,52,51009798
138543,11,2,2020,5,17,3,3,1,5,0,1,1,0,0,0,0,0,802267,2841,5827501,259,13,45530546,52,51362692
138544,11,6,2020,5,17,7,2,5,2,0,1,1,0,0,0,0,0,784747,6413,5817552,146,13,18935251,52,4338511
138545,11,7,2020,5,22,6,3,1,5,2,1,1,0,0,0,0,0,795892,5176,5825166,57,13,3595677,52,4961941
138546,11,5,2020,5,14,3,3,2,6,0,0,1,0,0,0,0,0,785855,54,5830256,748,13,21649688,52,54718186
138547,11,4,2020,5,14,3,3,2,6,0,1,1,0,0,0,0,1,792518,6795,5824139,45,13,30911035,52,48880134
138548,11,7,2020,5,15,5,3,0,2,0,1,1,0,0,0,0,0,795471,8632,5825556,67,13,35373492,52,49991354
138549,11,3,2020,5,11,2,3,5,3,0,0,1,0,0,0,0,1,802341,5557,5829703,4,13,45839816,52,53332019
138550,11,3,2020,5,14,3,3,5,3,0,0,1,0,0,0,0,1,799525,405,5837456,275,13,42400156,52,60436996
138551,11,4,2020,5,14,3,3,6,6,0,1,0,1,0,0,0,0,790374,1632,5827296,14,13,28036877,52,51824994
138552,11,11,2020,5,14,4,3,2,6,0,0,1,0,0,0,0,0,805730,8748,5831346,223,13,50972247,52,5461564
138553,11,3,2020,5,17,7,3,5,2,0,1,1,0,0,0,0,0,799981,5081,5835110,52,13,42859671,52,58308869
138554,11,12,2020,5,16,1,3,5,7,0,1,0,0,0,0,1,0,785063,336,5836795,289,13,21047083,52,60622029
138555,11,6,2020,5,12,3,3,0,3,0,0,1,0,1,0,0,0,794194,662,5821438,436,13,33134056,52,46369109
138556,11,6,2020,5,6,3,3,5,2,2,1,0,0,0,0,1,0,795355,8592,5818457,348,13,34574712,52,43634105
138557,11,1,2020,5,19,4,2,0,6,0,0,1,0,1,0,0,0,799641,1799,5827021,388,13,41629112,52,51077462
138558,11,2,2020,5,17,7,3,0,7,0,1,0,0,0,0,0,0,798044,2482,5825487,954,13,39145725,52,49790415
138559,11,4,2020,5,12,3,3,6,7,0,0,1,1,0,0,0,0,791596,6145,5823648,798,13,29513996,52,48489961
138560,11,9,2020,5,10,3,1,6,4,0,0,1,1,0,0,0,0,808417,3452,5820877,388,13,53952127,52,45082159
138561,11,7,2020,5,17,7,3,5,3,0,0,1,0,0,0,0,0,797267,5133,5820724,542,13,37580296,52,45562869
138562,11,1,2020,5,9,6,2,2,7,0,0,1,0,0,0,1,0,793945,7829,5832037,532,13,33704916,52,55884024
138563,11,6,2020,5,11,3,3,2,6,0,0,1,0,0,0,0,0,794932,7015,5819267,578,13,34025538,52,44383268
138564,11,8,2020,5,10,2,3,5,3,0,1,1,0,0,0,0,0,802179,8731,5823394,94,13,45029655,52,47687023
138565,11,2,2020,5,15,5,3,5,2,0,1,1,0,0,0,0,0,801250,8166,5827844,229,13,44068261,52,51726336
138566,11,8,2020,5,20,2,2,0,1,1,0,0,0,1,0,0,1,801209,3018,5819650,31,13,43267037,52,44384205
138567,11,8,2020,5,16,2,2,6,4,0,1,0,1,0,0,0,1,800557,4629,5823308,213,13,42640231,52,47698809
138568,11,4,2020,5,16,2,2,5,2,0,0,1,0,1,0,0,1,791382,3541,5828591,145,13,29631972,52,52932174
138569,11,7,2020,5,12,4,2,0,4,0,1,0,1,0,0,0,0,793988,171,5822944,275,13,32963462,52,47730151
138570,11,8,2020,5,16,7,3,2,2,0,0,1,0,0,0,0,0,800878,4986,5822453,848,13,43034432,52,46915336
138571,11,8,2020,5,13,1,2,5,2,0,0,1,0,1,0,0,0,803006,8476,5819362,836,13,45877612,52,44027232
138572,11,12,2020,5,15,2,3,5,2,0,0,1,0,0,0,0,0,792606,403,5837531,674,13,32219953,52,60881384
138573,11,2,2020,5,15,2,3,2,6,0,0,1,0,1,0,0,1,800173,5053,5825046,877,13,42233164,52,49278365
138574,11,1,2020,5,13,2,3,5,2,0,1,1,0,0,0,0,1,794830,994,5831327,327,13,34943844,52,55199528
138575,11,4,2020,5,15,2,3,0,6,0,0,1,0,1,0,0,1,791229,8101,5823280,546,13,28943176,52,481794
138576,11,3,2020,5,15,7,3,6,4,0,0,0,1,0,0,1,0,802563,8472,5829389,451,13,4613799,52,53038618
138577,11,12,2020,5,14,6,3,1,5,0,0,1,0,1,0,0,0,791980,38,5834091,854,13,30994278,52,57831412
138578,11,1,2020,5,15,2,3,0,2,0,0,0,0,1,0,1,1,796290,9804,5830599,663,13,37025945,52,54468032
138579,11,8,2020,5,14,2,3,6,4,0,0,0,1,1,0,0,1,800423,8149,5823712,311,13,42480448,52,48068372
138580,11,3,2020,5,11,5,3,4,6,0,0,1,0,0,0,0,0,800207,3177,5841207,429,13,43745151,52,63761545
138581,11,10,2020,5,13,2,2,6,4,0,0,0,1,0,0,1,0,810941,174,5831987,44,13,58691216,52,5489505
138582,11,4,2020,5,13,7,3,1,1,0,1,1,0,0,0,0,0,793385,1066,5822041,425,13,31998872,52,46953197
138583,11,1,2020,5,18,6,3,0,2,0,1,1,0,0,0,0,0,794020,7694,5831275,549,13,33747719,52,55196909
138584,11,1,2020,5,13,2,3,6,4,0,0,0,1,1,0,0,1,796725,9486,5831949,689,13,37786126,52,55654505
138585,11,1,2020,5,12,2,3,2,6,0,0,1,0,0,0,0,1,795236,8017,5831698,517,13,35573635,52,55510286
138586,11,1,2020,5,13,5,3,1,5,0,1,1,0,0,0,0,0,797723,2198,5827683,693,13,38870604,52,51776156
138587,11,2,2020,5,11,2,3,5,2,0,1,1,0,0,0,0,1,797996,348,5824565,695,13,38992881,52,48966336
138588,11,9,2020,5,10,4,3,1,5,0,1,1,0,0,0,0,0,810262,577,5822752,63,13,56833002,52,46658284
138589,11,11,2020,5,15,7,3,0,7,0,1,1,0,0,0,0,0,807546,1975,5825487,396,13,53099252,52,49262787
138590,11,5,2020,5,23,7,2,1,1,2,0,1,0,0,0,0,0,782512,2309,5828533,7,13,16586544,52,53347069
138591,11,12,2020,5,11,2,3,0,1,0,0,0,0,1,0,0,1,793384,7483,5832518,192,13,329222,52,56345164
138592,11,4,2020,5,15,2,3,2,6,0,0,1,0,0,0,0,1,788727,5116,5827339,97,13,25620672,52,51951722
138593,11,4,2020,5,11,2,3,5,2,0,0,1,0,0,0,1,1,790455,1358,5825990,734,13,28041939,52,50650376
138594,11,1,2020,5,22,2,3,5,2,2,0,1,0,1,0,0,0,797091,8599,5833198,911,13,38436118,52,56754331
138595,11,2,2020,5,18,6,3,5,2,0,1,1,0,0,0,0,0,800718,2648,5827875,416,13,4328861,52,5178368
138596,11,11,2020,5,12,2,3,6,2,0,0,1,1,0,0,0,1,805725,4725,5831358,498,13,50965435,52,54626945
138597,11,4,2020,5,19,2,3,2,6,0,0,1,0,0,0,0,1,792857,83,5826614,63,13,31625698,52,51081275
138598,11,10,2020,5,17,2,3,5,2,0,1,1,0,0,0,0,0,811829,957,5830490,133,13,59857242,52,53502846
138599,11,9,2020,5,9,5,3,2,6,0,0,1,0,0,1,0,0,804148,5491,5822934,111,13,47877374,52,47164721
138600,11,7,2020,5,20,2,3,0,1,1,0,0,0,1,0,0,1,794597,307,5824872,488,13,34028005,52,49425864
138601,11,1,2020,5,16,2,1,8,1,0,1,0,0,0,0,0,0,796787,3064,5828064,665,13,37529352,52,5216867
138602,11,4,2020,5,18,3,3,2,6,0,0,1,0,0,0,0,0,792689,2355,5826111,86,13,31334801,52,50638872
138603,11,1,2020,5,16,2,3,5,2,0,1,1,0,0,0,0,0,797649,5347,5831843,198,13,39134882,52,55508651
138604,11,9,2020,5,7,3,3,6,4,0,1,0,1,0,0,0,0,811558,108,5817345,472,13,58229848,52,4173895
138605,11,2,2020,5,20,7,3,5,2,1,1,1,0,0,0,0,0,796768,304,5826034,349,13,37320371,52,50349736
138606,11,3,2020,5,18,7,2,8,1,0,0,0,0,1,0,0,0,800237,9446,5836500,842,13,43363054,52,59541308
138607,11,3,2020,5,16,2,2,6,4,0,0,1,1,0,0,0,1,799614,414,5833319,589,13,421577,52,56724253
138608,11,9,2020,5,15,2,3,5,3,0,0,1,0,0,0,0,1,810984,7894,5821728,45,13,57797295,52,45699405
138609,11,7,2020,5,8,2,3,0,1,0,0,0,0,1,0,0,1,796337,5905,5824936,307,13,36589974,52,49388852
138610,11,11,2020,5,10,2,3,5,2,0,1,1,0,0,0,0,1,802433,6748,5828907,21,13,45902798,52,52613444
138611,11,12,2020,5,12,6,3,6,4,0,0,1,1,0,0,0,0,790894,884,5841235,995,13,30024371,52,642941
138612,11,1,2020,5,9,2,3,1,5,0,1,1,0,0,0,0,0,798356,7384,5826693,501,13,39712705,52,50853958