OBJECTID,LAND,BEZ,UJAHR,UMONAT,USTUNDE,UWOCHENTAG,UKATEGORIE,UART,UTYP1,ULICHTVERH,IstRad,IstPKW,IstFuss,IstKrad,IstGkfz,IstSonstige,USTRZUSTAND,LINREFX,LINREFY,XGCSWGS84,YGCSWGS84,,,,
138613,11,3,2020,5,8,2,3,0,7,0,1,0,0,0,0,0,0,800832,924,5830563,316,13,43699078,52,54186619
138614,11,1,2020,5,20,7,2,6,4,0,0,0,1,1,0,0,0,793984,7362,5830188,853,13,33598532,52,54224701
138615,11,4,2020,5,22,4,3,1,5,2,0,1,0,0,0,0,0,793575,7026,5825452,73,13,32579097,52,50001057
138616,11,2,2020,5,13,7,2,0,1,0,1,0,0,0,0,0,0,800151,1732,5825759,533,13,42264582,52,49918376
138617,11,2,2020,5,8,2,3,2,6,0,0,1,0,0,0,1,1,802913,6493,5825953,925,13,46339338,52,49939978
138618,11,7,2020,5,14,3,3,1,5,0,1,1,0,0,0,0,0,800014,9865,5812800,63,13,40901202,52,38310044
138619,11,1,2020,5,18,7,3,3,6,0,1,1,0,0,0,0,0,794575,1794,5828691,139,13,34333908,52,52850218
138620,11,8,2020,5,10,6,3,5,2,0,1,1,0,0,0,0,0,801299,511,5819621,43,13,43396081,52,44353374
138621,11,8,2020,5,8,2,3,0,4,0,0,1,1,0,0,0,0,805661,8648,5817020,205,13,49557388,52,41779885
138622,11,12,2020,5,13,1,3,2,6,0,0,1,0,0,0,0,0,789348,7767,5833662,275,13,27084593,52,57586843
138623,11,6,2020,5,18,5,3,2,6,0,0,1,0,0,0,0,0,792556,4567,5821656,583,13,30748722,52,46652634
138624,11,8,2020,5,19,2,3,6,4,0,0,1,1,0,0,0,1,803859,1187,5822153,543,13,47381498,52,46481219
138625,11,6,2020,5,17,1,3,6,4,0,0,1,1,0,0,0,0,794256,576,5819375,968,13,3304242,52,44516891
138626,11,8,2020,5,15,7,3,0,3,0,0,1,0,1,0,0,0,801579,8583,5822305,854,13,44050422,52,46744015
138627,11,11,2020,5,17,6,3,4,6,0,1,0,0,0,0,0,0,805827,117,5827151,1,13,50727891,52,50850445
138628,11,5,2020,5,16,1,3,5,3,0,0,1,0,0,0,0,0,781905,5299,5829564,557,13,15781993,52,54303362
138629,11,1,2020,5,15,1,3,6,4,0,0,1,1,0,0,0,0,795141,4142,5830737,444,13,35347921,52,54653937
138630,11,10,2020,5,19,5,3,1,5,0,0,1,0,1,0,0,0,809912,2884,5833744,318,13,57342764,52,56528453
138631,11,6,2020,5,11,1,3,2,2,0,1,1,0,0,0,0,0,795515,1217,5819614,265,13,34910618,52,44662606
138632,11,2,2020,5,0,1,3,5,3,2,0,1,0,0,0,0,1,801437,3177,5826070,223,13,44181628,52,50125964
138633,11,10,2020,5,16,4,3,5,3,0,0,1,0,0,0,1,0,809120,1642,5829711,674,13,55802512,52,52959575
138634,11,5,2020,5,13,7,3,5,2,0,1,1,0,0,0,0,0,782385,9626,5827030,266,13,16273251,52,52006137
138635,11,2,2020,5,13,1,3,5,2,0,1,1,0,0,0,0,0,801470,657,5826032,482,13,4422631,52,50090328
138636,11,6,2020,5,8,3,2,0,6,0,0,0,0,0,1,1,0,796542,3345,5818351,945,13,3630561,52,43475422
138637,11,4,2020,5,16,6,3,6,6,0,1,0,1,0,0,0,0,791334,5502,5825958,452,13,29331154,52,50574546
138638,11,8,2020,5,19,6,3,5,7,0,0,1,0,0,0,0,0,801882,7998,5824409,569,13,44685447,52,48612876
138639,11,5,2020,5,13,1,3,1,5,0,0,1,0,0,0,0,0,781884,771,5828592,516,13,15667976,52,53432896
138640,11,6,2020,5,12,1,3,0,1,0,1,0,0,0,0,0,0,792217,3204,5820714,652,13,30168453,52,45826351
138641,11,5,2020,5,14,5,3,2,6,0,0,1,0,0,0,0,0,788129,13,5830424,693,13,25008464,52,5474896
138642,11,5,2020,5,11,1,3,5,3,0,1,1,0,0,0,0,0,783571,5295,5828661,555,13,18155013,52,53407259
138643,11,8,2020,5,12,4,2,6,4,0,0,1,1,0,0,0,0,805094,7753,5817928,436,13,48808932,52,42625547
138644,11,12,2020,5,22,6,3,0,7,2,1,0,0,0,0,0,0,795080,2322,5835862,849,13,3571395,52,59251719
138645,11,7,2020,5,9,7,2,5,2,0,1,1,0,0,0,0,0,793940,4335,5822505,724,13,3285495,52,4733957
138646,11,9,2020,5,7,1,3,9,1,0,0,1,0,0,0,0,0,814172,6766,5821924,609,13,62492087,52,45692884
138647,11,6,2020,5,15,4,3,6,4,0,1,0,1,0,0,0,0,793902,9351,5820575,517,13,32629911,52,45611236
138648,11,12,2020,5,19,6,3,2,2,0,0,1,0,0,0,1,0,792245,1079,5833320,382,13,31316397,52,57125588
138649,11,2,2020,5,14,1,3,5,3,0,1,1,0,0,0,0,0,799343,1557,5826192,384,13,41116737,52,50350744
138650,11,8,2020,5,22,7,2,5,3,2,0,1,0,0,0,1,1,801070,2866,5824001,568,13,43455633,52,48292039
138651,11,4,2020,5,16,2,3,5,3,0,0,1,0,1,0,0,1,792842,7684,5827220,261,13,31657963,52,5162497
138652,11,3,2020,5,21,7,3,5,3,2,1,1,0,0,0,0,1,800218,232,5831193,1,13,42853555,52,54784967
138653,11,2,2020,5,15,6,3,3,6,0,0,1,0,1,0,0,0,797865,1126,5825573,186,13,38890246,52,49876595
138654,11,1,2020,5,17,6,3,1,5,0,1,1,0,0,0,0,0,797402,8326,5828685,668,13,38489422,52,52691789
138655,11,7,2020,5,12,7,3,5,3,0,0,1,0,0,0,0,1,793981,702,5822279,161,13,32895566,52,47134245
138656,11,1,2020,5,16,7,3,2,6,0,0,1,0,0,0,0,0,797557,9914,5830113,302,13,38845263,52,53963021
138657,11,6,2020,5,12,5,3,2,2,0,0,1,0,1,0,0,0,787515,5513,5817400,281,13,22982491,52,43104162
138658,11,1,2020,5,19,2,3,5,2,0,0,1,0,0,0,0,1,793972,8723,5832033,138,13,33744372,52,55878623
138659,11,8,2020,5,13,7,3,1,5,0,1,1,0,0,0,0,0,800723,6435,5822857,946,13,42843579,52,47286071
138660,11,1,2020,5,7,4,3,0,2,0,1,1,0,0,0,0,0,794582,359,5826069,503,13,34111862,52,50499725
138661,11,2,2020,5,22,6,3,0,1,2,1,0,0,0,0,0,0,797801,3323,5824910,485,13,38737324,52,49286042
138662,11,10,2020,5,18,7,2,5,3,1,0,1,0,0,0,1,0,809638,3939,5829695,582,13,56562517,52,52915744
138663,11,9,2020,5,13,7,3,2,6,0,0,1,0,0,0,0,0,810436,609,5821243,85,13,5694726,52,45296315
138664,11,1,2020,5,14,2,3,5,3,0,1,1,0,0,0,0,1,800062,7935,5826416,979,13,4219402,52,50512531
138665,11,3,2020,5,10,2,3,0,7,0,0,1,0,0,0,0,1,801613,5291,5836187,534,13,45359198,52,59184381
138666,11,2,2020,5,12,7,3,5,3,0,1,1,0,0,0,0,1,799326,9125,5826235,581,13,41096761,52,50390356
138667,11,11,2020,5,13,6,2,5,3,0,0,1,0,1,0,0,0,803446,6526,5830133,128,13,47503293,52,53656086
138668,11,6,2020,5,12,7,3,6,7,0,1,0,1,0,0,0,0,794220,7,5817537,539,13,3282873,52,42870713
138669,11,11,2020,5,9,7,3,0,3,0,1,0,0,0,0,1,0,805526,228,5825987,951,13,50179206,52,4982484
138670,11,7,2020,5,14,2,3,0,1,0,0,0,0,1,0,0,1,797135,7883,5817017,7,13,37057409,52,42246618
138671,11,12,2020,5,10,2,2,6,2,0,0,1,1,0,0,0,1,790372,2494,5834885,678,13,28697851,52,58629098
138672,11,10,2020,5,13,7,3,2,6,0,0,1,0,0,0,0,1,806569,8286,5827988,214,13,51895915,52,51558999
138673,11,12,2020,5,7,6,3,5,2,0,1,0,0,0,1,0,0,790608,3527,5834475,73,13,29009414,52,58248978
138674,11,3,2020,5,14,7,3,0,6,0,0,1,0,1,0,0,1,799843,3279,5830802,774,13,42267086,52,54455753
138675,11,7,2020,5,11,7,2,5,3,0,0,1,0,0,0,0,1,794828,6372,5823178,153,13,34218287,52,47894493
138676,11,1,2020,5,14,5,3,0,1,0,1,0,0,0,0,0,0,799609,9813,5828510,543,13,41717383,52,52413971
138677,11,9,2020,5,15,7,3,2,6,0,0,1,0,0,0,0,1,808616,4089,5819192,284,13,540885,52,4356073
138678,11,6,2020,5,13,3,3,5,3,0,1,1,0,0,0,0,0,788987,2803,5816093,577,13,25028301,52,4185508
138679,11,5,2020,5,21,6,3,2,7,2,0,1,0,0,0,0,0,785961,2445,5830417,55,13,21819709,52,54856784
138680,11,2,2020,5,17,7,3,2,6,0,1,0,0,0,0,0,0,798278,28,5825307,329,13,39473277,52,49615722
138681,11,7,2020,5,16,7,3,2,2,0,0,1,0,0,0,0,1,797996,4438,5820848,82,13,38660969,52,45634579
138682,11,9,2020,5,18,1,3,0,2,0,1,1,0,0,0,0,0,810776,4892,5821266,276,13,57448708,52,45297071
138683,11,5,2020,5,16,7,3,2,6,0,0,1,0,0,0,0,0,781474,3019,5828409,369,13,15049932,52,53289855
138684,11,3,2020,5,11,6,2,5,3,0,0,1,0,0,0,0,0,798936,7218,5832601,53,13,41096078,52,56117453
138685,11,10,2020,5,17,7,3,0,7,0,0,1,0,0,0,1,0,810319,279,5831796,998,13,57758874,52,54760217
138686,11,7,2020,5,18,7,3,5,3,0,0,1,0,0,0,0,1,795988,384,5822763,411,13,35883664,52,47459997
138687,11,8,2020,5,20,4,3,5,2,1,1,1,0,0,0,0,0,801644,6516,5823758,831,13,44276911,52,48042771
138688,11,5,2020,5,20,6,2,0,1,1,1,0,0,0,0,0,0,781339,7863,5820475,392,13,14181958,52,46182675
138689,11,3,2020,5,3,7,3,6,6,2,0,1,1,0,0,0,0,795760,5774,5836274,369,13,36752124,52,59583649
138690,11,9,2020,5,14,6,3,2,6,0,0,1,0,0,0,0,0,811178,6551,5821572,76,13,58067183,52,45548849
138691,11,11,2020,5,18,6,2,0,1,0,0,1,0,1,0,0,0,805050,9228,5831216,351,13,49960713,52,54537358
138692,11,12,2020,5,2,5,2,0,1,2,0,1,0,0,0,0,0,793055,3671,5836538,248,13,32793122,52,59966654
138693,11,4,2020,5,15,6,3,3,6,0,1,0,0,0,0,1,0,791357,6744,5828713,944,13,29606456,52,53043581
138694,11,7,2020,5,20,6,3,0,6,2,0,1,0,1,0,0,1,795630,608,5824975,108,13,35555103,52,49461972
138695,11,7,2020,5,17,3,3,5,5,0,0,1,0,1,0,0,0,795235,6454,5824967,257,13,34974329,52,49476313
138696,11,5,2020,5,15,6,2,5,2,0,0,1,0,0,0,0,0,780873,5973,5828324,105,13,14159472,52,53244392
138697,11,12,2020,5,13,6,3,5,2,0,1,1,0,0,0,0,0,793117,4331,5832637,846,13,3253954,52,56466826
138698,11,9,2020,5,15,6,3,5,2,0,0,1,0,0,0,0,0,816062,6857,5822760,451,13,65343557,52,4633289
138699,11,9,2020,5,10,6,3,3,6,0,0,1,0,1,0,0,0,809674,6083,5821537,485,13,55857524,52,45602654
138700,11,1,2020,5,21,5,3,0,1,2,1,0,0,0,0,0,0,795261,1438,5831728,258,13,35612081,52,55535627
138701,11,3,2020,5,2,6,3,8,7,2,0,1,0,0,0,0,0,796806,907,5833953,78,13,38083226,52,57445939
138702,11,11,2020,5,23,6,3,6,7,2,1,0,1,0,0,0,0,803712,7889,5826310,986,13,47545525,52,50215588
138703,11,5,2020,5,14,4,3,5,3,0,1,0,0,0,0,1,0,784697,6416,5828599,58,13,19805391,52,53292517
138704,11,5,2020,5,15,6,3,2,6,0,0,1,0,0,0,0,0,785048,5854,5826293,19,13,20123721,52,51206586
138705,11,9,2020,5,17,1,3,2,6,0,0,1,0,0,0,0,0,811362,5462,5820103,101,13,58199958,52,44221343
138706,11,6,2020,5,22,6,3,0,1,2,0,0,0,1,0,0,1,793683,9011,5820649,551,13,32314999,52,45689378
138707,11,8,2020,5,7,3,3,5,3,0,0,1,0,0,0,0,0,804630,3878,5816380,791,13,47987173,52,41264295
138708,11,8,2020,5,15,6,3,5,3,0,0,1,0,0,0,0,0,802463,8735,5822870,455,13,45398978,52,47201204
138709,11,2,2020,5,18,6,3,2,6,0,0,1,0,0,0,0,0,799991,7488,5824444,722,13,41912046,52,48748618
138710,11,3,2020,5,16,6,2,7,7,0,1,0,0,0,0,0,0,800845,4636,5832335,566,13,43879296,52,55774373
138711,11,5,2020,5,10,3,3,2,6,0,0,1,0,0,0,0,0,786462,4824,5828442,398,13,22386602,52,53059589
138712,11,9,2020,5,13,6,3,3,6,0,1,0,0,0,0,0,0,812308,3976,5821343,54,13,59702925,52,45278573
138713,11,9,2020,5,9,6,3,5,2,0,1,1,0,0,0,0,0,804531,5583,5822523,307,13,48402007,52,46775192
138714,11,7,2020,5,19,6,3,2,6,0,0,1,0,1,0,0,0,800254,5871,5821578,282,13,42039937,52,46164851
138715,11,1,2020,5,17,6,3,6,4,0,0,1,1,0,0,0,0,795253,4052,5831718,812,13,35599859,52,55527579
138716,11,6,2020,5,16,5,3,3,2,0,0,1,0,1,0,0,0,793081,2771,5816627,836,13,31077977,52,42116337
138717,11,6,2020,5,16,6,2,1,5,0,1,1,0,0,0,0,0,785363,5034,5818291,81,13,19901786,52,44015554
138718,11,6,2020,5,15,6,3,4,6,0,1,1,0,0,0,0,0,787560,5322,5816264,815,13,22950849,52,42083762
138719,11,12,2020,5,12,4,3,5,7,0,0,0,0,1,0,1,0,792524,6063,5833026,886,13,31701743,52,56847468
138720,11,2,2020,5,12,6,3,0,7,0,0,1,0,1,0,0,1,802471,456,5827177,988,13,45800515,52,51061651
138721,11,5,2020,5,13,1,3,0,5,0,0,1,0,1,0,0,0,787228,7037,5830343,475,13,23677379,52,54723688
138722,11,1,2020,5,14,6,3,6,4,0,0,1,1,0,0,0,0,795040,151,5829937,148,13,35127742,52,53942028
138723,11,10,2020,5,14,2,3,6,4,0,0,1,1,0,0,0,0,812305,107,5830610,82,13,6056683,52,5358379
138724,11,12,2020,5,13,6,3,5,2,0,1,1,0,0,0,0,0,793249,8187,5833866,977,13,32842968,52,57561542
138725,11,4,2020,5,12,6,3,5,2,0,1,1,0,0,0,0,0,786955,6004,5825630,172,13,22868971,52,50512307
138726,11,12,2020,5,14,6,3,0,1,0,0,0,0,1,0,0,0,792881,557,5835208,466,13,32419636,52,58783946
138727,11,7,2020,5,4,6,2,9,1,2,0,1,0,0,0,0,0,796403,9584,5819731,942,13,36225052,52,44719982
138728,11,9,2020,5,11,6,2,0,1,0,1,0,0,0,0,0,0,814206,7404,5821708,84,13,62521681,52,45496898
138729,11,8,2020,5,12,5,3,2,6,0,0,1,0,0,0,1,0,801392,5972,5820254,867,13,43590441,52,4491599
138730,11,1,2020,5,17,6,2,0,1,0,0,0,0,1,0,0,0,795370,4278,5831533,334,13,35755462,52,55354969
138731,11,2,2020,5,19,3,3,5,2,0,1,1,0,0,0,0,0,800576,7008,5827015,5,13,43002891,52,51020273
138732,11,3,2020,4,9,5,3,6,7,0,0,1,1,0,0,0,1,800157,9494,5837983,432,13,43379735,52,60874587
138733,11,1,2020,5,14,5,3,2,6,0,0,0,0,0,0,1,0,797210,1523,5831915,66,13,38495196,52,55597599
138734,11,5,2020,4,14,5,3,2,6,0,0,1,0,0,0,0,1,786012,2781,5830447,292,13,21897328,52,5488077
138735,11,3,2020,5,10,4,3,5,3,0,0,1,0,0,0,0,0,802931,4403,5828619,448,13,46608079,52,52328063
138736,11,12,2020,5,11,6,3,5,3,0,1,1,0,0,0,0,0,790134,793,5833685,988,13,28242275,52,57566291
138737,11,4,2020,5,2,7,3,1,5,2,1,1,0,0,0,0,0,791705,3512,5827377,742,13,30000328,52,51827105
138738,11,4,2020,4,14,5,3,5,2,0,1,1,0,0,0,0,1,791958,17,5825248,17,13,3018485,52,49904463
138739,11,3,2020,5,21,1,3,5,3,2,0,1,0,0,0,1,0,797897,4585,5834639,842,13,39750636,52,580019
138740,11,5,2020,5,11,2,2,7,7,0,0,1,0,0,0,0,1,784499,9145,5831406,646,13,19755179,52,55820124
138741,11,10,2020,4,15,5,2,5,3,0,1,1,0,0,0,0,0,809399,7513,5825604,444,13,5583155,52,49262943
138742,11,4,2020,5,14,6,2,5,2,0,1,1,0,0,0,0,0,791925,3599,5826232,701,13,30223199,52,50788825
138743,11,11,2020,5,17,2,2,6,4,0,0,0,1,0,0,1,1,805781,8682,5833582,842,13,51253241,52,56617287
138744,11,4,2020,4,15,5,3,2,6,0,0,1,0,1,0,0,1,793976,6675,5824693,999,13,33101118,52,49299306
138745,11,1,2020,4,15,5,3,5,3,0,1,1,0,0,0,0,1,796350,3082,5829441,538,13,37009881,52,53426667
138746,11,7,2020,5,10,5,3,6,7,0,0,0,1,0,1,0,0,795202,8786,5825583,619,13,34980831,52,50030609
138747,11,12,2020,5,17,2,3,5,2,0,1,0,0,0,0,1,0,793152,56,5832636,139,13,32590323,52,56463431
138748,11,4,2020,4,15,5,3,5,3,0,1,1,0,0,0,0,1,792849,72,5825770,312,13,31539651,52,50324802
138749,11,1,2020,5,19,3,3,2,2,0,0,1,0,0,0,0,0,794489,1166,5830676,523,13,34383358,52,54634625
138750,11,5,2020,5,11,6,2,0,6,0,0,1,0,1,0,0,0,783420,5519,5829187,98,13,17977924,52,53887116
138751,11,1,2020,5,12,7,3,2,6,0,0,1,0,0,0,1,0,796565,4855,5830500,828,13,37420731,52,54364502
138752,11,7,2020,4,15,5,2,5,2,0,0,1,0,0,0,0,1,798708,726,5816017,768,13,39274485,52,41265223
138753,11,12,2020,4,14,5,3,2,2,0,0,1,0,0,0,0,1,793385,363,5833154,983,13,32978942,52,56915994
138754,11,8,2020,5,15,3,3,3,6,0,0,1,1,0,1,0,0,802343,2312,5822093,207,13,45151477,52,46511228
138755,11,8,2020,5,16,5,3,6,4,0,0,1,1,0,0,0,0,800740,367,5822813,521,13,42864121,52,4724533
138756,11,5,2020,5,20,3,3,6,4,1,0,1,1,0,0,0,0,787039,1406,5830361,151,13,23400122,52,54749527
138757,11,6,2020,5,10,4,2,5,3,0,1,1,0,0,0,0,0,794502,879,5817197,113,13,3321258,52,42550352
138758,11,8,2020,5,12,2,3,5,3,0,0,1,0,0,0,0,1,801315,423,5819540,193,13,43412771,52,44279657
138759,11,7,2020,5,16,4,3,0,1,0,1,0,0,0,0,0,0,797619,8312,5815536,105,13,37635441,52,40892766
138760,11,9,2020,5,16,4,3,5,3,0,0,0,0,1,0,0,0,804141,7307,5822927,7,13,47866782,52,47159355
138761,11,7,2020,5,18,7,2,0,7,0,1,0,0,0,0,0,0,799727,905,5813527,556,13,40545648,52,38977355
138762,11,8,2020,5,15,3,3,1,7,0,0,1,1,0,0,0,0,800999,1591,5822173,141,13,43186202,52,46657083
138763,11,5,2020,5,13,7,2,3,6,0,0,1,0,0,0,0,0,785718,7323,5828022,272,13,21257067,52,52721948
138764,11,4,2020,5,19,3,2,5,2,0,1,1,0,0,0,0,0,791472,4995,5828291,553,13,29738217,52,52658775
138765,11,8,2020,5,15,3,3,2,6,0,1,1,0,0,0,0,0,800267,8612,5819688,306,13,41889486,52,4447004
138766,11,10,2020,5,16,6,2,6,4,0,0,1,1,0,0,0,0,812264,9529,5830690,593,13,60515317,52,53657577
138767,11,6,2020,5,18,5,3,3,6,0,1,1,0,0,0,0,0,795691,1243,5818965,79,13,35111445,52,44071776
138768,11,2,2020,5,14,3,3,2,2,0,0,1,0,1,0,0,0,801478,1725,5827277,883,13,44350996,52,5120615
138769,11,4,2020,5,16,2,3,0,4,0,1,0,1,0,0,0,0,792959,4603,5825627,993,13,31689296,52,50191292
138770,11,12,2020,5,13,5,3,5,3,0,1,1,0,0,0,0,0,794893,7717,5833871,422,13,35262281,52,57476696
138771,11,4,2020,5,16,4,3,5,2,0,1,1,0,0,0,0,0,792927,5561,5825024,955,13,31589388,52,49652401
138772,11,5,2020,5,22,1,3,5,3,2,0,1,0,0,0,0,1,784589,946,5831095,726,13,19860966,52,55536651
138773,11,7,2020,5,7,4,3,0,7,0,0,1,0,0,0,1,0,797018,1189,5823301,9,13,37443695,52,47886056
138774,11,9,2020,5,12,7,3,2,6,0,0,1,0,0,0,0,0,811362,5613,5820103,259,13,58199995,52,44221483
138775,11,3,2020,5,0,6,3,0,1,2,1,0,0,0,0,0,0,800563,324,5832871,69,13,43512443,52,56269948
138776,11,9,2020,5,15,3,3,8,7,0,1,1,0,0,0,0,0,805861,29,5823703,45,13,50461559,52,47758248
138777,11,11,2020,5,10,2,3,0,6,0,1,1,0,0,0,0,0,807251,8062,5824281,809,13,52555868,52,481989
138778,11,5,2020,5,14,4,2,5,7,0,0,1,0,1,0,0,0,782131,2811,5830547,398,13,16197499,52,55172931
138779,11,10,2020,5,16,7,3,5,3,0,0,1,0,0,0,0,0,812722,7868,5824262,651,13,60584327,52,47871194
138780,11,8,2020,5,1,7,3,2,6,2,0,1,0,0,0,0,1,802487,8061,5820675,572,13,45235197,52,45232587
138781,11,11,2020,5,17,3,3,2,6,0,0,1,0,0,0,0,0,803880,9848,5827874,399,13,47935279,52,51607465
138782,11,12,2020,5,15,3,3,0,7,0,0,0,0,1,0,1,1,793418,1129,5833369,845,13,33046614,52,57106823
138783,11,6,2020,5,14,6,3,5,2,0,1,1,0,0,0,0,0,793257,325,5819088,495,13,31551937,52,44312836
138784,11,5,2020,5,14,5,3,5,2,0,0,1,0,0,0,0,0,783760,5,5826933,541,13,1828473,52,51848079
138785,11,7,2020,5,12,7,3,0,6,0,1,0,0,0,0,0,0,795531,2766,5824330,765,13,35352066,52,48889747
138786,11,4,2020,5,14,3,3,5,3,0,0,1,0,0,0,0,0,791291,296,5830682,874,13,29681105,52,54812259
138787,11,1,2020,5,17,2,3,6,4,0,1,0,1,0,0,0,0,796350,5204,5828583,487,13,36933703,52,52657499
138788,11,1,2020,5,12,5,3,2,3,0,0,1,0,1,0,0,0,794139,3072,5831098,892,13,33906394,52,55032148
138789,11,5,2020,5,16,4,3,2,6,0,0,1,0,0,0,0,0,783417,3252,5828616,367,13,17924427,52,53374764
138790,11,7,2020,5,13,1,3,4,1,0,0,1,0,0,0,0,1,798689,7468,5814477,235,13,39109262,52,39885338
138791,11,9,2020,5,16,4,2,0,7,0,0,1,0,0,1,0,0,816594,995,5812976,76,13,65198891,52,37535291
138792,11,6,2020,5,8,6,2,2,6,0,1,0,0,0,0,0,0,794282,8842,5819446,938,13,33088028,52,44579069
138793,11,4,2020,5,18,6,3,5,2,0,0,1,0,0,0,0,0,793341,186,5829717,405,13,32610678,52,53836756
138794,11,4,2020,5,14,3,3,5,3,0,1,1,0,0,0,0,0,793363,27,5824936,995,13,32221232,52,4955016
138795,11,8,2020,5,14,3,3,0,2,0,1,1,0,0,0,0,0,802822,5338,5820820,178,13,4573938,52,45343666
138796,11,8,2020,5,10,5,3,5,7,0,0,1,0,0,0,0,0,803315,8668,5821649,898,13,46538524,52,46059988
138797,11,1,2020,5,20,3,3,2,2,0,0,1,0,0,0,0,0,799981,4814,5826928,971,13,42120718,52,50975922
138798,11,9,2020,5,10,4,2,5,3,0,1,1,0,0,0,0,0,810363,6782,5822669,175,13,56973588,52,46577753
138799,11,12,2020,5,14,3,3,0,7,0,0,0,0,1,0,1,1,793398,8725,5833244,342,13,33007203,52,56995354
138800,11,10,2020,5,15,2,3,2,6,0,0,1,0,0,0,0,1,807841,8946,5830175,553,13,53967083,52,53447632
138801,11,4,2020,5,20,4,3,5,3,1,0,1,0,1,0,0,0,794310,3148,5823912,288,13,33522097,52,48580566
138802,11,1,2020,5,12,3,3,2,6,0,0,1,0,0,0,1,0,794989,9031,5830283,871,13,35084854,52,54255551
138803,11,4,2020,5,12,5,2,1,5,0,1,1,0,0,0,0,0,792020,734,5826460,964,13,30383351,52,50988354
138804,11,1,2020,5,10,5,3,0,1,0,0,0,0,1,0,0,0,796996,1602,5829382,875,13,37954017,52,53338927
138805,11,2,2020,5,18,7,3,5,7,0,0,1,0,1,0,0,0,802516,7914,5827262,138,13,45875365,52,51134537
138806,11,3,2020,5,11,3,3,6,7,0,0,1,1,0,0,0,0,796620,3935,5834176,11,13,37829962,52,57655985
138807,11,4,2020,5,8,2,3,6,2,0,0,1,1,0,0,0,0,791587,585,5825066,994,13,29624845,52,49761845
138808,11,4,2020,5,8,5,3,5,2,0,0,1,0,0,0,1,0,793353,276,5829678,31,13,32625002,52,53801059
138809,11,3,2020,5,16,4,2,6,4,0,0,1,1,0,0,0,0,795870,757,5836440,513,13,36929157,52,59726585
138810,11,7,2020,5,0,7,2,6,4,2,0,1,1,0,0,0,1,795966,4395,5824532,73,13,36008976,52,49046629
138811,11,9,2020,5,14,4,3,5,3,0,0,1,0,0,1,0,0,811002,2454,5820318,803,13,57691654,52,44435147
138812,11,12,2020,5,11,6,3,2,6,0,0,1,0,0,0,0,0,788048,3526,5831012,142,13,24940802,52,55279895
138813,11,1,2020,5,21,6,3,2,6,1,0,1,0,0,0,0,1,795554,6351,5830733,127,13,35955141,52,54627665
138814,11,12,2020,5,10,3,3,0,3,0,0,1,0,1,0,0,0,794184,6192,5836203,314,13,34425875,52,59605435
138815,11,5,2020,5,9,3,3,1,6,0,1,1,0,0,0,1,0,784001,324,5823226,891,13,18322785,52,48512078
138816,11,7,2020,5,5,5,2,0,6,0,0,1,0,1,0,0,0,796994,144,5820360,515,13,37146791,52,45251414
138817,11,10,2020,5,20,3,3,5,3,0,1,1,0,0,0,0,0,811702,5103,5829892,66,13,59613931,52,52974728
138818,11,8,2020,5,17,4,3,5,3,0,1,1,0,0,0,0,0,799853,1733,5823654,169,13,41637462,52,48047619
138819,11,1,2020,5,13,2,3,2,6,0,0,1,0,0,0,1,1,800126,3571,5827357,968,13,42372234,52,51352479
138820,11,11,2020,5,17,4,3,2,6,0,0,1,0,1,0,0,0,804620,946,5827640,954,13,49001012,52,51356961
138821,11,3,2020,5,14,4,3,5,3,0,1,1,0,0,0,0,0,800337,6581,5833771,74,13,43262504,52,57089672
138822,11,4,2020,5,9,3,3,5,2,0,0,1,0,0,0,0,0,793341,3024,5829716,812,13,32610797,52,53836219
138823,11,10,2020,5,13,7,3,2,6,0,0,1,0,0,0,0,0,813185,3622,5828868,16,13,61696263,52,51971695
138824,11,2,2020,5,20,3,3,5,3,0,0,1,0,0,0,0,0,798424,9884,5824768,379,13,39640466,52,49124602
138825,11,6,2020,5,15,4,3,5,2,0,1,1,0,0,0,0,0,788378,6283,5819139,419,13,24398501,52,44617976
138826,11,1,2020,5,19,7,3,3,6,0,1,1,0,0,0,0,0,799844,75,5826537,582,13,41883605,52,50632657
138827,11,7,2020,5,11,4,3,5,7,0,0,1,0,0,0,0,0,795445,76,5825670,97,13,35345267,52,50094986
138828,11,6,2020,5,7,6,2,5,2,0,1,1,0,0,0,0,0,787769,744,5821679,917,13,23723089,52,46927821
138829,11,10,2020,5,16,6,3,5,2,0,1,0,0,0,0,1,0,809674,446,5833230,17,13,56945007,52,56081233
138830,11,10,2020,5,13,3,3,5,3,0,1,1,0,0,0,0,0,808968,219,5831698,923,13,55764008,52,547491
138831,11,4,2020,5,8,3,3,5,2,0,1,0,0,0,0,0,0,793193,7661,5827783,51,13,32223345,52,5211063
138832,11,10,2020,5,16,5,3,5,2,0,1,1,0,0,0,0,0,807934,6072,5829198,169,13,54012811,52,52566473
138833,11,3,2020,5,19,3,3,5,3,0,1,1,0,0,0,0,0,797429,74,5835037,436,13,39097105,52,58383911
138834,11,12,2020,5,10,4,3,5,3,0,1,1,0,0,0,0,0,794741,7021,5838685,52,13,35466973,52,61799917
138835,11,10,2020,5,11,2,3,2,6,0,0,1,0,0,0,0,0,809975,5512,5832063,413,13,57278825,52,55018518