OBJECTID,LAND,BEZ,UJAHR,UMONAT,USTUNDE,UWOCHENTAG,UKATEGORIE,UART,UTYP1,ULICHTVERH,IstRad,IstPKW,IstFuss,IstKrad,IstGkfz,IstSonstige,USTRZUSTAND,LINREFX,LINREFY,XGCSWGS84,YGCSWGS84,,,,
138836,11,9,2020,5,16,4,3,5,3,0,1,0,0,0,0,1,0,810368,5336,5820336,127,13,56763871,52,44486677
138837,11,11,2020,5,17,7,3,5,2,0,1,1,0,0,0,0,0,803785,3743,5827703,101,13,47779174,52,51459262
138838,11,2,2020,5,8,3,3,5,7,0,0,1,0,1,0,0,0,797235,8628,5824001,387,13,37825804,52,48501953
138839,11,3,2020,5,11,7,3,5,3,0,0,1,0,1,0,0,0,799900,1656,5835627,76,13,4278683,52,58777386
138840,11,11,2020,5,18,3,3,9,1,0,0,1,0,1,0,0,0,803680,2171,5827465,166,13,47602973,52,51251863
138841,11,8,2020,5,7,3,3,5,3,0,1,1,0,0,0,0,0,804610,7044,5816576,172,13,47976102,52,41440507
138842,11,2,2020,5,15,6,3,5,3,0,1,1,0,0,0,0,0,797556,7671,5825153,32,13,38399852,52,49517054
138843,11,6,2020,5,17,5,2,0,1,0,0,0,0,1,0,0,0,787066,7807,5818444,86,13,22413931,52,44064284
138844,11,1,2020,5,23,7,3,5,3,2,0,1,0,0,0,0,0,799902,6124,5826514,19,13,4196747,52,50608319
138845,11,12,2020,5,6,3,3,1,5,0,1,1,0,0,0,0,0,791253,2093,5834364,555,13,299487,52,58114831
138846,11,4,2020,5,20,2,3,1,5,1,1,1,0,0,0,0,0,792476,307,5825406,25,13,30959656,52,50018439
138847,11,5,2020,5,12,5,3,2,6,0,0,1,0,0,0,0,0,781810,3355,5819930,985,13,14826759,52,45670275
138848,11,8,2020,5,6,3,2,3,5,0,0,1,0,1,0,0,0,802073,286,5817670,99,13,44355432,52,42561636
138849,11,9,2020,5,20,6,3,5,3,0,0,1,0,0,0,0,0,806121,4474,5820098,667,13,5051288,52,44513275
138850,11,9,2020,5,22,5,3,0,1,2,1,0,0,0,0,0,0,818151,195,5820737,249,13,68214394,52,44398879
138851,11,10,2020,5,6,3,3,0,3,1,0,1,0,1,0,0,0,811312,9345,5831177,197,13,59161814,52,54148096
138852,11,6,2020,5,7,3,3,5,3,0,1,1,0,0,0,0,0,793882,1996,5821381,989,13,32670481,52,46335321
138853,11,6,2020,5,14,5,2,3,6,0,1,0,0,0,0,0,0,791430,22,5819078,643,13,2887023,52,444017
138854,11,8,2020,5,8,4,3,2,6,0,0,1,0,0,0,0,0,800419,3678,5820549,394,13,42189169,52,45233554
138855,11,1,2020,5,9,2,3,2,6,0,1,0,0,0,0,0,0,797233,8781,5831913,917,13,38529933,52,55594743
138856,11,2,2020,5,8,4,3,5,2,0,1,1,0,0,0,0,0,800787,5296,5825815,253,13,43204223,52,49933283
138857,11,1,2020,5,14,7,3,1,5,0,1,1,0,0,0,0,0,798622,8088,5829352,458,13,40342282,52,53222787
138858,11,6,2020,5,11,6,3,0,4,0,1,0,1,0,0,0,0,793351,9964,5816256,819,13,31442412,52,41769222
138859,11,4,2020,5,15,3,3,5,2,0,1,1,0,0,0,0,0,792030,4163,5824085,771,13,30189307,52,48858516
138860,11,7,2020,5,5,3,3,5,3,0,0,1,0,0,0,1,0,796161,5242,5815922,829,13,35532024,52,41318519
138861,11,11,2020,5,13,6,3,5,3,0,1,1,0,0,0,0,0,807663,522,5833599,355,13,54022147,52,5652608
138862,11,6,2020,5,13,5,3,0,4,0,1,0,1,0,0,0,0,782029,2903,5815164,879,13,14746033,52,41385355
138863,11,6,2020,5,0,7,3,2,6,2,0,1,0,0,0,0,0,792264,8922,5817835,17,13,29986362,52,43242234
138864,11,8,2020,5,4,3,3,0,7,1,1,0,0,0,0,0,0,799427,2611,5823776,297,13,41023147,52,4818046
138865,11,4,2020,5,17,2,3,5,2,0,1,1,0,0,0,0,1,791403,446,5827477,565,13,29564807,52,51932758
138866,11,7,2020,5,10,5,3,5,3,0,0,1,0,0,0,0,0,797033,9307,5823574,726,13,37491286,52,48130484
138867,11,6,2020,5,15,4,3,1,5,0,0,1,0,0,0,0,0,793935,9152,5821028,23,13,32718149,52,46015115
138868,11,1,2020,5,19,1,3,0,1,1,0,0,0,1,0,0,1,798800,3865,5829708,392,13,4063529,52,53532098
138869,11,11,2020,5,13,4,3,0,2,0,1,0,0,0,1,0,0,805468,564,5824454,119,13,4995317,52,48453405
138870,11,9,2020,5,12,6,3,6,4,0,0,1,1,0,0,0,0,804898,89,5822518,968,13,48939504,52,46750861
138871,11,3,2020,5,19,4,3,5,3,0,1,1,0,0,0,0,0,803373,1492,5833510,493,13,47703837,52,566872
138872,11,9,2020,5,16,1,3,2,6,0,0,1,0,0,0,0,1,811306,7788,5822450,94,13,58337018,52,46328533
138873,11,9,2020,5,6,4,3,1,5,0,1,1,0,0,0,0,0,804789,3234,5821614,491,13,48697292,52,45946277
138874,11,1,2020,5,9,7,3,5,3,0,0,1,0,0,0,0,0,798033,59,5826582,141,13,39227148,52,50771833
138875,11,12,2020,5,12,6,3,5,2,0,0,1,0,1,0,0,0,792313,8301,5833748,998,13,31455294,52,57506134
138876,11,9,2020,5,15,3,3,1,1,0,0,1,0,0,0,0,0,804556,615,5821707,621,13,48364345,52,4604272
138877,11,1,2020,5,9,3,3,0,1,0,1,0,0,0,0,0,0,798604,3714,5829316,603,13,40311961,52,53191657
138878,11,3,2020,5,8,5,3,0,1,0,1,0,0,0,0,0,0,799228,155,5829413,773,13,41237557,52,53244548
138879,11,4,2020,5,9,5,3,1,5,0,0,1,0,0,0,0,0,789994,2884,5827349,612,13,27483265,52,51893147
138880,11,1,2020,5,20,7,3,5,2,0,1,1,0,0,0,0,0,798858,9224,5828961,742,13,40654206,52,52859626
138881,11,7,2020,5,14,3,3,0,1,0,0,0,0,1,0,0,0,799082,4005,5820863,741,13,40255755,52,45588638
138882,11,1,2020,5,6,2,3,5,3,0,0,1,0,0,0,1,1,797403,3877,5830013,675,13,38609059,52,53882158
138883,11,3,2020,5,10,4,3,5,2,0,1,1,0,0,0,0,0,800293,1085,5831595,723,13,43000056,52,55141721
138884,11,9,2020,5,16,4,3,2,6,0,0,1,0,0,0,0,0,804856,9516,5822453,885,13,48873188,52,46694825
138885,11,4,2020,5,20,7,2,5,7,1,1,1,0,0,0,0,0,794168,2856,5825307,15,13,33436689,52,49838641
138886,11,1,2020,5,12,4,3,5,3,0,0,1,0,0,0,0,0,796806,947,5831270,429,13,37844524,52,55041214
138887,11,10,2020,5,11,6,3,5,3,0,1,1,0,0,0,0,0,809061,554,5828645,354,13,55617293,52,52007293
138888,11,9,2020,5,15,6,3,5,2,0,1,1,0,0,0,0,0,809334,7806,5818491,173,13,55077014,52,42891823
138889,11,1,2020,5,13,3,3,3,6,0,0,1,0,1,0,0,0,795648,4435,5830876,479,13,36105838,52,54751077
138890,11,10,2020,5,13,2,1,5,2,0,1,0,0,0,1,0,0,806301,626,5830198,209,13,51704636,52,53554744
138891,11,9,2020,5,17,5,3,0,6,0,1,0,0,0,0,0,0,807929,6868,5816500,828,13,52833779,52,41187295
138892,11,7,2020,5,18,3,3,5,7,0,0,1,0,0,0,0,0,798266,47,5817111,593,13,38723674,52,42269838
138893,11,6,2020,5,11,4,3,3,6,0,1,0,0,0,1,0,0,790609,114,5817905,736,13,27563878,52,43393852
138894,11,2,2020,5,18,6,3,1,5,0,1,1,0,0,0,0,0,803127,9371,5826595,113,13,46712413,52,50502768
138895,11,3,2020,5,14,3,3,5,2,0,1,1,0,0,0,0,0,803316,8133,5831996,402,13,47482593,52,55333311
138896,11,4,2020,5,17,2,3,0,7,0,1,0,0,0,0,1,0,793898,6307,5826990,373,13,33189201,52,51362092
138897,11,8,2020,5,8,5,3,5,3,0,1,1,0,0,0,0,0,801098,5278,5823793,47,13,43478301,52,48103958
138898,11,8,2020,5,18,3,3,3,6,0,1,1,0,0,0,1,0,801932,875,5823540,962,13,44679148,52,47831608
138899,11,2,2020,5,20,4,3,5,3,1,1,1,0,0,0,0,0,800141,5634,5827349,357,13,42393798,52,51343924
138900,11,10,2020,5,15,2,3,5,2,0,0,1,0,0,0,0,0,808560,8685,5832400,325,13,55230357,52,55400764
138901,11,8,2020,5,18,4,3,2,6,0,0,1,0,0,0,0,0,802359,581,5823236,224,13,45278292,52,47534848
138902,11,12,2020,5,14,4,3,6,4,0,0,1,1,0,0,0,0,793033,7733,5832675,605,13,32419805,52,56505178
138903,11,5,2020,5,14,7,3,2,6,0,0,1,0,0,0,1,0,782487,5969,5827002,58,13,16420248,52,51975581
138904,11,9,2020,5,11,4,3,5,2,0,1,1,0,0,0,0,0,813761,912,5821738,85,13,61872083,52,45550019
138905,11,7,2020,5,10,4,3,3,6,0,1,0,0,0,0,1,0,798031,3336,5822213,859,13,38834051,52,4685628
138906,11,3,2020,5,0,6,3,0,1,2,1,0,0,0,0,0,0,799094,616,5831809,407,13,41256155,52,55399227
138907,11,11,2020,5,15,6,3,2,7,0,1,1,0,0,0,0,0,805151,1947,5829103,204,13,49914099,52,52637856
138908,11,8,2020,5,19,2,2,6,4,0,0,1,1,0,0,0,0,801073,1753,5821989,664,13,43278275,52,46488549
138909,11,11,2020,5,15,5,3,5,3,0,1,0,0,0,0,0,0,803974,8989,5827046,413,13,47997628,52,50860134
138910,11,1,2020,5,17,3,3,2,6,0,0,1,0,0,0,0,0,797195,7331,5832004,805,13,38481971,52,55678294
138911,11,1,2020,5,9,4,3,5,2,0,0,1,0,0,0,1,0,795571,1431,5830493,538,13,35958094,52,54412
138912,11,5,2020,5,10,2,3,5,2,0,0,1,0,0,0,0,1,783688,1192,5830164,945,13,18454816,52,54749154
138913,11,9,2020,5,15,4,2,6,4,0,0,1,1,0,0,0,0,808418,573,5820877,47,13,53953897,52,45081783
138914,11,6,2020,5,13,4,3,2,6,0,1,0,0,0,0,0,0,786207,9962,5816044,218,13,20948479,52,41956881
138915,11,5,2020,5,16,7,3,0,3,0,0,1,0,0,0,1,0,784764,9833,5826957,234,13,19763796,52,51816938
138916,11,7,2020,5,13,2,3,5,2,0,1,1,0,0,0,0,1,795794,9751,5824116,163,13,35720258,52,48683092
138917,11,12,2020,5,17,4,3,0,6,0,0,1,1,0,0,0,0,794398,9391,5836270,76,13,34747309,52,59653684
138918,11,7,2020,5,13,4,3,6,2,0,0,1,1,0,0,0,0,793978,3799,5821552,324,13,32826649,52,46482846
138919,11,3,2020,5,14,4,3,6,4,0,0,1,1,0,0,0,0,799118,9255,5830551,181,13,4117939,52,54270057
138920,11,7,2020,5,18,7,3,0,5,0,0,1,0,0,0,1,0,798833,9842,5816074,306,13,39463146,52,41309067
138921,11,5,2020,5,19,2,3,2,2,0,1,1,0,0,0,0,0,784847,5859,5829237,623,13,20080583,52,53857217
138922,11,12,2020,5,13,7,3,5,2,0,0,1,0,0,0,0,0,793946,2063,5835296,111,13,33994399,52,58805088
138923,11,1,2020,5,20,3,2,1,5,1,1,0,0,0,0,1,0,799195,8247,5828673,849,13,41123449,52,52583093
138924,11,4,2020,5,19,2,3,2,7,0,0,1,0,1,0,0,0,791521,6141,5825096,252,13,29530501,52,49791599
138925,11,4,2020,5,17,6,3,5,2,0,0,1,0,0,0,0,0,791665,3577,5830679,34,13,30231272,52,54789063
138926,11,3,2020,5,21,5,3,0,1,0,1,0,0,0,0,0,0,801679,3735,5831381,597,13,45018966,52,54873201
138927,11,12,2020,5,15,2,3,1,5,0,0,1,0,0,0,0,0,791399,1451,5834431,57,13,30169363,52,58167095
138928,11,9,2020,5,7,3,2,5,3,0,1,1,0,0,0,0,0,815171,4853,5820959,84,13,63866165,52,44770875
138929,11,8,2020,5,13,5,3,5,3,0,1,1,0,0,0,0,0,800819,8511,5825028,788,13,43180674,52,4922657
138930,11,1,2020,5,7,4,3,0,1,0,0,0,0,1,0,0,0,794471,212,5829900,545,13,34287963,52,53939994
138931,11,4,2020,5,16,1,3,0,1,0,1,0,0,0,0,0,0,793387,6547,5829890,109,13,32694246,52,53989075
138932,11,12,2020,5,8,4,2,5,3,0,1,1,0,0,0,0,0,792230,18,5833717,3,13,31329124,52,57481954
138933,11,6,2020,5,13,4,3,3,7,0,1,0,0,0,0,0,0,786173,3571,5816025,287,13,20896063,52,41941719
138934,11,12,2020,5,14,7,3,6,4,0,1,0,1,0,0,0,0,790350,5464,5839376,889,13,29059937,52,62656553
138935,11,1,2020,5,3,6,2,6,4,2,0,0,1,0,0,1,0,794827,8339,5831009,583,13,34910984,52,54914867
138936,11,9,2020,5,13,3,3,5,3,0,1,1,0,0,0,0,0,809675,3091,5820507,316,13,5576304,52,44679396
138937,11,12,2020,5,18,2,3,2,6,0,0,1,0,0,0,0,0,787933,9306,5836257,777,13,25228092,52,59988832
138938,11,5,2020,5,14,5,2,5,2,0,0,1,0,1,1,0,0,781673,892,5831214,378,13,1558011,52,5579469
138939,11,9,2020,5,12,5,2,7,7,0,1,0,0,0,0,0,0,814748,515,5818533,687,13,63017425,52,42621185
138940,11,3,2020,5,1,7,2,8,1,2,0,0,0,0,0,1,0,802719,8343,5832383,469,13,46640079,52,55713442
138941,11,2,2020,5,2,7,3,0,1,2,1,0,0,0,0,0,1,798734,1806,5824694,611,13,40087896,52,49041567
138942,11,11,2020,5,13,3,3,5,2,0,1,1,0,0,0,0,0,803089,2327,5829538,17,13,46923684,52,53142727
138943,11,2,2020,5,9,2,3,2,6,0,0,1,0,0,0,0,0,801320,2967,5826461,798,13,44045189,52,50483403
138944,11,5,2020,5,14,6,3,0,3,0,1,1,0,0,0,0,0,785179,6799,5828322,25,13,20490361,52,53019132
138945,11,6,2020,5,15,5,2,0,7,0,1,1,0,0,0,0,0,787918,8695,5818902,875,13,23703513,52,4443013
138946,11,3,2020,5,14,7,3,0,4,0,0,0,1,0,1,0,0,796179,736,5836506,476,13,37388924,52,5976893
138947,11,12,2020,5,8,2,3,5,2,0,0,1,0,0,0,0,0,794437,927,5833821,64,13,3458709,52,57456235
138948,11,4,2020,5,17,2,3,5,5,0,1,1,0,0,0,0,1,790821,2794,5826159,838,13,28594657,52,50782473
138949,11,4,2020,5,12,5,3,5,3,0,0,1,0,0,0,0,0,791709,8042,5823762,226,13,29690139,52,48585601
138950,11,10,2020,5,18,4,3,5,2,0,0,1,0,0,0,0,0,812515,75,5831044,436,13,60916165,52,53960321
138951,11,1,2020,5,14,1,3,2,2,0,0,1,0,1,0,0,1,797159,5702,5827691,56,13,38043033,52,51813497
138952,11,7,2020,5,15,4,1,6,4,0,0,0,1,0,1,0,0,798357,7917,5820519,188,13,39161737,52,45319389
138953,11,8,2020,5,13,4,3,2,6,0,0,1,0,0,0,0,0,802935,5619,5817449,144,13,45599688,52,42315922
138954,11,2,2020,5,7,6,3,5,2,0,1,1,0,0,0,0,0,800316,8826,5827622,637,13,42676036,52,51579224
138955,11,12,2020,5,9,6,3,5,2,0,0,1,0,0,0,0,0,791915,9347,5834713,275,13,30954727,52,58391931
138956,11,4,2020,5,15,3,3,5,7,0,0,1,0,1,0,0,0,793918,6302,5825635,274,13,33098939,52,50146238
138957,11,4,2020,5,7,2,3,6,4,0,0,0,1,1,0,0,0,792617,4284,5827627,636,13,31362661,52,52002264
138958,11,10,2020,5,10,5,3,5,2,0,0,1,0,0,0,0,0,812011,7481,5830583,152,13,60133123,52,53575798
138959,11,7,2020,5,17,3,3,5,2,0,1,1,0,0,0,0,0,795817,1658,5816031,462,13,35036801,52,41434522
138960,11,6,2020,5,0,5,3,9,1,2,0,1,0,0,0,0,0,793474,59,5817735,588,13,31751115,52,43088362
138961,11,3,2020,5,17,2,3,0,3,0,1,1,0,0,0,0,0,798800,798,5831030,888,13,40754837,52,54717498
138962,11,1,2020,5,15,2,2,5,7,0,0,1,0,1,0,0,1,793854,5448,5828167,172,13,33228375,52,52419404
138963,11,12,2020,5,21,4,2,0,1,2,1,0,0,0,0,0,0,791302,2376,5834166,19,13,30003406,52,57934225
138964,11,3,2020,5,16,4,3,0,1,0,0,0,0,1,0,0,0,795871,7322,5836441,679,13,36930697,52,59727578
138965,11,12,2020,5,18,7,3,1,5,0,0,1,0,0,0,0,0,791327,5324,5836493,671,13,30245328,52,60019543
138966,11,6,2020,5,12,4,3,5,3,0,1,1,0,0,0,0,0,794709,9168,5819457,11,13,33715415,52,44565098
138967,11,10,2020,5,17,2,3,9,1,0,0,0,0,1,0,0,0,809418,4316,5831418,227,13,56399687,52,54472002
138968,11,9,2020,5,8,2,3,5,2,0,0,1,0,1,0,0,1,806368,5428,5822234,347,13,51071237,52,46413518
138969,11,3,2020,5,8,5,3,5,2,0,1,1,0,0,0,0,0,802333,8637,5829225,851,13,45785113,52,52904745
138970,11,1,2020,5,17,4,3,5,3,0,1,1,0,0,0,0,0,798645,804,5828136,554,13,40266875,52,5213164
138971,11,2,2020,5,16,1,3,5,2,0,1,1,0,0,0,0,1,801211,238,5827469,75,13,43976148,52,51392265
138972,11,4,2020,5,14,4,2,5,2,0,1,1,0,0,0,0,0,792628,8502,5825459,274,13,311888,52,5005778
138973,11,11,2020,5,11,6,3,0,7,0,0,1,0,0,0,1,0,802895,765,5831170,792,13,46787157,52,54616805
138974,11,3,2020,5,21,6,3,0,1,2,0,0,0,1,0,0,0,802580,9348,5831570,55,13,46361731,52,54992557
138975,11,11,2020,5,10,3,3,5,3,0,1,1,0,0,0,0,0,805380,7058,5826729,609,13,50033515,52,50497692
138976,11,7,2020,5,20,2,3,2,6,1,0,1,0,1,0,0,0,797339,2342,5819381,854,13,37566013,52,44355378
138977,11,7,2020,5,7,5,3,2,6,0,0,1,0,0,0,0,0,796570,4416,5819906,358,13,36484783,52,44867303
138978,11,12,2020,5,17,3,3,5,3,0,0,0,0,1,1,0,0,791554,3274,5834393,837,13,30394424,52,58124955
138979,11,1,2020,5,20,4,2,0,1,0,0,0,0,1,0,0,0,795206,6546,5826830,949,13,35096982,52,51148544
138980,11,9,2020,5,13,2,3,8,1,0,0,0,0,1,0,0,1,809729,41,5820877,735,13,55876733,52,45008294
138981,11,9,2020,5,18,4,3,5,2,0,1,0,0,0,0,0,0,810763,2256,5821243,45,13,57427129,52,45277369
138982,11,5,2020,5,12,4,2,6,4,0,0,1,1,0,0,0,0,785568,6402,5826169,91,13,20877333,52,51068271
138983,11,3,2020,5,14,4,3,1,5,0,1,1,0,0,0,0,0,799746,4839,5829610,204,13,42017121,52,53392138
138984,11,5,2020,5,14,7,3,5,2,0,1,1,0,0,0,0,0,781215,8398,5830781,914,13,14870768,52,55430554
138985,11,5,2020,5,11,4,3,5,2,0,0,1,0,0,0,0,0,784758,352,5827277,902,13,19781502,52,52104795
138986,11,1,2020,5,8,4,3,0,6,0,1,0,0,0,1,0,0,796216,6527,5828476,351,13,3672741,52,52568737
138987,11,8,2020,5,20,6,3,1,5,0,1,1,0,0,0,0,0,800713,3444,5824367,12,13,42964567,52,48639364
138988,11,1,2020,5,12,6,3,5,2,0,1,0,0,0,1,0,0,797657,4353,5831889,663,13,39150667,52,55549869
138989,11,8,2020,5,9,6,3,2,2,0,0,1,0,1,1,0,0,800965,3595,5819499,172,13,42895598,52,44262166
138990,11,6,2020,5,17,6,3,2,5,0,1,1,0,0,0,1,0,784065,5609,5816132,867,13,17814088,52,42147996
138991,11,9,2020,5,13,3,2,5,3,0,0,1,0,1,0,0,0,807721,1025,5817907,72,13,52657385,52,42459335
138992,11,8,2020,5,17,2,3,1,5,0,1,1,0,0,0,0,0,801772,738,5821074,25,13,44222147,52,45629452
138993,11,10,2020,5,16,5,3,0,5,0,0,1,0,0,0,1,0,812617,4263,5828552,455,13,60832296,52,51721375
138994,11,8,2020,5,16,3,3,2,6,0,0,1,0,1,0,0,0,803499,4975,5818628,638,13,46533504,52,43341855
138995,11,2,2020,5,10,4,3,5,3,0,1,1,0,0,0,0,0,797973,2756,5825639,662,13,39055058,52,49930278
138996,11,3,2020,5,12,2,2,5,2,0,1,1,0,0,0,0,1,800128,5238,5838382,761,13,43372632,52,61234134
138997,11,1,2020,5,16,4,3,5,2,0,1,0,0,0,0,1,0,797763,3542,5829744,547,13,39114127,52,53621262
138998,11,8,2020,5,14,4,3,2,6,0,0,1,0,0,1,0,0,803167,6617,5822701,168,13,46416558,52,4701046
138999,11,12,2020,5,17,7,3,8,1,0,0,1,0,0,0,0,0,792388,5249,5832887,469,13,31489246,52,56729798
139000,11,2,2020,5,17,2,2,5,3,0,1,1,0,0,0,0,0,798213,1219,5826240,73,13,39461164,52,50455959
139001,11,1,2020,5,13,7,3,1,5,0,0,1,0,1,0,0,0,798639,971,5828463,637,13,40287673,52,52425143
139002,11,6,2020,5,19,3,3,5,3,0,0,1,0,0,0,0,0,789992,2345,5819203,25,13,26771606,52,44589857
139003,11,12,2020,5,16,2,3,6,7,0,1,0,1,0,0,0,0,789758,8988,5835082,739,13,27812299,52,58838468
139004,11,1,2020,5,15,6,2,5,2,0,0,1,0,0,0,0,0,794904,568,5830229,158,13,34954529,52,54211124
139005,11,3,2020,5,18,5,3,1,5,0,1,1,0,0,0,0,0,799075,2316,5830207,503,13,41084214,52,539644
139006,11,1,2020,5,15,2,3,2,6,0,0,0,0,1,0,1,0,800166,5717,5826860,411,13,42386443,52,50904288
139007,11,3,2020,5,16,2,3,4,6,0,1,0,0,0,0,1,0,798420,5211,5832406,451,13,40319346,52,55971336
139008,11,10,2020,5,13,5,3,5,2,0,0,1,0,1,0,0,0,807431,9637,5830569,392,13,53401058,52,53823726
139009,11,1,2020,5,19,4,3,6,4,0,0,1,1,0,0,0,0,796178,4834,5828479,902,13,36671629,52,52573993
139010,11,6,2020,5,0,1,3,0,1,2,1,0,0,0,0,0,0,796021,876,5817675,589,13,35481223,52,42897349
139011,11,10,2020,5,6,4,3,5,2,0,1,1,0,0,0,0,0,807934,6072,5829198,169,13,54012811,52,52566473
139012,11,7,2020,5,18,3,3,2,2,0,1,1,0,0,0,0,0,794998,7962,5825087,574,13,34637122,52,49596975
139013,11,6,2020,5,15,2,3,5,2,0,1,1,0,0,0,0,0,793122,8297,5817654,669,13,31228892,52,4303465
139014,11,6,2020,5,7,3,3,5,2,0,0,1,0,0,0,1,0,792087,2024,5818853,647,13,29814751,52,44164925
139015,11,11,2020,5,14,5,3,5,2,0,1,1,0,0,0,0,0,804753,4637,5827443,584,13,49177613,52,51172666
139016,11,3,2020,5,9,4,2,5,3,0,1,1,0,0,0,0,0,802178,82,5836471,394,13,46215852,52,59407468
139017,11,1,2020,5,8,2,3,0,2,0,0,1,0,0,0,1,1,796360,625,5826128,817,13,36729918,52,50456576
139018,11,1,2020,5,10,4,3,2,3,0,0,0,0,1,0,1,0,795562,6612,5831538,742,13,3603865,52,55349389
139019,11,2,2020,5,16,7,3,5,2,0,1,1,0,0,0,0,0,800755,4188,5826518,564,13,43220585,52,5056545
139020,11,5,2020,5,14,7,3,3,6,0,0,1,0,1,0,0,0,785160,9613,5829602,729,13,2057272,52,54168178
139021,11,2,2020,5,16,3,2,0,7,0,1,0,0,0,0,0,0,798113,5493,5825402,862,13,39239893,52,49710355
139022,11,2,2020,5,15,2,3,2,6,0,1,0,0,1,0,0,0,802082,435,5827156,891,13,45227722,52,51064275
139023,11,5,2020,5,14,6,2,5,3,0,1,1,0,0,0,0,0,787026,3012,5828365,376,13,23208835,52,52960874
139024,11,9,2020,5,14,5,3,0,3,0,1,0,0,0,0,1,0,813431,934,5821598,652,13,61373659,52,45443365
139025,11,3,2020,5,11,7,2,0,7,0,0,0,0,1,0,0,0,797801,2447,5834698,161,13,39614301,52,58059441
139026,11,7,2020,5,13,2,2,2,6,0,0,1,0,0,0,0,0,797703,8323,5819425,307,13,38104727,52,44374492
139027,11,7,2020,5,17,2,3,2,6,1,0,1,0,0,0,0,0,799236,492,5816312,533,13,40074475,52,41500621
139028,11,9,2020,5,12,5,3,5,2,0,1,0,0,0,1,0,0,802328,656,5825301,84,13,45420072,52,49387308
139029,11,3,2020,5,15,4,3,5,2,0,1,1,0,0,0,0,0,798646,5408,5830286,807,13,4046113,52,54058996
139030,11,12,2020,5,7,1,3,1,5,0,1,1,0,0,0,0,0,796728,2766,5833309,283,13,37911135,52,56873097
139031,11,6,2020,5,16,4,3,0,3,0,1,1,0,0,0,0,0,794597,7389,5820276,705,13,33623134,52,4530596
139032,11,12,2020,5,15,6,3,5,3,0,0,1,0,1,0,0,0,792605,715,5837382,758,13,32205773,52,60747927
139033,11,12,2020,5,18,6,3,5,3,0,0,1,0,0,0,0,0,793845,653,5836158,84,13,33922869,52,59583216
139034,11,1,2020,5,10,3,3,2,6,0,0,1,0,1,0,0,0,799070,7461,5828333,88,13,40908987,52,52284514
139035,11,10,2020,5,13,2,2,0,1,0,1,0,0,0,0,0,0,811221,5801,5827845,386,13,58715721,52,51167576
139036,11,1,2020,5,21,5,3,5,2,1,1,0,0,1,0,0,0,799713,2582,5827025,681,13,41735389,52,5107735
139037,11,3,2020,5,10,7,3,5,2,0,0,1,0,0,0,0,0,802746,262,5832375,6,13,46678176,52,55704436
139038,11,12,2020,5,12,6,3,5,2,0,0,1,0,0,0,1,0,794959,5899,5832717,991,13,35256548,52,56439179
139039,11,11,2020,5,13,3,3,2,6,0,0,1,0,1,0,0,0,805043,7829,5826726,326,13,49538359,52,50513596
139040,11,6,2020,5,13,2,3,5,3,0,0,1,0,0,0,0,0,793604,7719,5815914,276,13,31782981,52,41448585
139041,11,4,2020,5,10,5,3,3,6,0,0,1,0,1,0,0,0,793145,445,5826925,142,13,32076149,52,51344169
139042,11,1,2020,5,10,5,3,4,7,0,0,1,0,0,0,0,0,797881,5794,5828855,314,13,39208231,52,52817719
139043,11,2,2020,5,20,7,3,0,4,0,1,0,1,0,0,0,0,801908,528,5825684,336,13,44838028,52,49754068
139044,11,3,2020,5,13,2,3,5,2,0,1,1,0,0,0,0,0,800323,497,5831578,697,13,43042543,52,55124809
139045,11,8,2020,5,7,2,3,5,3,0,1,1,0,0,0,0,1,800596,4241,5821189,336,13,42506544,52,45797429
139046,11,5,2020,5,14,5,3,5,3,0,0,1,0,0,0,0,0,785853,4224,5831729,326,13,2177409,52,56038548
139047,11,12,2020,5,16,4,3,2,6,0,0,1,0,0,0,0,0,793411,997,5832495,575,13,32960284,52,56323421
139048,11,12,2020,5,8,7,3,0,1,0,0,0,0,1,0,0,1,793747,5246,5838515,7,13,33987616,52,61701377
139049,11,1,2020,5,13,4,3,0,6,0,0,1,0,1,0,0,0,793602,846,5829833,205,13,33005602,52,53926473
139050,11,3,2020,5,18,3,3,6,7,0,0,1,1,0,0,0,0,798059,7092,5832941,5,13,3983669,52,5647025
139051,11,12,2020,5,11,6,3,1,5,0,0,1,0,0,0,0,0,795658,5378,5833096,866,13,36318468,52,56740892
139052,11,4,2020,5,20,6,3,5,2,0,1,1,0,0,0,0,0,793522,3399,5825730,336,13,32525181,52,50252788
139053,11,6,2020,5,9,3,2,5,2,0,1,1,0,0,0,0,0,790253,4165,5820057,916,13,27229089,52,45342229
139054,11,11,2020,5,13,2,2,6,7,0,0,1,1,0,0,0,0,805830,76,5832316,752,13,51208474,52,55479845
139055,11,8,2020,5,18,5,3,5,3,0,1,1,0,0,0,0,0,805573,5344,5818588,611,13,49571177,52,43190521
139056,11,1,2020,5,16,3,3,0,1,0,1,0,0,0,0,0,0,798425,2816,5828385,231,13,39965133,52,52366618
139057,11,1,2020,5,11,4,3,1,7,0,0,1,0,0,0,0,0,793768,5337,5827607,672,13,33052546,52,51922477