OBJECTID,LAND,BEZ,UJAHR,UMONAT,USTUNDE,UWOCHENTAG,UKATEGORIE,UART,UTYP1,ULICHTVERH,IstRad,IstPKW,IstFuss,IstKrad,IstGkfz,IstSonstige,USTRZUSTAND,LINREFX,LINREFY,XGCSWGS84,YGCSWGS84,,,,
139281,11,1,2020,6,10,5,2,8,1,0,1,0,0,0,0,0,0,797110,539,5827970,825,13,37995973,52,5206695
139282,11,3,2020,6,17,4,3,5,2,0,1,1,0,0,0,0,0,800000,8709,5833019,327,13,42699014,52,56433838
139283,11,9,2020,6,7,5,3,5,2,0,0,1,0,0,0,0,0,806427,9466,5822974,92,13,51226411,52,47073916
139284,11,8,2020,6,15,3,3,5,3,0,1,1,0,0,0,0,0,800145,3717,5823272,37,13,42032039,52,47689045
139285,11,1,2020,6,5,5,3,5,2,0,0,1,0,1,0,0,0,798615,4213,5826924,342,13,40113435,52,51046722
139286,11,5,2020,6,19,2,3,0,5,0,0,1,0,1,0,0,0,786645,3069,5829241,803,13,22724324,52,53766698
139287,11,8,2020,6,18,2,3,5,3,0,1,1,0,0,0,0,0,801637,5642,5822641,488,13,44165454,52,47041665
139288,11,5,2020,6,13,7,3,2,6,0,0,1,0,0,0,0,0,785674,1559,5828015,998,13,21190999,52,52718659
139289,11,4,2020,6,0,5,3,1,7,2,0,0,0,1,0,0,0,791328,8163,5825234,317,13,29259374,52,49925669
139290,11,11,2020,6,14,4,3,5,3,0,0,1,0,0,0,0,0,806173,57,5831395,213,13,51626733,52,54634718
139291,11,7,2020,6,9,5,3,5,2,0,0,1,0,0,0,0,0,793962,438,5822006,91,13,32843226,52,46890487
139292,11,12,2020,6,11,2,3,2,6,0,0,1,0,0,0,0,0,790398,276,5833695,283,13,28631861,52,57560532
139293,11,1,2020,6,17,2,3,2,2,0,0,1,0,0,0,0,0,795148,8428,5828487,441,13,35159011,52,5263659
139294,11,2,2020,6,17,6,3,0,5,0,1,1,0,0,0,0,0,799845,5944,5825805,958,13,41819955,52,49976787
139295,11,3,2020,6,17,5,3,2,2,0,0,1,0,0,0,0,1,802697,3278,5831786,299,13,46552533,52,55179462
139296,11,3,2020,6,14,4,3,5,3,0,1,1,0,0,0,0,0,799955,9753,5835682,927,13,42873957,52,58823756
139297,11,3,2020,6,21,7,3,1,5,0,0,1,0,0,0,0,0,804326,1839,5839616,46,13,49666615,52,62106413
139298,11,8,2020,6,9,5,3,0,3,0,1,1,0,0,0,0,0,802002,6495,5823720,378,13,4479898,52,47988519
139299,11,9,2020,6,9,5,3,1,5,0,1,1,0,0,0,0,0,807961,3704,5817853,525,13,53004691,52,42397829
139300,11,11,2020,6,17,3,3,4,6,0,1,0,0,0,0,0,0,807140,7287,5825728,706,13,52526157,52,49501882
139301,11,1,2020,6,8,5,3,5,2,0,1,1,0,0,0,0,0,796143,4679,5825693,807,13,36372226,52,50078419
139302,11,1,2020,6,14,7,3,3,6,0,1,1,0,0,0,0,0,794668,1006,5829870,51,13,34575045,52,53902416
139303,11,5,2020,6,11,3,3,2,6,0,0,1,0,0,0,0,0,784737,88,5827491,12,13,19769655,52,52296939
139304,11,1,2020,6,7,5,3,5,3,0,0,1,0,0,0,1,0,797993,2951,5828907,177,13,39377071,52,52858102
139305,11,6,2020,6,17,2,2,5,2,0,0,1,0,1,0,0,0,793792,384,5820810,582,13,32487859,52,45827924
139306,11,1,2020,6,17,2,3,1,5,0,1,1,0,0,0,0,0,793892,6904,5830229,336,13,33466778,52,54265956
139307,11,2,2020,6,23,6,3,5,3,2,0,0,0,1,0,1,0,798295,488,5825312,195,13,39498986,52,49619143
139308,11,7,2020,6,16,5,3,2,6,0,0,1,0,0,0,0,0,794932,96,5824627,567,13,34499701,52,49188167
139309,11,8,2020,6,19,4,3,6,7,0,0,1,1,0,0,0,0,801591,7352,5823018,469,13,44132273,52,47382093
139310,11,3,2020,6,16,7,3,2,6,0,0,1,0,0,0,0,0,802354,628,5829234,351,13,45816401,52,52911212
139311,11,1,2020,6,16,5,2,5,3,0,1,1,0,0,0,0,1,796566,4634,5830500,476,13,37422137,52,54364133
139312,11,7,2020,6,14,7,2,5,3,0,1,1,0,0,0,0,0,793949,5055,5822398,617,13,3285883,52,47243066
139313,11,2,2020,6,10,3,3,1,5,0,1,0,0,0,0,1,0,798656,1963,5824579,585,13,3996307,52,48942728
139314,11,4,2020,6,20,7,3,5,7,1,0,1,0,0,0,0,0,793920,5792,5825687,324,13,33106397,52,50192794
139315,11,2,2020,6,7,5,3,5,2,0,1,1,0,0,0,0,0,798005,4674,5825273,743,13,39069602,52,49600518
139316,11,2,2020,6,14,7,3,2,3,0,1,0,0,1,0,0,0,801858,9761,5829003,68,13,45066972,52,52731381
139317,11,8,2020,6,16,5,2,2,2,0,0,1,0,0,0,1,1,806251,2218,5816368,387,13,50361653,52,41162746
139318,11,8,2020,6,18,3,3,1,5,0,1,1,0,0,0,0,0,801028,5915,5822823,98,13,43288039,52,47238039
139319,11,3,2020,6,5,2,3,6,4,0,0,1,1,0,0,0,0,800156,463,5830854,642,13,42732148,52,54485002
139320,11,7,2020,6,15,5,3,5,2,0,0,1,0,0,0,1,0,799129,797,5821712,383,13,4040029,52,4634678
139321,11,12,2020,6,17,2,3,0,1,0,0,0,0,0,0,1,0,792333,56,5834075,748,13,31512395,52,57798019
139322,11,5,2020,6,17,2,3,0,2,0,1,1,0,0,0,0,0,787125,1883,5828129,753,13,23333859,52,52744416
139323,11,2,2020,6,15,5,2,5,2,0,1,1,0,0,0,0,0,799061,6276,5825597,127,13,40649751,52,49832618
139324,11,2,2020,6,17,5,3,6,4,0,0,1,1,0,0,0,1,797655,6113,5824023,303,13,38444082,52,48498732
139325,11,2,2020,6,16,2,3,5,2,0,0,1,0,1,0,0,0,803109,481,5827114,914,13,46731996,52,50969707
139326,11,8,2020,6,17,2,3,1,7,0,0,1,0,0,0,0,0,801424,6196,5821051,246,13,43709295,52,45628042
139327,11,3,2020,6,15,5,2,0,1,0,0,0,0,1,0,0,1,799440,3415,5831384,252,13,41727032,52,54999118
139328,11,6,2020,6,15,5,3,3,7,0,1,0,0,0,0,0,1,790224,9237,5815008,425,13,26749008,52,4081671
139329,11,11,2020,6,7,4,2,0,7,0,0,1,0,1,0,0,0,805960,368,5825334,698,13,50756747,52,4921505
139330,11,1,2020,6,9,5,3,5,2,0,1,0,0,0,0,1,0,795657,7106,5829732,303,13,36017634,52,53724925
139331,11,3,2020,6,13,7,3,5,3,0,1,1,0,0,0,0,0,799190,97,5831607,125,13,41380435,52,55212591
139332,11,3,2020,6,10,3,3,5,2,0,1,1,0,0,0,0,0,802391,1255,5828832,527,13,45833497,52,52549036
139333,11,3,2020,6,17,4,3,3,6,0,1,0,0,0,0,0,0,799987,5215,5830256,199,13,42429727,52,53957904
139334,11,10,2020,6,10,2,3,5,3,0,0,1,0,1,0,0,0,812540,5749,5825040,529,13,60389822,52,48578695
139335,11,9,2020,6,16,2,3,1,1,0,1,1,0,0,0,0,0,815047,4592,5815080,488,13,63130704,52,39509596
139336,11,9,2020,6,22,4,3,1,1,2,1,1,0,0,0,0,0,806483,8274,5821598,156,13,5118199,52,45836876
139337,11,6,2020,6,16,4,3,5,2,0,1,1,0,0,0,0,0,796367,9127,5816708,48,13,3590412,52,42011243
139338,11,11,2020,6,13,5,3,5,3,0,1,1,0,0,0,0,1,803698,1365,5826380,817,13,47530374,52,50278991
139339,11,2,2020,6,19,4,3,0,2,0,1,1,0,0,0,0,0,797941,3924,5825259,318,13,38974208,52,49591087
139340,11,6,2020,6,15,2,2,0,2,0,0,1,0,0,0,1,0,794842,9631,5819317,941,13,33898333,52,44433257
139341,11,1,2020,6,16,2,3,1,5,0,0,1,0,0,0,0,0,797786,1455,5830514,591,13,39216645,52,54310262
139342,11,7,2020,6,19,4,3,5,2,0,1,0,0,1,0,0,0,795808,4616,5822504,63,13,35597093,52,47237747
139343,11,4,2020,6,17,4,3,5,2,0,1,1,0,0,0,0,0,791912,7224,5824773,162,13,30076687,52,49481048
139344,11,7,2020,6,16,5,3,5,2,0,1,1,0,0,0,0,1,795246,6494,5822270,144,13,34751624,52,47057941
139345,11,4,2020,6,18,1,3,5,7,0,1,1,0,0,0,0,0,790563,6261,5825204,939,13,28132764,52,49940129
139346,11,5,2020,5,16,1,3,3,2,0,0,1,0,0,0,0,0,784979,5514,5829499,331,13,20297079,52,54084963
139347,11,2,2020,6,19,4,3,5,2,0,1,1,0,0,0,0,0,798254,3038,5824521,598,13,39367728,52,48912721
139348,11,1,2020,6,8,4,3,5,2,0,1,1,0,0,0,0,0,797424,578,5829329,401,13,38578208,52,53267661
139349,11,6,2020,6,10,4,3,1,5,0,1,1,0,0,0,0,0,793963,3613,5817015,737,13,32405469,52,42416767
139350,11,8,2020,6,6,4,2,2,6,0,0,1,0,0,0,0,0,804155,233,5817820,294,13,47421569,52,42580927
139351,11,6,2020,6,18,7,3,0,1,0,0,0,0,1,0,0,1,794099,8806,5818685,753,13,32752548,52,43906542
139352,11,4,2020,6,9,3,3,1,5,0,1,1,0,0,0,0,0,793678,9845,5826128,306,13,32790395,52,50601122
139353,11,4,2020,6,6,4,3,5,7,0,0,1,0,1,0,0,0,791589,4204,5825441,389,13,2966032,52,50097389
139354,11,6,2020,6,12,2,3,5,2,0,0,1,0,1,0,0,0,793670,1714,5819157,254,13,32163642,52,4435232
139355,11,8,2020,5,23,1,3,5,3,2,0,1,0,0,0,0,0,803463,1016,5822050,728,13,46791008,52,46411075
139356,11,11,2020,6,17,6,3,5,3,0,1,0,0,0,0,0,0,803736,9271,5826209,997,13,47571766,52,50123731
139357,11,1,2020,6,22,4,3,5,2,2,0,1,0,0,0,0,0,799245,365,5828468,812,13,41177322,52,52396607
139358,11,9,2020,6,15,4,2,6,4,0,0,1,1,0,0,0,0,810452,8934,5819924,861,13,56849386,52,44113324
139359,11,8,2020,6,14,7,3,0,7,0,1,0,0,0,0,0,0,802188,4676,5823357,515,13,4503888,52,47653002
139360,11,8,2020,5,19,1,3,5,7,0,0,1,0,0,0,0,0,801569,7785,5823589,945,13,4415172,52,4789553
139361,11,6,2020,6,22,4,2,0,1,2,1,0,0,0,0,0,0,791873,8068,5819135,37,13,29526271,52,44428585
139362,11,12,2020,6,19,4,3,2,6,0,0,1,0,0,0,0,0,793816,523,5832719,856,13,3357521,52,56502659
139363,11,2,2020,6,14,3,2,0,6,0,1,0,0,0,0,0,0,800621,7462,5827235,588,13,43088989,52,51215506
139364,11,11,2020,6,19,4,3,5,7,0,1,1,0,0,0,0,0,804050,46,5826307,591,13,4804048,52,50193767
139365,11,3,2020,6,19,1,3,4,6,0,1,1,0,0,0,0,0,797167,663,5833579,157,13,38581696,52,57091036
139366,11,7,2020,5,19,1,3,5,3,0,1,1,0,0,0,0,0,796355,9797,5825093,333,13,3663095,52,49528614
139367,11,9,2020,6,19,4,2,3,6,0,1,1,0,0,0,0,0,812246,3717,5820068,177,13,59492795,52,44139655
139368,11,2,2020,6,18,4,2,5,3,0,0,1,0,0,0,0,0,797373,6674,5826183,353,13,38222916,52,50450343
139369,11,1,2020,6,9,4,3,0,3,0,1,0,0,1,0,0,0,797972,2761,5830852,291,13,39520592,52,54602789
139370,11,11,2020,6,18,4,2,5,3,0,0,1,0,1,0,0,0,804959,8712,5827935,818,13,4952593,52,51602294
139371,11,2,2020,6,16,3,3,5,2,0,1,0,0,0,0,0,0,801241,56,5826205,578,13,43905541,52,50258126
139372,11,7,2020,6,12,4,2,4,6,0,0,1,0,0,0,0,0,799659,9511,5819025,737,13,40938321,52,43909486
139373,11,3,2020,6,12,2,3,2,7,0,0,1,0,0,0,0,0,799666,6965,5832767,678,13,42184756,52,5622668
139374,11,7,2020,5,17,1,3,0,1,0,0,0,0,1,0,0,0,798993,5684,5819077,134,13,39965504,52,43992029
139375,11,8,2020,6,13,6,3,0,2,0,1,1,0,0,0,0,0,803003,3237,5822810,57,13,46185303,52,47117634
139376,11,9,2020,6,11,4,3,5,3,0,1,1,0,0,0,0,0,809364,6466,5819655,819,13,55228564,52,4393388
139377,11,1,2020,6,15,4,3,2,6,0,0,0,0,1,0,1,0,799212,9932,5828465,147,13,41129903,52,52395081
139378,11,3,2020,6,23,7,3,5,3,2,1,1,0,0,0,0,0,796296,9332,5835140,563,13,37440244,52,58538128
139379,11,8,2020,6,10,4,3,5,7,0,1,1,0,0,0,0,0,805477,5624,5817215,158,13,49305023,52,41964903
139380,11,10,2020,6,12,7,3,5,2,0,0,1,0,0,0,0,0,810380,3036,5827953,764,13,57490155,52,5131263
139381,11,10,2020,6,10,4,3,5,3,0,1,1,0,0,0,0,0,813024,6327,5824671,263,13,61065688,52,48220064
139382,11,3,2020,6,19,3,2,5,7,0,0,1,0,0,0,0,0,795813,2721,5835200,271,13,36733775,52,58617969
139383,11,6,2020,6,8,4,3,5,3,0,0,1,0,0,0,0,0,788149,1865,5818734,107,13,24026887,52,44266685
139384,11,12,2020,6,19,7,3,1,5,0,1,1,0,0,0,0,0,790404,582,5835314,135,13,28782227,52,59011507
139385,11,7,2020,6,18,2,3,0,5,0,1,1,0,0,0,0,0,794957,1533,5824156,386,13,34493526,52,48764477
139386,11,12,2020,6,17,4,3,2,6,0,0,1,0,0,0,0,0,794422,502,5832537,414,13,34449786,52,56306401
139387,11,2,2020,6,16,2,3,5,3,0,1,1,0,0,0,0,0,798533,8248,5824758,256,13,39799384,52,49109577
139388,11,9,2020,6,13,3,3,8,1,0,0,1,0,0,0,0,0,808016,219,5816995,798,13,53006145,52,4162603
139389,11,5,2020,6,18,4,3,5,2,0,1,1,0,0,0,0,0,780520,7842,5820690,843,13,12997758,52,46417976
139390,11,9,2020,6,18,2,3,5,3,0,0,1,0,1,0,0,0,803960,3503,5823452,472,13,47648395,52,47639792
139391,11,6,2020,5,19,1,2,7,7,1,0,0,0,1,0,0,0,788490,2503,5821210,432,13,24741221,52,46468867
139392,11,1,2020,6,10,6,2,9,1,0,0,1,0,0,0,0,0,799437,971,5828842,603,13,41494506,52,52721061
139393,11,3,2020,6,16,4,3,1,5,0,1,1,0,0,0,0,0,800691,9551,5831934,529,13,43617214,52,55423395
139394,11,5,2020,6,13,4,2,0,2,0,0,1,0,1,0,0,0,783729,181,5830615,648,13,18553481,52,55151129
139395,11,7,2020,6,18,7,3,1,5,0,1,1,0,0,0,0,1,795107,9879,5824769,802,13,34769347,52,49306212
139396,11,11,2020,6,16,4,3,2,6,0,0,1,0,0,0,0,0,805312,7959,5833220,901,13,50530037,52,56319231
139397,11,12,2020,6,15,4,3,2,6,0,0,1,0,0,0,0,0,795749,1291,5833621,41,13,3649851,52,57206172
139398,11,7,2020,6,15,3,3,1,5,0,1,1,0,0,0,0,0,795139,3003,5825599,23,13,34888807,52,50047857
139399,11,1,2020,5,18,1,3,4,6,1,1,0,0,1,0,0,0,794590,5529,5826146,69,13,34131204,52,50568458
139400,11,3,2020,6,15,4,3,2,6,0,0,1,0,0,0,1,0,802339,2738,5829200,473,13,45790756,52,52881699
139401,11,2,2020,6,16,2,3,5,2,0,1,1,0,0,0,0,0,798555,5863,5824513,796,13,39809438,52,4888926
139402,11,6,2020,5,17,1,3,2,7,0,0,1,0,0,0,0,0,793346,6511,5816264,586,13,31435256,52,41776471
139403,11,6,2020,6,15,4,3,5,7,0,0,1,0,1,0,0,0,790079,548,5815807,409,13,26604402,52,41540761
139404,11,9,2020,6,17,5,2,5,3,0,1,1,0,0,0,0,1,811001,4405,5821743,693,13,57823141,52,45712117
139405,11,9,2020,6,17,1,3,0,1,0,1,0,0,0,0,0,0,804550,4646,5820091,606,13,48207953,52,44594671
139406,11,3,2020,5,17,1,3,1,5,0,1,1,0,0,0,0,0,803305,7786,5831549,149,13,47425513,52,54933066
139407,11,9,2020,6,14,4,3,5,7,0,0,1,0,0,0,0,0,803889,7893,5823175,166,13,47519557,52,47395175
139408,11,12,2020,6,15,4,3,5,2,0,1,1,0,0,0,0,0,792844,8139,5835127,368,13,32358387,52,58713224
139409,11,2,2020,6,17,4,3,1,5,0,1,1,0,0,0,0,0,798142,8949,5826223,553,13,39356466,52,50444399
139410,11,1,2020,6,14,4,3,3,6,0,1,1,0,0,0,0,0,794963,855,5825958,603,13,34662948,52,50379681
139411,11,6,2020,6,12,7,3,5,2,0,1,1,0,0,0,0,0,793732,6268,5821047,727,13,32421537,52,4604371
139412,11,5,2020,5,13,1,3,2,6,0,0,1,0,0,0,0,0,783900,4739,5826594,16,13,18462152,52,51536346
139413,11,8,2020,6,14,4,3,6,4,0,0,1,1,0,0,0,0,802248,4661,5819059,119,13,44737836,52,43796971
139414,11,11,2020,6,14,4,3,5,7,0,0,1,0,0,0,1,0,803173,8392,5830371,395,13,47124035,52,5388482
139415,11,2,2020,6,18,4,2,5,3,0,1,1,0,0,0,0,0,800593,12,5827054,91,13,43030441,52,51055143
139416,11,12,2020,6,16,7,3,1,5,0,1,1,0,0,0,0,0,792260,499,5837441,2,13,31702576,52,60818711
139417,11,10,2020,6,14,4,3,5,3,0,0,1,0,0,0,1,0,809227,6721,5831404,66,13,56118018,52,54470672
139418,11,3,2020,6,6,3,3,5,3,0,0,1,0,0,0,1,0,800420,7688,5832298,613,13,4325138,52,55764696
139419,11,2,2020,6,14,4,3,5,3,0,1,1,0,0,0,0,0,802550,4763,5826711,739,13,45874823,52,5063935
139420,11,12,2020,6,15,2,2,5,2,0,0,1,0,1,0,0,0,796373,6861,5832793,82,13,37343371,52,56429697
139421,11,5,2020,5,13,1,2,5,2,0,0,1,0,1,0,0,0,784665,788,5829707,58,13,19853527,52,5428808
139422,11,2,2020,6,11,4,1,5,2,0,1,0,0,0,1,0,0,801992,5903,5828251,977,13,45195128,52,52050778
139423,11,2,2020,6,17,4,3,5,3,0,1,1,0,0,0,0,0,797971,3841,5826082,886,13,39091939,52,50327677
139424,11,2,2020,6,16,5,3,5,3,0,0,1,0,1,0,0,1,798070,4619,5826355,713,13,39261899,52,50566822
139425,11,1,2020,6,17,1,3,1,5,0,0,1,0,0,0,1,0,793272,611,5828544,631,13,32405573,52,52789141
139426,11,9,2020,5,12,1,3,5,7,0,1,1,0,0,0,0,0,819450,9123,5819880,73,13,70038514,52,43555071
139427,11,7,2020,6,14,4,3,2,2,0,0,1,0,0,0,1,0,796571,3437,5815881,756,13,36129168,52,41259512
139428,11,8,2020,6,13,4,3,5,2,0,0,1,0,0,0,0,0,805092,7968,5817916,852,13,48804974,52,42615274
139429,11,8,2020,6,10,4,3,5,2,0,0,1,0,0,0,0,0,805543,2917,5818561,593,13,49524362,52,43167994
139430,11,7,2020,6,13,4,3,5,2,0,1,1,0,0,0,0,0,795525,3937,5816092,174,13,34614414,52,41504707
139431,11,1,2020,6,8,3,3,5,3,0,0,1,0,1,0,0,0,798035,6309,5827401,341,13,39304363,52,51505999
139432,11,5,2020,6,11,4,3,0,6,0,0,1,0,0,0,1,0,785401,3472,5830332,932,13,20988961,52,54810281
139433,11,6,2020,6,8,2,3,5,2,0,1,1,0,0,0,0,0,790013,9828,5819787,241,13,26854219,52,4511227
139434,11,5,2020,5,12,1,3,5,2,0,1,1,0,0,0,0,0,781905,1165,5828691,401,13,157073,52,53520472
139435,11,3,2020,6,10,3,3,5,3,0,0,1,0,0,0,1,0,800185,478,5830935,652,13,42782127,52,54556015
139436,11,2,2020,6,12,3,3,2,6,0,0,1,0,1,0,0,0,798445,9068,5824771,655,13,39671477,52,49126395
139437,11,2,2020,6,9,2,3,0,4,0,1,0,1,0,0,0,0,798292,8201,5824822,864,13,39451255,52,49180665
139438,11,8,2020,5,10,1,3,2,6,0,0,1,0,1,0,0,0,800765,484,5822748,34,13,42895083,52,4718525
139439,11,2,2020,6,9,3,2,3,6,0,1,0,0,0,0,0,0,797339,6058,5824886,656,13,38057118,52,49289853
139440,11,10,2020,6,16,4,3,5,3,0,1,1,0,0,0,0,0,809294,1682,5831945,947,13,5626617,52,54951979
139441,11,1,2020,6,18,4,3,5,2,0,1,1,0,0,0,0,0,797902,3162,5826578,31,13,3903479,52,50775286
139442,11,6,2020,6,18,1,3,5,3,0,0,1,0,0,0,0,0,791533,8897,5819563,866,13,29064989,52,44831167
139443,11,1,2020,5,17,1,3,5,3,0,1,1,0,0,0,0,0,797158,6193,5826452,623,13,37931052,52,50703431
139444,11,4,2020,6,21,3,3,6,4,1,1,0,1,0,0,0,0,794327,9316,5825949,5,13,33727918,52,50405459
139445,11,3,2020,6,19,3,3,5,2,0,1,1,0,0,0,0,0,804237,1912,5841130,874,13,49674947,52,63468662
139446,11,2,2020,6,8,4,3,5,2,0,1,1,0,0,0,0,0,800415,7378,5828046,205,13,42859526,52,51953437
139447,11,6,2020,6,19,3,2,5,2,0,1,0,0,0,0,0,0,784466,6035,5816997,24,13,18475762,52,42902187
139448,11,1,2020,6,12,7,2,6,7,0,1,0,1,0,0,0,0,797899,3623,5830330,293,13,39366573,52,54138874
139449,11,6,2020,6,15,3,3,5,3,0,1,1,0,0,0,0,0,790552,2382,5821756,26,13,27815414,52,46848741
139450,11,1,2020,6,19,3,3,6,7,0,0,1,1,0,0,0,0,797837,5016,5826969,187,13,38974575,52,51129449
139451,11,2,2020,6,20,2,3,5,7,0,1,1,0,0,0,0,0,797806,6369,5824595,977,13,38717005,52,49003833
139452,11,2,2020,5,5,1,2,4,7,0,0,1,0,0,0,0,0,799407,6478,5824952,229,13,4109999,52,49235589
139453,11,9,2020,6,18,6,3,5,3,0,1,1,0,0,0,0,0,809839,7654,5819988,25,13,55956115,52,44204904
139454,11,2,2020,6,16,3,3,5,2,0,1,1,0,0,0,0,0,798570,7375,5825153,25,13,39888986,52,49461618
139455,11,5,2020,6,14,4,3,5,2,0,0,1,0,0,0,0,0,780873,5084,5828323,787,13,14159314,52,53244112
139456,11,2,2020,6,11,7,3,6,7,0,1,0,1,0,0,0,0,798329,2187,5824099,987,13,39439996,52,48530707
139457,11,9,2020,6,12,3,2,3,6,0,1,1,0,0,0,0,0,814797,4928,5821269,478,13,63346861,52,45069882
139458,11,9,2020,6,18,3,3,1,5,0,1,1,0,0,0,0,0,807914,4489,5822039,694,13,53321625,52,46152178
139459,11,1,2020,6,18,3,3,1,5,0,1,1,0,0,0,0,0,795450,7341,5830649,54,13,35794886,52,54557937
139460,11,1,2020,6,17,6,3,2,6,0,0,1,0,0,0,1,1,795975,4686,5831253,539,13,36620312,52,55071316
139461,11,7,2020,6,18,3,3,5,2,0,1,1,0,0,0,0,0,796016,734,5824976,293,13,36122302,52,49442106
139462,11,5,2020,6,15,4,2,5,2,0,0,1,0,1,0,0,0,786097,5613,5829140,785,13,21910233,52,53704912
139463,11,8,2020,6,22,7,3,5,7,2,1,1,0,0,0,0,0,801387,8047,5823754,66,13,43899471,52,48053213
139464,11,1,2020,6,16,3,3,2,6,0,0,1,0,0,0,0,0,799274,9238,5828508,348,13,412248,52,52430405
139465,11,6,2020,6,16,3,3,0,4,0,0,0,1,0,0,1,0,792658,8324,5817306,82,13,30517869,52,42746987
139466,11,5,2020,6,19,3,3,6,7,0,0,1,1,0,0,0,0,784934,3867,5827595,396,13,2006745,52,52380264
139467,11,1,2020,6,16,3,2,5,2,0,0,1,0,1,0,0,0,797577,5394,5826520,822,13,38552559,52,5074173
139468,11,2,2020,6,12,3,2,0,1,0,1,0,0,0,0,0,0,803374,659,5826684,122,13,47082038,52,50568865
139469,11,7,2020,6,15,3,3,3,6,0,1,1,0,0,0,0,0,794828,7489,5823465,399,13,34243851,52,48151986
139470,11,3,2020,6,17,2,2,5,3,0,0,1,0,1,0,0,0,800678,4265,5830666,459,13,43482508,52,5428755
139471,11,10,2020,5,17,1,3,5,3,0,1,1,0,0,0,0,0,807841,9373,5829091,164,13,53866741,52,52475809
139472,11,9,2020,6,16,6,3,1,5,0,1,1,0,0,0,0,0,801771,5909,5824810,452,13,44558467,52,48978342
139473,11,3,2020,6,16,3,3,0,7,0,1,0,0,0,0,0,0,800744,7,5836893,968,13,44143614,52,59865708
139474,11,5,2020,6,20,4,3,5,2,1,1,1,0,0,0,0,0,784785,3359,5828822,841,13,199535,52,53488578
139475,11,2,2020,6,17,7,3,5,3,0,1,1,0,0,0,0,0,799370,134,5825175,46,13,41064922,52,49437369
139476,11,2,2020,6,15,3,3,6,7,0,1,0,1,0,0,0,0,801225,7571,5825250,152,13,43796738,52,49402599
139477,11,2,2020,6,14,3,3,0,7,0,0,1,0,0,0,1,0,797517,3826,5824026,241,13,38241381,52,48508899
139478,11,1,2020,6,15,3,3,3,6,0,0,0,0,1,0,1,0,796498,5342,5831901,557,13,37447366,52,55623747
139479,11,8,2020,6,15,2,3,6,4,0,0,1,1,0,0,0,0,800942,1124,5822306,161,13,43114477,52,46779456
139480,11,5,2020,5,16,1,2,1,5,0,0,1,0,0,0,0,0,784733,5274,5830557,599,13,20026021,52,55046663
139481,11,7,2020,5,1,1,2,9,1,2,0,1,0,0,0,0,0,796574,9475,5815867,42,13,36133181,52,41246466
139482,11,8,2020,6,15,3,3,2,7,0,1,1,0,0,0,0,0,801002,2352,5823902,622,13,4334679,52,48207102
139483,11,4,2020,6,21,2,3,3,6,1,0,1,0,0,0,0,0,791145,7462,5829115,13,13,29330052,52,53414459
139484,11,4,2020,5,17,1,3,2,6,0,0,1,0,0,0,0,0,789386,686,5827509,962,13,26604243,52,52069182
139485,11,1,2020,6,15,3,3,1,5,0,0,1,0,0,0,1,0,797527,8243,5828757,579,13,38679557,52,52749429
139486,11,11,2020,6,17,5,3,5,3,0,1,1,0,0,0,0,0,806136,2744,5827312,766,13,51196861,52,50977995
139487,11,1,2020,6,16,2,3,5,2,0,1,1,0,0,0,0,0,796635,518,5826670,283,13,37181979,52,50927008
139488,11,11,2020,5,17,1,3,0,2,0,0,1,0,1,0,0,0,804208,9952,5829078,218,13,4852727,52,52668116
139489,11,5,2020,6,14,3,2,1,5,0,0,1,0,0,0,0,0,785191,7637,5827662,176,13,20451508,52,52426682
139490,11,10,2020,6,14,3,3,0,2,0,1,1,0,0,0,0,0,813015,7361,5827636,645,13,61331247,52,50877872
139491,11,1,2020,6,8,4,3,5,2,0,1,1,0,0,0,0,0,796254,4584,5825960,287,13,36558964,52,5031127
139492,11,7,2020,6,16,7,3,5,2,0,1,1,0,0,0,0,0,793989,3422,5821547,807,13,32842341,52,46478207
139493,11,4,2020,6,15,3,3,2,6,0,0,1,0,0,0,0,0,790857,3473,5824365,942,13,28490977,52,49172317
139494,11,11,2020,6,10,3,3,5,3,0,0,1,0,0,0,1,0,804919,8596,5829936,705,13,49650607,52,5339782
139495,11,2,2020,6,14,3,3,5,6,0,0,1,0,0,0,0,0,802803,5156,5828237,159,13,46385301,52,51992529
139496,11,7,2020,6,12,2,3,5,2,0,1,1,0,0,0,0,0,795870,9445,5825420,374,13,3594763,52,49848094
139497,11,2,2020,5,16,1,3,1,5,0,1,1,0,0,0,0,0,802275,8588,5827497,84,13,45542764,52,51358475
139498,11,2,2020,6,13,3,2,5,2,0,0,1,0,1,0,0,0,799067,7236,5825600,247,13,40658985,52,49835081
139499,11,3,2020,6,16,4,3,5,3,0,1,0,0,0,0,0,0,798377,497,5834193,783,13,40416838,52,57575773
139500,11,2,2020,6,12,5,3,5,2,0,1,1,0,0,0,0,0,797858,107,5825635,107,13,38885494,52,49932482
139501,11,11,2020,6,20,1,3,5,3,0,0,1,0,0,0,1,0,804251,9204,5828690,858,13,4855491,52,52318545
139502,11,8,2020,5,16,1,3,5,7,0,0,1,0,0,0,0,0,801036,2065,5820591,557,13,43097953,52,45237413