OBJECTID,LAND,BEZ,UJAHR,UMONAT,USTUNDE,UWOCHENTAG,UKATEGORIE,UART,UTYP1,ULICHTVERH,IstRad,IstPKW,IstFuss,IstKrad,IstGkfz,IstSonstige,USTRZUSTAND,LINREFX,LINREFY,XGCSWGS84,YGCSWGS84,,,,
139503,11,10,2020,6,13,3,3,5,3,0,1,1,0,0,0,0,0,810593,4497,5825391,14,13,57564236,52,49004004
139504,11,12,2020,6,13,3,3,5,3,0,0,1,0,1,0,0,0,792602,8711,5837527,997,13,32214427,52,60878278
139505,11,12,2020,6,9,4,3,5,2,0,0,1,0,1,0,0,0,791117,981,5838211,768,13,30086648,52,61571036
139506,11,7,2020,6,10,3,3,5,7,0,0,1,0,0,0,0,0,793769,5065,5822843,384,13,32633765,52,47651464
139507,11,12,2020,6,17,4,3,3,6,0,0,1,0,1,0,0,0,793530,3143,5832379,535,13,33124066,52,5621302
139508,11,7,2020,6,17,5,3,5,3,0,1,1,0,0,0,0,1,797106,9731,5819477,975,13,37233844,52,44454166
139509,11,9,2020,6,11,1,2,0,1,0,1,0,0,0,0,0,1,810880,2948,5820634,821,13,57542208,52,44725284
139510,11,1,2020,5,15,1,2,1,5,0,1,1,0,0,0,0,0,800023,9951,5827056,171,13,42194639,52,51087598
139511,11,3,2020,6,9,3,2,0,3,0,0,1,0,1,0,0,0,802064,3359,5831018,196,13,45551923,52,54526156
139512,11,6,2020,6,12,3,3,5,2,0,1,1,0,0,0,0,0,788365,7693,5817759,846,13,24260596,52,43381783
139513,11,3,2020,6,11,4,2,0,1,0,1,0,0,0,0,0,0,800039,8915,5837333,134,13,43146961,52,60298234
139514,11,1,2020,6,8,3,3,5,2,0,1,1,0,0,0,0,0,794434,1466,5831457,389,13,34371767,52,55337585
139515,11,3,2020,6,9,3,2,5,2,0,1,0,0,0,1,0,0,798869,8108,5830455,997,13,40804582,52,54198408
139516,11,8,2020,6,8,3,3,1,5,0,1,1,0,0,0,0,0,802434,7043,5824101,22,13,45467783,52,4830596
139517,11,11,2020,6,9,2,3,5,2,0,1,0,0,0,0,0,0,803796,9146,5829131,679,13,479266,52,52739008
139518,11,1,2020,5,14,1,2,6,4,0,0,1,1,0,0,0,0,797376,4128,5832446,439,13,38787267,52,560643
139519,11,3,2020,6,8,3,3,5,2,0,1,1,0,0,0,0,0,801426,995,5836111,578,13,45076438,52,59126692
139520,11,6,2020,6,15,4,3,1,5,0,1,1,0,0,0,0,0,794208,178,5820147,842,13,33040161,52,45211421
139521,11,2,2020,6,13,1,2,5,2,0,1,1,0,0,0,0,0,799858,9868,5825691,642,13,41829332,52,49873584
139522,11,3,2020,5,13,1,3,0,7,0,1,0,0,0,0,0,0,798775,1992,5831025,514,13,40716714,52,54714085
139523,11,6,2020,6,8,3,3,2,7,0,1,0,0,0,0,1,0,790698,9832,5816836,832,13,27602782,52,42430778
139524,11,7,2020,6,7,3,2,5,2,0,1,1,0,0,0,0,0,796591,2823,5815876,27,13,36157889,52,41253297
139525,11,3,2020,6,10,3,3,5,2,0,1,1,0,0,0,0,0,802236,16,5829337,394,13,45651664,52,53010138
139526,11,1,2020,6,7,3,3,2,7,0,1,1,0,0,0,0,0,798505,8472,5829096,165,13,40147352,52,52999462
139527,11,8,2020,6,14,3,3,5,7,0,1,1,0,0,0,0,0,801013,6738,5824039,388,13,43375932,52,48329059
139528,11,12,2020,6,7,3,3,5,2,0,1,1,0,0,0,0,0,787287,332,5837903,125,13,24418431,52,61498164
139529,11,10,2020,6,7,3,3,1,5,0,1,0,0,0,0,1,0,811111,586,5828333,407,13,58599786,52,51611184
139530,11,4,2020,6,8,3,2,6,4,0,0,1,1,0,0,0,0,790759,8113,5827536,211,13,28624613,52,52019669
139531,11,7,2020,6,12,3,3,5,2,0,1,0,0,0,0,1,0,797211,4466,5818625,485,13,37311291,52,4368431
139532,11,7,2020,6,11,2,3,2,2,0,0,1,0,0,0,0,0,796922,9252,5822282,416,13,37213254,52,46978089
139533,11,1,2020,5,17,1,3,0,6,0,0,1,0,0,0,1,0,796834,8644,5831313,595,13,37889435,52,55078386
139534,11,8,2020,6,16,6,3,5,3,0,0,1,0,0,0,0,0,803462,7542,5822050,303,13,46790459,52,46410713
139535,11,10,2020,6,5,3,3,2,6,0,0,1,0,0,0,0,0,813691,227,5828259,486,13,62381986,52,51397196
139536,11,2,2020,6,15,4,3,5,7,0,1,1,0,0,0,0,0,798533,7539,5824757,625,13,39799223,52,49109016
139537,11,1,2020,6,20,7,3,5,3,0,1,1,0,0,0,0,0,793407,9128,5829570,113,13,32695775,52,53701124
139538,11,2,2020,6,19,3,3,5,3,0,1,1,0,0,0,0,0,800721,7204,5826208,98,13,43143124,52,50289819
139539,11,3,2020,6,12,7,3,5,2,0,0,1,0,0,0,0,0,800023,6891,5833422,285,13,42769019,52,56793762
139540,11,7,2020,6,12,3,3,5,2,0,0,1,0,1,0,0,0,796295,3203,5823018,464,13,36357414,52,47671969
139541,11,3,2020,6,19,3,3,6,6,0,1,0,1,0,0,0,0,797890,6387,5833084,478,13,3960088,52,56608107
139542,11,3,2020,6,16,3,2,1,7,0,0,1,0,1,0,1,0,795761,3883,5835075,991,13,36646324,52,58509387
139543,11,10,2020,6,11,7,3,2,6,0,0,1,0,0,0,0,0,810709,794,5831992,834,13,5835162,52,5491344
139544,11,9,2020,6,11,2,3,0,6,0,0,1,0,0,0,1,0,809757,656,5820492,822,13,55881608,52,44661776
139545,11,4,2020,6,18,2,3,0,6,0,0,1,0,0,0,1,0,793084,409,5830252,73,13,32280388,52,54330466
139546,11,2,2020,6,17,2,3,5,3,0,1,1,0,1,0,0,0,801971,3299,5829016,554,13,4523331,52,52737245
139547,11,8,2020,5,22,7,3,1,5,2,1,1,0,0,0,0,0,800991,4967,5824796,775,13,43411769,52,49009149
139548,11,8,2020,6,19,4,3,3,6,0,1,1,0,0,0,0,0,800559,6308,5825015,615,13,42797362,52,49229096
139549,11,6,2020,6,15,7,2,2,7,0,0,1,0,0,0,0,0,795835,4584,5819064,329,13,35331891,52,44152304
139550,11,5,2020,6,16,7,2,5,2,0,0,1,0,0,0,0,0,788003,6264,5829673,507,13,24758931,52,54082122
139551,11,5,2020,6,22,2,2,5,3,2,0,1,0,0,0,0,0,784499,2746,5828871,101,13,19537026,52,53546789
139552,11,9,2020,6,12,4,3,1,5,0,0,1,0,1,0,0,0,817007,1283,5817133,508,13,66195471,52,41236173
139553,11,3,2020,6,15,4,3,5,3,0,1,1,0,0,0,0,0,801413,183,5830904,938,13,44584326,52,54460705
139554,11,2,2020,6,19,2,3,5,2,0,1,1,0,0,0,0,0,799603,8485,5826091,425,13,41490576,52,50245942
139555,11,4,2020,6,19,2,3,1,5,0,1,1,0,0,0,0,0,788189,4749,5826894,242,13,24791297,52,51580569
139556,11,6,2020,6,18,2,3,4,6,0,1,0,0,0,0,0,0,795878,3175,5818104,877,13,35309835,52,43289901
139557,11,5,2020,6,11,4,3,5,7,0,0,1,0,0,0,0,0,784189,7329,5828731,419,13,19069943,52,534377
139558,11,2,2020,6,18,2,3,0,7,0,1,1,0,0,0,0,0,799260,255,5824660,428,13,40857336,52,48982113
139559,11,2,2020,6,10,4,3,6,4,0,1,0,1,0,0,0,0,798652,8167,5824571,144,13,39957351,52,48935347
139560,11,4,2020,6,17,2,3,5,7,0,0,1,0,0,0,0,0,793855,8986,5826060,109,13,33044283,52,50530461
139561,11,4,2020,6,13,5,2,3,6,0,1,1,0,0,0,0,0,793220,9718,5827792,972,13,32264202,52,5211806
139562,11,2,2020,6,10,4,2,5,2,0,1,1,0,0,0,0,0,801770,2529,5825801,321,13,44646254,52,49866543
139563,11,1,2020,6,17,2,3,5,5,0,1,1,0,0,0,0,0,798175,648,5829605,825,13,39706892,52,53474407
139564,11,7,2020,6,16,2,3,5,2,0,1,1,0,0,0,0,0,795224,7897,5824368,521,13,34905333,52,48940176
139565,11,2,2020,6,16,2,2,0,1,0,1,0,0,0,0,0,0,800716,8864,5828488,16,13,43341966,52,52332844
139566,11,1,2020,6,16,2,3,2,6,0,1,1,0,0,0,0,0,797579,3084,5828732,66,13,38752941,52,5272375
139567,11,4,2020,6,10,4,3,5,3,0,1,1,0,0,0,0,0,792956,2994,5825133,17,13,31641111,52,49747733
139568,11,4,2020,6,15,2,3,2,6,0,0,1,0,1,0,0,0,792461,765,5824085,243,13,3082273,52,48834951
139569,11,9,2020,6,12,2,3,2,6,0,0,1,0,0,0,1,0,803975,5225,5823467,455,13,47672031,52,47652376
139570,11,7,2020,6,11,5,3,2,6,0,0,1,0,1,0,0,0,797580,9474,5815565,188,13,3758103,52,40920949
139571,11,3,2020,6,9,4,3,5,3,0,0,1,0,0,0,0,0,799173,4332,5830743,896,13,41276882,52,54439804
139572,11,2,2020,6,23,2,3,1,5,2,1,1,0,0,0,0,0,797634,6083,5824022,168,13,38413142,52,4849886
139573,11,5,2020,6,13,2,3,5,2,0,1,1,0,0,0,0,0,782374,3895,5830505,202,13,16551511,52,55122498
139574,11,11,2020,6,22,2,2,5,3,2,1,0,0,1,0,0,0,806621,6551,5827360,87,13,51914252,52,50993848
139575,11,7,2020,6,9,4,3,5,3,0,1,1,0,0,0,0,0,793573,8253,5822125,7,13,32283311,52,47018609
139576,11,6,2020,6,15,4,3,5,2,0,0,1,0,0,0,0,0,793598,271,5815905,152,13,31772292,52,41440767
139577,11,2,2020,6,21,2,3,1,5,1,1,1,0,0,0,0,0,801359,9965,5826439,664,13,44101499,52,50461371
139578,11,11,2020,6,20,2,2,5,3,1,1,1,0,0,0,0,0,805428,7462,5834483,492,13,50816819,52,57444294
139579,11,3,2020,6,8,4,3,5,3,0,1,1,0,0,0,0,0,802304,4046,5833112,279,13,46095555,52,56389739
139580,11,2,2020,6,9,4,3,5,2,0,0,1,0,1,0,0,0,800415,4837,5828046,278,13,42859159,52,51953516
139581,11,6,2020,6,20,2,2,2,4,0,0,1,1,0,0,0,0,793214,4802,5819719,27,13,31544421,52,44880391
139582,11,9,2020,6,9,4,3,2,6,0,0,1,0,0,0,0,0,817182,2099,5821130,478,13,66831097,52,44807506
139583,11,11,2020,6,20,2,3,5,2,1,1,1,0,0,0,0,0,804986,9775,5833001,816,13,50030725,52,56141138
139584,11,8,2020,6,20,2,3,0,2,1,1,1,0,0,0,0,0,803002,866,5822811,9,13,46183534,52,47118169
139585,11,1,2020,6,9,5,3,0,6,0,1,1,0,0,0,0,0,798888,7071,5828592,5,13,40664791,52,52527021
139586,11,9,2020,6,8,4,3,5,2,0,1,1,0,0,0,0,0,810473,882,5820263,106,13,56911591,52,44415257
139587,11,7,2020,6,20,2,3,5,2,0,1,1,0,0,0,0,0,799274,2967,5816272,385,13,40126305,52,41462567
139588,11,1,2020,6,20,2,3,5,7,0,1,1,0,0,0,0,0,795529,3355,5830734,178,13,35918034,52,5462998
139589,11,6,2020,6,11,2,3,0,7,0,1,0,0,0,0,0,0,793726,1838,5815743,47,13,31945993,52,41288948
139590,11,8,2020,6,8,4,3,6,7,0,0,1,1,0,0,0,0,802456,5011,5819142,524,13,4505049,52,43860227
139591,11,5,2020,6,15,4,2,2,6,0,0,1,0,1,0,0,0,786288,37,5828190,176,13,22108911,52,52842601
139592,11,1,2020,6,8,2,3,4,6,0,0,1,0,0,0,0,0,794948,835,5832003,25,13,35177179,52,55798855
139593,11,6,2020,6,8,2,3,6,2,0,0,0,1,0,0,1,0,792713,5606,5816243,44,13,30505119,52,41791055
139594,11,10,2020,6,7,2,3,6,4,0,0,1,1,0,0,0,0,810268,1889,5829484,834,13,57468272,52,52691077
139595,11,3,2020,6,8,4,2,5,3,0,1,1,0,0,0,0,0,801608,7264,5831820,354,13,44954947,52,55270372
139596,11,10,2020,6,7,2,3,0,1,0,1,0,0,0,0,0,0,812009,7017,5830593,207,13,6013106,52,53584926
139597,11,11,2020,6,6,2,3,5,3,0,1,1,0,0,0,0,0,804429,7888,5827859,723,13,48740207,52,51563707
139598,11,10,2020,6,6,2,3,5,3,0,1,1,0,0,0,0,0,810554,138,5825086,669,13,5747797,52,48733394
139599,11,3,2020,6,5,2,3,0,1,0,0,0,0,1,0,0,1,800934,9089,5833544,124,13,44120447,52,56852671
139600,11,6,2020,6,1,4,3,0,1,2,0,0,0,0,0,1,0,793656,6065,5820601,521,13,3227072,52,45647787
139601,11,6,2020,6,15,4,3,2,6,0,0,1,0,0,0,1,0,793568,7957,5817994,815,13,31912819,52,43315669
139602,11,5,2020,6,16,2,3,2,6,0,0,1,0,1,0,0,0,783770,3092,5826238,3,13,18240487,52,51223912
139603,11,1,2020,6,16,2,2,5,2,0,0,1,0,0,0,0,0,796050,208,5828133,29,13,36452223,52,52270021
139604,11,4,2020,6,16,2,3,1,5,0,0,1,0,0,0,0,0,792308,3802,5830561,17,13,31166454,52,54648524
139605,11,6,2020,6,8,3,3,0,5,0,0,1,0,0,0,0,0,795231,8525,5818142,305,13,34365002,52,43358382
139606,11,10,2020,6,15,2,3,4,6,0,1,0,0,0,0,0,0,813092,958,5826531,53,13,61339483,52,49883194
139607,11,4,2020,6,15,3,3,2,6,0,0,1,0,0,0,0,0,792147,9339,5825308,443,13,30469112,52,49948332
139608,11,5,2020,6,15,2,2,5,3,0,1,0,0,0,1,0,0,783583,3432,5828663,61,13,18172511,52,53407995
139609,11,11,2020,6,11,5,3,8,7,0,0,0,0,0,0,1,0,805863,6209,5825864,426,13,50663326,52,49695234
139610,11,11,2020,6,21,3,3,1,5,1,1,1,0,0,0,0,0,803827,1972,5827980,251,13,47865923,52,51705333
139611,11,5,2020,6,9,3,3,6,7,0,1,0,1,0,0,0,0,780888,4584,5828594,654,13,14204188,52,53486218
139612,11,12,2020,6,15,2,3,2,6,0,0,1,0,0,0,0,0,792392,8533,5835093,243,13,31690158,52,58706944
139613,11,8,2020,6,15,5,3,5,3,0,0,1,0,0,0,0,0,799573,8664,5816478,708,13,40583919,52,41631122
139614,11,2,2020,6,19,3,3,0,2,0,1,0,0,1,0,0,0,800465,773,5825258,11,13,42680374,52,4945157
139615,11,8,2020,6,14,2,3,5,2,0,0,1,0,0,0,0,0,801273,7567,5821490,719,13,43527599,52,46030274
139616,11,7,2020,6,14,2,3,3,6,0,0,1,0,1,0,0,0,798621,901,5814453,398,13,39006525,52,39867715
139617,11,1,2020,6,14,2,3,3,6,0,1,1,0,0,0,0,0,797523,9375,5828744,692,13,38672692,52,52738089
139618,11,7,2020,6,13,2,3,1,5,0,1,1,0,0,0,0,0,796118,4423,5823495,798,13,36140134,52,48109452
139619,11,1,2020,6,19,3,3,5,2,0,0,1,0,1,0,0,0,795784,3676,5828189,952,13,36066604,52,52335476
139620,11,12,2020,6,13,2,2,5,3,0,0,1,0,1,0,0,0,792187,9151,5832950,646,13,31199676,52,56797205
139621,11,2,2020,6,13,2,2,0,5,0,1,1,0,0,0,0,0,801260,2745,5827919,617,13,44088983,52,51793385
139622,11,3,2020,6,10,5,3,5,3,0,0,1,0,0,0,0,0,800943,4117,5833548,116,13,44133317,52,5685578
139623,11,1,2020,6,18,3,3,6,4,0,1,0,1,0,0,0,0,795889,7254,5830457,977,13,36423344,52,5436283
139624,11,6,2020,6,13,2,3,0,7,0,1,0,0,0,0,0,0,794674,2862,5816305,964,13,33385449,52,41742247
139625,11,2,2020,6,12,2,2,5,3,0,1,1,0,0,0,0,0,798248,7207,5826084,225,13,39499437,52,50313726
139626,11,1,2020,6,12,2,3,2,7,0,0,0,0,1,0,1,0,796055,1941,5825585,357,13,36232922,52,49985994
139627,11,2,2020,6,20,2,3,5,2,0,1,1,0,0,0,0,0,799901,9018,5825710,647,13,41894073,52,49888261
139628,11,6,2020,6,11,2,2,5,2,0,1,1,0,0,0,0,0,789357,946,5817365,66,13,25680615,52,42976025
139629,11,1,2020,6,18,3,3,5,2,0,0,1,0,1,0,0,0,793309,419,5829041,819,13,3250435,52,53232837
139630,11,2,2020,6,17,2,3,5,2,0,1,0,0,0,0,0,0,797838,2149,5825787,23,13,38869863,52,50069742
139631,11,1,2020,6,10,2,3,6,4,0,1,0,1,0,0,0,0,798642,174,5828819,459,13,40322866,52,52743967
139632,11,10,2020,6,8,5,3,5,2,0,0,1,0,1,0,0,0,813234,788,5831081,101,13,61977352,52,53951857
139633,11,7,2020,6,18,3,3,3,6,0,1,0,0,0,0,0,0,794786,5858,5825560,972,13,34367336,52,50032812
139634,11,5,2020,6,11,2,3,5,2,0,0,1,0,0,0,1,0,780345,1874,5827612,8,13,1332247,52,52633144
139635,11,3,2020,6,10,2,3,0,2,0,0,1,0,0,0,1,0,799675,7949,5837846,564,13,42657438,52,60778512
139636,11,5,2020,6,10,2,2,4,6,0,0,1,0,0,0,0,0,783645,1911,5825496,262,13,17993401,52,50565358
139637,11,1,2020,6,18,3,3,5,2,0,0,1,0,0,0,0,0,795247,263,5826624,124,13,35138298,52,50960943
139638,11,1,2020,6,21,4,3,5,3,2,0,1,0,0,0,0,0,796881,9756,5831208,72,13,37949336,52,5498181
139639,11,2,2020,6,8,2,3,0,7,0,1,0,0,0,0,0,0,798899,2071,5825119,953,13,40368386,52,49413795
139640,11,3,2020,6,16,2,1,5,2,0,0,1,0,1,0,0,0,802717,719,5837328,139,13,4708851,52,60145327
139641,11,2,2020,6,18,3,3,1,5,0,1,1,0,0,0,0,0,798187,6986,5824806,584,13,39295425,52,49171815
139642,11,1,2020,6,19,4,3,0,1,0,1,0,0,0,0,0,0,797806,9468,5829268,398,13,39135545,52,53192073
139643,11,3,2020,6,17,1,3,0,3,0,1,0,0,0,0,1,0,802446,7071,5834003,648,13,46386123,52,57180752
139644,11,6,2020,6,18,1,3,5,2,0,1,0,0,1,0,0,0,791395,3739,5820496,925,13,28943163,52,45675045
139645,11,6,2020,6,8,4,3,5,3,0,1,1,0,0,0,0,0,796238,483,5818263,634,13,35851493,52,43412746
139646,11,4,2020,6,22,1,3,2,7,2,1,1,0,0,0,0,0,793828,3084,5824514,13,32867352,52,49145934,
139647,11,3,2020,6,8,4,3,6,4,0,0,1,1,0,0,0,0,804768,4187,5840684,787,13,50416345,52,63039085
139648,11,1,2020,6,22,1,3,5,2,2,1,1,0,0,0,0,0,798082,906,5829999,888,13,39605572,52,53832718
139649,11,1,2020,6,20,1,3,1,7,0,1,1,0,0,0,0,0,797569,791,5828037,498,13,38676805,52,52101673
139650,11,8,2020,6,18,3,2,4,6,0,0,1,0,1,0,0,0,802511,8719,5817976,347,13,45026186,52,42811902
139651,11,8,2020,6,14,4,3,5,3,0,1,1,0,0,0,0,0,802059,733,5822740,705,13,44794054,52,47107269
139652,11,4,2020,6,20,1,3,1,5,0,1,1,0,0,0,0,0,789887,5587,5823100,54,13,26956499,52,48089008
139653,11,6,2020,6,19,1,3,5,2,0,1,1,0,0,0,0,0,791273,2576,5821468,66,13,28848695,52,46552188
139654,11,8,2020,6,8,4,3,5,2,0,0,1,0,0,0,0,0,802065,1378,5821982,426,13,44733343,52,46427314
139655,11,8,2020,6,18,1,3,0,1,0,1,0,0,0,0,0,0,803027,3984,5817420,248,13,45731713,52,42284938
139656,11,3,2020,6,17,1,3,1,5,0,1,1,0,0,0,0,0,799294,6563,5831428,926,13,41516841,52,55047167
139657,11,1,2020,6,7,4,3,4,6,0,0,1,0,0,0,1,0,795002,3801,5829559,295,13,35038867,52,53605351
139658,11,3,2020,6,18,1,2,9,1,0,0,1,0,0,0,0,0,801103,5291,5834535,321,13,44458483,52,5773176
139659,11,10,2020,6,17,3,3,5,2,0,1,1,0,0,0,0,0,806548,8631,5829160,927,13,51973187,52,52611185
139660,11,9,2020,6,16,1,2,5,7,0,0,1,0,1,0,0,0,803784,7355,5820878,907,13,47156358,52,45342916
139661,11,9,2020,6,17,3,3,6,4,2,1,0,1,0,0,0,0,811289,2304,5820184,737,13,58100046,52,44298675
139662,11,1,2020,6,15,1,3,0,1,0,0,0,0,0,0,1,0,798370,9617,5827943,535,13,39845684,52,51973669
139663,11,4,2020,6,14,5,3,2,6,0,0,1,0,1,0,0,0,793603,96,5826428,394,13,32706643,52,50874175
139664,11,7,2020,6,17,3,3,0,5,0,0,1,0,0,0,0,0,795644,93,5824137,998,13,35500636,52,48710838
139665,11,7,2020,6,12,1,3,2,6,0,1,1,0,0,0,0,0,796285,1841,5823952,611,13,36425547,52,48509902
139666,11,8,2020,6,7,4,3,2,1,0,0,1,0,1,0,0,0,801752,438,5816992,706,13,43823322,52,41972192
139667,11,1,2020,6,11,1,3,5,5,0,1,1,0,0,0,0,0,798183,7211,5827311,38,13,39513858,52,5141696
139668,11,1,2020,6,11,1,3,2,6,0,0,1,0,0,0,0,0,795160,2051,5831040,856,13,35402518,52,54924902
139669,11,5,2020,6,17,3,3,2,6,0,0,1,0,0,0,0,0,787073,39,5828148,29,13,23259292,52,5276353
139670,11,4,2020,6,16,1,3,5,2,0,1,0,0,0,0,0,0,794160,6061,5827010,473,13,33575913,52,51365988
139671,11,2,2020,6,22,7,3,5,3,2,0,1,0,0,0,0,1,798290,7417,5824802,658,13,39446394,52,49162666
139672,11,4,2020,6,17,3,3,2,6,0,0,1,0,1,0,0,0,793880,8411,5826227,567,13,33095708,52,50679234
139673,11,8,2020,6,21,7,3,5,3,2,1,1,0,0,0,0,1,800573,1651,5825139,787,13,42828439,52,49339651
139674,11,2,2020,6,21,7,2,6,4,2,0,1,1,0,0,0,1,801598,8367,5825936,289,13,44406727,52,49996993
139675,11,5,2020,6,11,5,3,5,3,0,0,1,0,0,0,0,0,782958,4913,5827080,329,13,17119063,52,52021346
139676,11,10,2020,6,16,3,3,2,6,0,0,1,0,0,0,0,0,809849,8353,5831049,119,13,56999393,52,54116709
139677,11,8,2020,6,20,7,3,5,3,2,1,1,0,0,0,0,1,800513,1384,5824555,201,13,42687569,52,48818971
139678,11,1,2020,6,5,4,3,5,2,0,1,1,0,0,0,0,0,798742,7577,5828196,702,13,40414749,52,52180243
139679,11,12,2020,6,20,7,3,6,7,1,1,0,1,0,0,0,1,790098,4724,5834969,678,13,28302238,52,5871901
139680,11,1,2020,6,19,7,3,0,1,1,1,0,0,0,0,0,1,799921,5311,5827460,165,13,42080518,52,51455349
139681,11,12,2020,6,16,3,3,6,4,0,0,1,1,0,0,0,0,796186,6961,5832756,537,13,37065051,52,56407114
139682,11,1,2020,6,14,4,2,2,6,0,0,1,0,1,0,0,0,794941,8419,5832079,399,13,3517368,52,55867697
139683,11,10,2020,6,19,7,3,0,1,1,1,0,0,0,0,0,1,814341,2128,5830081,751,13,6350887,52,52992664
139684,11,3,2020,6,18,7,3,0,6,0,0,1,0,1,0,0,1,798080,484,5834691,485,13,40024593,52,58038167
139685,11,3,2020,6,7,5,3,0,7,0,1,0,1,0,0,0,0,801229,6035,5831030,124,13,44325785,52,54583063
139686,11,8,2020,6,9,3,3,1,5,0,0,1,0,0,0,0,0,802356,1366,5817870,232,13,4478824,52,42725397
139687,11,9,2020,6,16,7,2,0,7,0,1,0,0,0,0,0,0,808747,431,5819067,29,13,54269057,52,43441083
139688,11,1,2020,6,16,7,2,0,1,0,0,0,0,1,0,0,1,798021,1388,5830087,216,13,39523801,52,5391433
139689,11,1,2020,6,9,5,3,5,3,0,1,0,0,0,0,1,0,798534,7166,5828993,565,13,4018057,52,52905915
139690,11,5,2020,6,9,3,3,2,6,0,0,1,0,0,0,1,0,785279,541,5829297,33,13,20720872,52,53888153
139691,11,4,2020,6,16,7,1,5,3,0,1,1,0,0,0,0,0,791951,8424,5828403,504,13,3045261,52,52733488
139692,11,10,2020,6,14,7,2,2,6,0,0,1,0,0,0,0,1,809259,8984,5833260,697,13,5633827,52,56132149
139693,11,1,2020,6,14,7,3,1,5,0,1,1,0,0,0,0,0,795075,4828,5828944,33,13,35091739,52,53050127
139694,11,1,2020,6,16,3,3,0,1,0,1,0,0,0,0,0,0,797237,76,5827397,868,13,38130628,52,51546467
139695,11,1,2020,6,18,4,3,5,3,0,1,0,0,0,0,0,0,796666,2536,5831967,173,13,37699895,52,55673431
139696,11,8,2020,6,14,7,3,5,7,0,1,1,0,0,0,0,0,801896,849,5822706,888,13,44550804,52,47086004
139697,11,1,2020,6,14,7,3,0,2,0,1,1,0,0,0,0,0,796651,8436,5831080,656,13,3759949,52,54879553
139698,11,12,2020,6,18,4,3,5,2,0,1,1,0,0,0,0,0,792021,335,5833079,147,13,30965913,52,5692134
139699,11,1,2020,6,14,7,3,6,4,0,1,0,1,0,0,0,0,797301,5165,5832277,877,13,38662007,52,55917295
139700,11,12,2020,6,17,4,3,2,6,0,0,1,0,1,0,0,0,792879,4636,5832146,982,13,32146139,52,56039597
139701,11,9,2020,6,14,7,3,6,4,0,0,1,1,0,0,0,0,810399,5351,5819859,936,13,56765108,52,4405817
139702,11,1,2020,6,13,7,3,5,3,0,1,1,0,0,0,0,0,794723,2554,5826042,927,13,34316968,52,50468274
139703,11,1,2020,6,12,7,3,0,7,0,1,0,0,0,0,0,0,796691,5446,5829859,575,13,37548809,52,53782826
139704,11,8,2020,6,11,7,3,5,7,0,0,1,0,1,0,0,0,800559,1391,5823303,409,13,42642258,52,4769441
139705,11,3,2020,6,8,3,3,5,3,0,0,1,0,0,0,0,0,800427,8784,5832285,641,13,43260661,52,55752677
139706,11,6,2020,6,13,4,2,2,6,0,1,1,0,0,0,0,0,795040,7252,5817730,946,13,34048381,52,42999932
139707,11,12,2020,6,10,7,3,2,6,0,0,1,0,0,0,0,0,791157,473,5836351,744,13,29981839,52,59901441
139708,11,5,2020,6,11,7,2,5,3,0,0,1,0,1,0,0,0,781042,7114,5827419,538,13,14331661,52,52424583
139709,11,6,2020,6,6,7,3,5,3,0,0,1,0,0,0,0,0,794565,5185,5816332,734,13,33228334,52,417721
139710,11,12,2020,6,15,3,2,5,2,0,0,1,0,1,0,0,0,792311,794,5835033,321,13,31565565,52,58657583
139711,11,1,2020,6,1,7,3,1,5,2,1,1,0,0,0,0,0,797713,6246,5827740,8,13,38861551,52,51827224
139712,11,3,2020,6,14,3,2,1,5,0,1,0,0,0,0,1,0,802071,9196,5831129,677,13,45573211,52,54625655
139713,11,1,2020,6,0,7,3,6,2,2,0,0,1,0,0,1,0,795532,489,5830731,948,13,35921825,52,54627833
139714,11,1,2020,6,12,5,3,0,2,0,1,1,0,0,0,0,0,793947,17,5830165,721,13,33541026,52,54205999
139715,11,7,2020,6,8,3,3,5,2,0,1,1,0,0,0,0,0,797268,9128,5821088,203,13,37614729,52,4588878
139716,11,11,2020,6,17,7,3,3,2,1,1,1,0,0,0,0,1,805714,4668,5831826,162,13,50992306,52,55046695
139717,11,1,2020,6,16,4,3,5,2,0,1,1,0,0,0,0,0,799690,207,5827210,72,13,41718128,52,51243894
139718,11,6,2020,6,15,5,3,6,6,0,1,0,1,0,0,0,0,793087,2141,5816647,605,13,31088415,52,42133742
139719,11,2,2020,6,14,3,3,3,6,0,1,1,0,0,0,0,0,798102,9947,5824547,145,13,39147827,52,48943886
139720,11,4,2020,6,13,6,2,5,2,0,1,0,0,0,0,1,0,790399,7261,5829029,346,13,28225813,52,53377459
139721,11,1,2020,6,20,6,2,3,6,0,1,1,0,0,0,0,0,798098,384,5828950,244,13,39535386,52,5289096
139722,11,4,2020,6,19,6,3,0,7,0,1,0,0,0,0,0,1,793293,579,5825653,371,13,32182349,52,50196094
139723,11,8,2020,6,18,6,3,0,1,0,1,0,0,0,0,0,0,801231,177,5823807,384,13,43674063,52,48109122
139724,11,1,2020,6,8,3,3,0,1,0,1,0,0,0,0,0,0,799032,7051,5828941,845,13,40907827,52,52832261
139725,11,12,2020,6,18,6,3,0,1,0,0,1,0,1,0,0,0,792812,6641,5833245,471,13,32144836,52,57027931