OBJECTID,LAND,BEZ,UJAHR,UMONAT,USTUNDE,UWOCHENTAG,UKATEGORIE,UART,UTYP1,ULICHTVERH,IstRad,IstPKW,IstFuss,IstKrad,IstGkfz,IstSonstige,USTRZUSTAND,LINREFX,LINREFY,XGCSWGS84,YGCSWGS84,,,,
139726,11,12,2020,6,18,6,3,5,3,0,0,1,0,0,0,1,0,792577,7041,5833283,41,13,31802458,52,57074246
139727,11,8,2020,6,11,5,3,5,3,0,0,1,0,0,0,0,0,804903,3106,5818698,161,13,48598393,52,43326103
139728,11,1,2020,6,15,3,3,5,3,0,1,1,0,0,0,0,0,796341,9113,5831942,394,13,37220665,52,55668877
139729,11,6,2020,6,17,6,3,5,3,0,0,1,0,0,0,0,0,791233,6959,5816030,241,13,28316724,52,41679221
139730,11,9,2020,6,17,6,3,5,3,0,0,1,0,0,0,0,0,810357,4389,5823533,579,13,57044839,52,47352754
139731,11,5,2020,6,17,6,3,6,7,0,1,0,1,0,0,0,0,783277,7706,5830339,587,13,1786618,52,54927096
139732,11,6,2020,6,14,3,3,2,6,0,1,1,0,0,0,0,0,793111,927,5816290,943,13,31092185,52,41812721
139733,11,12,2020,6,16,6,3,6,7,0,1,0,1,0,0,0,0,795221,8844,5836952,144,13,36019572,52,60220476
139734,11,7,2020,6,15,6,3,1,5,0,1,1,0,0,0,0,0,798687,5599,5814084,972,13,39071088,52,39533836
139735,11,1,2020,6,13,3,3,5,3,0,1,1,0,0,0,0,0,796408,9578,5830825,94,13,37219527,52,5466369
139736,11,5,2020,6,8,6,3,2,6,0,1,1,0,0,0,0,0,781558,3184,5819636,38,13,14431999,52,454191
139737,11,8,2020,6,15,6,3,5,7,0,1,1,0,0,0,1,0,800853,7557,5824525,572,13,4318503,52,48773654
139738,11,10,2020,6,9,5,1,6,4,0,1,0,1,0,0,0,0,812438,971,5824769,128,13,60215242,52,48341302
139739,11,9,2020,6,6,3,3,5,2,0,1,1,0,0,0,0,0,810763,9189,5821244,651,13,57428257,52,45278406
139740,11,12,2020,6,14,6,3,2,6,0,0,1,0,0,0,0,0,792323,1397,5833702,671,13,31464908,52,57464104
139741,11,1,2020,6,16,4,3,4,6,0,1,0,0,0,0,1,0,796647,8218,5831622,276,13,37641966,52,55365273
139742,11,2,2020,6,14,6,3,3,6,0,1,1,0,0,0,0,0,802216,4283,5827524,403,13,45457935,52,51386254
139743,11,1,2020,6,13,6,3,0,1,0,0,0,0,1,0,0,0,797586,4648,5828187,474,13,38714726,52,52235199
139744,11,3,2020,6,6,3,3,5,3,0,0,1,0,0,0,1,0,800153,9482,5833852,556,13,42999566,52,57172242
139745,11,7,2020,6,13,4,3,5,3,0,1,1,0,0,0,0,0,799298,944,5819054,86,13,4041011,52,43954712
139746,11,2,2020,6,13,6,2,5,2,0,1,0,0,0,0,1,0,797129,2561,5823996,505,13,37668836,52,48503379
139747,11,1,2020,6,13,6,3,5,2,0,1,1,0,0,0,0,0,798619,3651,5826919,146,13,40118763,52,51041848
139748,11,2,2020,6,12,6,3,5,7,0,0,1,0,1,0,0,0,801382,2098,5826099,806,13,44103366,52,50155524
139749,11,1,2020,6,13,4,3,0,7,0,0,0,0,1,0,0,1,796459,2772,5829952,224,13,3721562,52,53878517
139750,11,1,2020,6,23,6,3,5,2,2,0,1,0,1,0,0,0,794309,38,5827020,968,13,3379494,52,51367389
139751,11,3,2020,6,22,6,3,1,5,2,1,1,0,0,0,0,0,798914,2663,5833274,101,13,41123687,52,56721969
139752,11,8,2020,6,23,4,3,1,1,2,0,1,0,1,0,0,0,800472,4274,5824773,384,13,42647464,52,49016777
139753,11,4,2020,6,22,6,2,1,5,2,1,0,0,0,0,1,0,792432,239,5830195,429,13,31316401,52,54314141
139754,11,4,2020,6,12,6,3,5,2,0,1,0,0,0,0,1,0,788168,9261,5827845,169,13,2484348,52,52434202
139755,11,1,2020,6,12,6,2,5,2,0,0,1,0,0,0,1,0,795703,6221,5828178,9,13,35946883,52,52329222
139756,11,7,2020,6,5,3,3,5,3,0,1,1,0,0,0,0,0,800274,6428,5821545,149,13,42066388,52,4613405
139757,11,2,2020,6,17,4,3,5,2,0,1,1,0,0,0,0,0,802550,8004,5826713,139,13,45875426,52,50640587
139758,11,5,2020,6,20,6,3,5,2,0,0,1,0,1,0,0,0,779920,4212,5821654,507,13,12197213,52,47312882
139759,11,10,2020,6,12,6,3,5,2,0,1,1,0,0,0,0,0,812382,183,5824149,368,13,60073584,52,47789179
139760,11,9,2020,6,12,6,3,1,5,0,1,1,0,0,0,0,0,812258,955,5821767,765,13,59668854,52,45662044
139761,11,2,2020,6,11,6,3,2,6,0,0,1,0,1,0,0,0,801389,3695,5828741,311,13,44353115,52,52522746
139762,11,5,2020,6,0,3,2,5,3,2,1,1,0,0,0,0,0,784331,575,5830000,34,13,19386306,52,54567774
139763,11,1,2020,6,13,3,3,5,2,0,0,1,0,1,0,0,0,797699,6925,5827788,6,13,38845421,52,51871476
139764,11,7,2020,6,11,6,3,1,5,0,0,1,0,0,0,0,0,798007,6086,5817103,486,13,383434,52,42276674
139765,11,11,2020,6,12,3,3,5,2,0,1,1,0,0,0,0,0,806685,1672,5826906,706,13,51965702,52,50583247
139766,11,9,2020,6,10,6,2,6,4,0,0,1,1,0,0,0,0,808418,573,5820877,47,13,53953897,52,45081783
139767,11,1,2020,6,14,5,3,0,7,0,1,0,1,0,0,0,0,794589,5911,5827548,838,13,34253908,52,51825444
139768,11,9,2020,6,12,3,3,2,6,0,0,1,0,0,0,0,0,806468,3873,5820005,757,13,51013226,52,44410572
139769,11,10,2020,6,9,6,3,2,6,0,0,1,0,0,0,0,0,813659,1329,5829822,235,13,62482199,52,52799402
139770,11,5,2020,6,8,6,3,1,5,0,0,1,0,0,0,0,0,781976,7587,5829702,882,13,15898491,52,54423704
139771,11,10,2020,6,8,6,3,5,2,0,1,1,0,0,0,0,0,809564,8134,5828022,68,13,56298707,52,5142073
139772,11,3,2020,6,7,6,2,5,2,0,1,1,0,0,0,0,0,798968,2706,5831464,13,41040069,52,55096529,
139773,11,2,2020,6,11,3,3,5,3,0,1,1,0,0,0,0,0,801186,4198,5825954,796,13,43802685,52,50036358
139774,11,6,2020,6,6,6,3,5,2,0,1,1,0,0,0,0,0,788376,7752,5819137,139,13,24395585,52,4461603
139775,11,3,2020,6,9,5,3,6,7,0,1,0,1,0,0,0,0,800335,725,5831951,805,13,43094933,52,55458535
139776,11,8,2020,6,10,5,3,6,2,0,0,1,1,0,0,0,0,801021,3153,5817079,243,13,42759824,52,4209
139777,11,8,2020,6,11,3,3,5,3,0,0,1,0,0,1,0,0,806496,2728,5816239,656,13,50709022,52,41033658
139778,11,6,2020,6,7,5,2,0,1,0,1,0,0,0,0,0,1,788520,1136,5817046,93,13,24425486,52,4273447
139779,11,7,2020,6,12,5,3,5,2,0,0,1,0,0,0,0,1,799274,8579,5816258,17,13,40125843,52,41449657
139780,11,4,2020,6,11,5,3,5,2,0,1,1,0,0,0,0,1,793319,8362,5824170,131,13,32090319,52,48865015
139781,11,2,2020,6,12,5,3,5,7,0,1,1,0,0,0,0,0,803157,255,5827086,8,13,46800178,52,50941119
139782,11,1,2020,6,11,3,3,0,7,0,1,1,0,0,0,0,0,798149,7008,5826610,454,13,39401114,52,50790835
139783,11,4,2020,6,11,5,3,6,4,0,1,0,1,0,0,0,1,793736,6062,5824913,461,13,32767894,52,49508968
139784,11,12,2020,6,9,5,3,5,3,0,1,1,0,0,0,0,1,791422,7817,5838752,912,13,30584552,52,62039766
139785,11,4,2020,6,9,5,3,6,2,0,0,1,1,0,0,0,1,793469,172,5824498,997,13,32338362,52,49151813
139786,11,1,2020,6,10,3,3,5,2,0,1,1,0,0,0,0,0,794021,903,5830177,809,13,33652202,52,54212795
139787,11,4,2020,6,9,5,3,3,6,0,0,1,0,0,1,0,0,790833,919,5824761,386,13,28491089,52,49528082
139788,11,5,2020,6,9,5,3,6,4,0,0,1,1,0,0,0,1,785397,9985,5830320,93,13,20982933,52,54798944
139789,11,4,2020,6,7,5,3,5,3,0,0,1,0,0,0,0,0,792478,2225,5822325,258,13,30692507,52,47256278
139790,11,1,2020,6,10,3,2,0,7,0,1,0,0,0,0,0,0,797742,8809,5827563,882,13,38888771,52,51667686
139791,11,4,2020,6,9,5,3,2,6,0,0,1,0,0,0,1,1,792422,867,5822824,357,13,30655003,52,47706675
139792,11,1,2020,6,9,5,3,5,2,0,1,0,0,0,0,1,1,795436,7256,5831604,734,13,35859317,52,55415377
139793,11,7,2020,6,20,5,3,2,6,1,0,1,0,0,0,1,0,797590,3831,5819564,647,13,37950714,52,44505572
139794,11,3,2020,6,8,5,3,0,6,0,0,0,0,1,0,1,1,798952,9493,5831813,601,13,41049019,52,55410733
139795,11,8,2020,6,13,2,3,2,3,0,0,1,0,0,1,0,0,802066,749,5821982,779,13,4473475,52,46427578
139796,11,10,2020,6,12,4,3,2,6,0,0,1,0,0,0,0,0,811269,441,5829683,12,13,58957376,52,52811623
139797,11,2,2020,6,8,5,2,0,2,0,1,1,0,0,0,0,1,797815,4622,5824933,312,13,38760115,52,49305733
139798,11,1,2020,6,7,5,3,1,5,0,1,1,0,0,0,0,1,798203,3256,5830782,642,13,39854055,52,54527716
139799,11,3,2020,6,8,4,3,5,3,0,0,1,1,0,0,1,0,801993,6979,5831666,97,13,45506989,52,55110782
139800,11,1,2020,6,16,4,3,1,5,0,1,1,0,0,0,1,0,796914,3154,5831384,121,13,38012575,52,55137274
139801,11,7,2020,6,19,5,3,2,1,0,0,1,0,0,0,0,0,799612,339,5813974,452,13,40416282,52,39384264
139802,11,12,2020,6,15,4,3,1,5,0,1,1,0,0,0,0,0,793170,439,5832630,16,13,32616824,52,56456952
139803,11,12,2020,6,6,5,3,5,3,0,1,1,0,0,0,0,1,794836,914,5833490,542,13,35144758,52,57138351
139804,11,4,2020,6,19,5,3,5,7,0,0,1,0,0,0,0,0,789385,8778,5825830,759,13,26457025,52,50563777
139805,11,5,2020,6,15,5,3,5,3,0,0,1,0,0,0,0,0,784048,37,5828705,513,13,18859879,52,53421842
139806,11,4,2020,6,15,2,2,6,7,0,1,0,1,0,0,0,0,791674,4606,5829315,787,13,30124941,52,5356618
139807,11,1,2020,6,19,5,3,6,4,0,0,1,1,0,0,0,1,797616,3909,5830958,905,13,39006877,52,54717808
139808,11,11,2020,6,19,5,3,5,3,0,1,1,0,0,0,0,1,805596,6393,5827239,373,13,50397458,52,50942473
139809,11,4,2020,6,13,5,3,5,2,0,1,0,0,0,1,0,0,791665,9465,5827510,25,13,29954038,52,51948005
139810,11,4,2020,6,18,2,3,5,2,0,1,1,0,0,0,0,0,793341,673,5829714,923,13,32611175,52,53834505
139811,11,2,2020,6,17,7,3,5,2,0,0,1,0,0,0,0,1,801767,78,5826253,667,13,4468361,52,50272122
139812,11,3,2020,6,23,7,3,0,7,2,1,0,0,0,0,0,0,797433,1082,5833515,8,13,38966464,52,57019101
139813,11,8,2020,6,6,4,3,5,7,0,0,1,0,0,0,0,0,800935,9865,5822320,16,13,43106736,52,46792212
139814,11,8,2020,6,20,5,3,5,7,0,0,1,0,0,0,0,0,801054,8348,5822037,376,13,43255663,52,46532325
139815,11,7,2020,6,11,3,3,1,5,0,0,1,0,0,0,0,0,796818,9019,5816749,251,13,3656901,52,42023736
139816,11,1,2020,6,16,7,3,5,3,0,0,1,0,0,0,0,1,796238,6065,5828119,937,13,36727927,52,52248053
139817,11,12,2020,6,13,3,3,6,7,0,0,0,1,0,0,1,0,790237,4394,5835280,94,13,2853398,52,58989883
139818,11,1,2020,6,16,7,3,6,2,0,0,1,1,0,0,0,1,796301,1762,5830673,776,13,37047547,52,54533912
139819,11,10,2020,6,7,5,3,5,2,0,0,1,0,1,0,0,0,809554,4134,5826622,385,13,56153221,52,50166423
139820,11,4,2020,6,14,6,3,5,3,0,0,1,0,0,0,0,1,793356,356,5822838,156,13,3202674,52,47668985
139821,11,5,2020,6,6,2,3,1,5,0,1,1,0,0,0,0,0,785323,672,5829235,554,13,2078046,52,53830455
139822,11,1,2020,6,16,7,3,0,1,0,1,0,0,0,0,0,1,796727,4848,5830460,447,13,37655308,52,54319485
139823,11,7,2020,6,19,4,2,0,1,0,0,0,0,0,0,1,0,795972,5846,5824957,927,13,3605583,52,49428038
139824,11,1,2020,6,7,3,3,5,2,0,1,1,0,0,0,0,0,794628,3324,5829879,565,13,34517382,52,53912684
139825,11,6,2020,6,18,3,3,5,2,0,1,1,0,0,0,0,0,795205,1766,5818288,819,13,34338814,52,43491164
139826,11,4,2020,6,12,2,3,5,5,0,1,1,0,0,0,0,0,793524,2163,5825796,967,13,32533811,52,50312419
139827,11,3,2020,6,16,7,3,2,2,0,0,1,0,0,0,0,1,803868,263,5839547,356,13,48985562,52,62070121
139828,11,6,2020,6,10,4,2,0,7,0,0,0,0,0,1,0,0,787610,18,5818086,347,13,23180078,52,43714306
139829,11,12,2020,6,13,6,3,6,7,0,1,0,1,0,0,0,0,793365,511,5832943,35,13,3293147,52,56727048
139830,11,4,2020,6,14,2,3,1,5,0,0,0,0,1,0,1,0,794231,1297,5824942,488,13,33496786,52,49508353
139831,11,1,2020,6,15,7,3,2,6,0,0,1,0,0,0,0,1,794545,321,5831592,976,13,34547297,52,55453118
139832,11,4,2020,6,16,4,2,9,1,0,0,0,0,1,0,0,0,792245,4336,5824060,482,13,3050286,52,48824339
139833,11,8,2020,6,17,3,2,0,1,0,1,0,0,0,0,0,0,805476,8006,5818450,943,13,49416757,52,43072536
139834,11,6,2020,6,8,2,3,2,6,0,0,1,0,0,0,0,0,792336,1503,5820740,41,13,30345068,52,45842757
139835,11,4,2020,6,15,7,3,1,7,0,0,1,0,0,0,0,1,792489,838,5829873,624,13,31372761,52,54022563
139836,11,9,2020,6,22,7,3,1,5,2,0,1,0,0,0,0,1,808086,499,5815276,884,13,52951002,52,40081546
139837,11,8,2020,6,9,4,3,5,3,0,1,1,0,0,0,0,0,805922,9225,5817234,603,13,49959658,52,41957456
139838,11,8,2020,6,17,5,3,6,4,0,0,1,1,0,0,0,0,801386,7505,5820959,73,13,43645412,52,45547513
139839,11,12,2020,6,15,1,2,1,5,0,0,1,0,0,0,1,0,794814,8566,5836296,836,13,35361962,52,5965514
139840,11,7,2020,6,18,6,3,6,4,0,0,0,1,1,0,0,1,794947,7975,5825418,256,13,345915,52,49896166
139841,11,4,2020,6,10,2,3,5,2,0,0,1,0,0,1,0,0,793352,9582,5829679,213,13,32624614,52,53801886
139842,11,2,2020,6,22,6,3,1,5,2,1,1,0,0,0,0,0,799484,1502,5825104,518,13,41226022,52,49367897
139843,11,2,2020,6,10,4,3,5,7,0,1,0,0,0,0,1,0,801635,419,5826071,456,13,44472143,52,50116143
139844,11,12,2020,6,19,5,2,5,2,0,1,1,0,0,0,0,0,791908,889,5831509,603,13,30662395,52,55520325
139845,11,4,2020,6,11,2,3,5,3,0,1,0,0,0,0,1,0,792289,6239,5822097,62,13,3039569,52,47062298
139846,11,9,2020,6,17,6,3,0,2,0,1,1,0,0,0,0,1,805669,1755,5824140,507,13,5021967,52,48161077
139847,11,2,2020,6,13,4,3,5,2,0,0,1,0,0,0,1,0,802059,5278,5827162,222,13,45194555,52,51070322
139848,11,1,2020,6,16,3,3,5,3,0,1,1,0,0,0,0,0,795939,2677,5831408,993,13,36580933,52,55212632
139849,11,8,2020,6,17,2,3,5,3,0,1,1,0,0,0,0,0,805871,521,5817653,777,13,49921941,52,42336043
139850,11,8,2020,6,13,6,2,1,5,0,1,1,0,0,0,0,0,801626,8866,5824128,54,13,44284279,52,48375129
139851,11,1,2020,6,18,7,3,2,6,0,0,1,0,0,0,0,1,797714,513,5830669,6,13,39124489,52,54452614
139852,11,2,2020,6,17,4,3,0,2,0,1,1,0,0,0,0,0,797842,2243,5824926,622,13,38798819,52,49298276
139853,11,4,2020,6,21,5,3,0,7,1,0,0,0,1,0,0,0,790226,3399,5825437,132,13,27657528,52,50166241
139854,11,9,2020,6,12,3,2,5,2,0,1,1,0,0,0,0,0,809951,3519,5821593,663,13,56268718,52,45637314
139855,11,8,2020,6,12,6,3,5,2,0,1,1,0,0,0,0,0,801782,3236,5823395,543,13,44446141,52,47709544
139856,11,1,2020,6,12,4,3,0,6,0,1,1,0,0,0,0,0,797727,604,5827660,202,13,38874145,52,51754889
139857,11,2,2020,6,15,3,3,8,1,0,1,1,0,0,0,0,0,798357,6548,5825306,978,13,3958982,52,49611068
139858,11,8,2020,6,12,5,3,1,5,0,0,1,0,0,0,1,0,801599,6501,5817448,221,13,43640969,52,42388887
139859,11,4,2020,6,16,6,3,2,6,0,1,1,0,0,0,0,0,792751,6889,5825490,863,13,31372022,52,5007951
139860,11,3,2020,6,17,2,2,5,3,0,1,0,0,1,0,0,0,801158,63,5833193,38,13,44416746,52,56525655
139861,11,2,2020,6,12,6,3,0,7,0,0,1,1,0,0,0,0,800927,1145,5828516,858,13,43653502,52,52347098
139862,11,4,2020,6,18,7,3,2,7,0,0,1,0,1,0,0,1,793938,3657,5824451,786,13,33023497,52,49084237
139863,11,12,2020,6,14,4,3,0,5,0,0,1,0,0,0,1,0,795386,7433,5832478,164,13,35863544,52,56201038
139864,11,4,2020,6,14,5,3,6,7,0,1,0,1,0,0,0,0,793987,6973,5824062,64,13,33061565,52,48732213
139865,11,4,2020,6,9,3,3,3,6,0,0,1,0,1,0,0,0,788786,4164,5827307,842,13,25704455,52,51919799
139866,11,1,2020,6,23,6,3,2,2,2,1,1,0,0,0,0,0,794573,1698,5828722,96,13,34333697,52,52878077
139867,11,2,2020,6,10,3,3,2,6,0,0,1,0,0,0,0,0,800277,4554,5824785,16,13,42362228,52,4903806
139868,11,4,2020,6,18,6,3,0,6,0,0,1,0,0,0,1,0,793513,9806,5826085,425,13,32544204,52,5057156
139869,11,12,2020,6,14,5,3,2,2,0,1,1,0,0,0,0,0,793409,619,5836082,397,13,33274274,52,5953891
139870,11,7,2020,6,14,6,3,0,3,0,1,1,0,0,0,0,1,796996,8981,5819494,368,13,37073823,52,44474841
139871,11,9,2020,6,15,2,3,3,6,0,1,0,0,0,0,1,0,821016,5744,5818281,953,13,72180372,52,42031542
139872,11,3,2020,6,21,6,3,0,2,1,1,1,0,0,0,0,0,800157,9352,5831671,39,13,42808133,52,55216994
139873,11,4,2020,6,14,3,3,5,2,0,1,1,0,0,0,0,0,792668,555,5823055,776,13,3103603,52,47900976
139874,11,9,2020,6,19,6,3,0,1,0,1,0,0,0,0,0,1,802605,2039,5824486,523,13,4575307,52,48641861
139875,11,4,2020,6,10,5,3,2,6,0,0,1,0,0,0,1,0,792759,7948,5821814,512,13,31061046,52,46783321
139876,11,10,2020,6,15,6,2,5,3,0,1,1,0,0,0,0,0,810058,5262,5833176,451,13,57504761,52,56011239
139877,11,9,2020,6,17,2,3,4,6,0,1,0,0,0,0,0,0,810507,7312,5819991,585,13,56936004,52,44170008
139878,11,4,2020,6,19,6,3,1,5,1,0,1,0,1,0,0,1,793696,3642,5824497,552,13,32672125,52,4913829
139879,11,1,2020,6,21,4,3,2,6,1,0,1,0,1,0,0,0,798029,8284,5828917,878,13,39431725,52,52865697
139880,11,9,2020,6,14,5,3,2,6,0,0,1,0,0,0,0,0,815201,5017,5824376,866,13,64232859,52,47831055
139881,11,9,2020,6,7,3,2,2,6,0,0,1,0,0,0,0,0,803523,6957,5823549,279,13,47016263,52,47750841
139882,11,7,2020,6,19,2,3,2,6,0,0,1,0,0,0,0,0,797273,326,5820992,838,13,37612713,52,45803054
139883,11,1,2020,6,19,6,3,4,3,0,1,0,0,0,0,1,1,796704,6178,5831646,66,13,3772767,52,55384037
139884,11,8,2020,6,11,4,3,6,4,0,0,1,1,0,0,0,0,802126,4842,5823668,876,13,44976104,52,47935508
139885,11,1,2020,6,19,5,3,5,2,0,1,1,0,0,0,0,0,795521,6608,5830728,955,13,35906284,52,54625714
139886,11,2,2020,6,13,2,3,0,1,0,1,0,0,0,0,0,0,800621,2885,5827232,356,13,43088025,52,51212635
139887,11,7,2020,6,18,6,3,5,2,0,1,1,0,0,0,0,0,797709,9657,5819218,644,13,38095312,52,44188906
139888,11,9,2020,6,15,4,2,2,6,0,0,1,0,1,0,0,0,805100,4549,5820627,442,13,49063616,52,45044261
139889,11,9,2020,6,17,3,3,5,3,0,1,0,0,0,0,1,0,807837,2589,5816224,143,13,52672877,52,40944521
139890,11,2,2020,6,18,4,3,5,2,0,1,1,0,0,0,0,0,802440,972,5827416,69,13,45778028,52,51277266
139891,11,10,2020,6,6,3,3,0,2,0,1,1,0,0,0,0,0,810690,9509,5832009,971,13,58325523,52,54929873
139892,11,11,2020,6,10,2,2,5,2,0,0,1,0,1,0,0,0,803105,59,5830493,811,13,470341,52,53998365
139893,11,8,2020,6,18,6,3,2,6,0,0,1,0,0,0,0,0,800507,887,5824452,781,13,42670623,52,48727457
139894,11,6,2020,6,9,4,3,5,2,0,0,1,0,0,0,1,0,789557,7216,5817363,343,13,25974677,52,42963333
139895,11,2,2020,6,18,5,3,3,6,0,1,0,0,0,0,0,0,800378,4341,5825781,191,13,42600313,52,49925285
139896,11,3,2020,6,21,1,3,0,7,1,1,1,0,0,0,0,0,798938,9523,5829961,273,13,4086172,52,53751169
139897,11,4,2020,6,17,6,3,3,6,0,0,1,0,0,1,0,1,791195,7012,5829044,731,13,29397334,52,53348784
139898,11,4,2020,6,13,4,3,5,2,0,0,1,0,1,0,0,0,792438,4892,5824111,484,13,3079085,52,48859723
139899,11,11,2020,6,19,3,2,3,6,0,1,0,0,0,1,0,0,803171,3855,5831344,956,13,47209277,52,54757534
139900,11,7,2020,6,18,2,3,6,4,0,0,1,1,0,0,0,0,800447,502,5814110,961,13,41652219,52,39460884
139901,11,3,2020,6,17,6,3,1,5,0,1,1,0,0,0,0,0,801523,6754,5831339,254,13,44786198,52,5484387
139902,11,2,2020,6,15,7,3,5,3,0,1,1,0,0,0,0,1,800678,2831,5825795,4,13,43041946,52,49921153
139903,11,1,2020,6,15,2,2,6,7,0,0,0,1,0,0,1,0,797075,7594,5832300,513,13,38331994,52,55949906
139904,11,2,2020,6,16,6,3,5,2,0,1,1,0,0,0,0,1,799291,8485,5826221,11,13,41043947,52,50379219
139905,11,3,2020,6,15,7,3,5,2,0,1,1,0,0,0,0,1,798131,6167,5835469,495,13,40169824,52,58732737
139906,11,10,2020,6,8,4,3,5,2,0,0,1,0,0,0,0,0,809024,81,5830220,1,13,55709648,52,53420537
139907,11,3,2020,6,16,5,3,6,4,0,0,1,1,0,0,0,0,800246,3686,5831947,69,13,42963102,52,55459218
139908,11,9,2020,6,14,1,2,5,2,0,0,1,0,0,0,0,0,807658,1275,5819376,412,13,52700246,52,43779733
139909,11,2,2020,6,19,3,3,5,2,0,1,1,0,0,0,0,0,797094,148,5824482,434,13,37660602,52,48940876
139910,11,3,2020,6,11,1,2,5,3,0,1,1,0,0,0,0,0,800056,2914,5831261,545,13,42621635,52,54855239
139911,11,6,2020,6,14,3,3,2,6,0,0,1,0,0,0,0,0,794267,3442,5820307,579,13,33141051,52,45351434
139912,11,7,2020,6,12,5,3,2,7,0,1,1,0,0,0,1,0,799591,3771,5814693,8,13,40449823,52,40029572
139913,11,6,2020,6,15,6,3,1,5,0,1,1,0,0,0,0,1,791034,1927,5819944,909,13,28364996,52,45199401
139914,11,6,2020,6,17,2,3,5,2,0,1,1,0,0,0,0,0,794697,3542,5821611,7,13,33887096,52,46496778
139915,11,4,2020,6,16,6,2,6,4,0,0,1,1,0,0,0,0,792554,484,5827370,371,13,31246892,52,51775034
139916,11,3,2020,6,14,7,3,0,2,0,0,1,0,1,0,0,1,799992,7048,5834944,148,13,4286113,52,58159548
139917,11,1,2020,6,22,4,2,0,1,2,1,0,0,0,0,0,0,797711,6265,5829672,264,13,39031612,52,53559296
139918,11,9,2020,6,15,5,3,0,3,0,0,1,0,1,0,0,0,809133,4257,5818827,397,13,54812885,52,43204526
139919,11,8,2020,6,10,1,3,5,7,0,1,1,0,0,0,0,0,801994,4169,5822418,239,13,44669,52,46821849
139920,11,1,2020,6,9,3,3,2,2,0,0,1,0,1,0,0,0,797912,1047,5828327,431,13,39205802,52,52342871
139921,11,8,2020,6,7,4,3,0,7,0,0,1,0,0,0,0,0,801096,2452,5823594,25,13,4345694,52,47925315
139922,11,7,2020,6,20,5,2,1,5,0,0,1,0,1,0,0,0,799267,3327,5821748,969,13,40606464,52,46372004
139923,11,2,2020,6,20,1,3,2,6,0,0,1,0,0,0,0,0,799254,924,5825632,16,13,40936794,52,49853425
139924,11,8,2020,6,11,3,3,3,6,0,0,1,0,0,0,0,0,800997,6216,5820582,427,13,43040521,52,45231354
139925,11,5,2020,6,13,6,3,6,7,0,1,0,1,0,0,0,0,782816,7371,5827120,383,13,16914105,52,52064614
139926,11,10,2020,6,13,3,3,6,4,0,1,0,1,0,0,0,0,811823,5896,5830765,893,13,59873758,52,53750324
139927,11,2,2020,6,15,6,3,5,2,0,1,1,0,0,0,0,1,800788,1933,5825815,481,13,43205219,52,49933451
139928,11,6,2020,6,8,5,3,5,2,0,1,0,0,0,0,1,0,792659,6966,5821780,114,13,30911097,52,46757847
139929,11,1,2020,6,14,6,3,5,2,0,1,1,0,0,0,0,0,795466,2009,5827764,898,13,35561255,52,519717
139930,11,3,2020,6,6,2,3,0,5,0,0,0,0,1,0,1,0,799650,4311,5831868,927,13,42079691,52,55421995
139931,11,7,2020,6,14,6,3,5,3,0,1,1,0,0,0,0,0,796462,494,5815476,907,13,35933749,52,4090249
139932,11,3,2020,6,19,4,3,5,3,0,0,1,0,1,0,0,0,800054,814,5831273,526,13,42620545,52,54866059
139933,11,8,2020,6,18,1,3,0,5,0,1,0,0,0,0,1,0,800561,5485,5825112,333,13,42808903,52,49315683
139934,11,4,2020,6,7,3,3,2,6,0,0,1,0,0,0,0,0,789490,4149,5826609,632,13,26678356,52,5125651
139935,11,11,2020,6,11,2,3,2,6,0,0,1,0,1,0,0,0,806113,7925,5830141,763,13,51424201,52,53514677
139936,11,6,2020,6,14,6,3,5,3,0,1,1,0,0,0,0,0,790289,1603,5814823,79,13,26827109,52,40647135
139937,11,6,2020,6,11,4,3,9,1,0,0,0,0,1,0,0,0,792521,1735,5816455,833,13,30241636,52,41992105
139938,11,4,2020,6,11,2,3,3,6,0,1,0,0,0,0,1,0,794037,358,5826212,945,13,33324361,52,50657693
139939,11,4,2020,6,14,6,3,5,3,0,0,1,0,0,0,0,0,791337,8783,5828707,921,13,29576828,52,5303924
139940,11,1,2020,6,11,4,3,0,1,0,1,0,0,0,0,0,0,797508,4603,5828784,196,13,38653479,52,52774345
139941,11,4,2020,6,13,6,3,0,1,0,0,0,0,1,0,0,0,794341,8541,5823921,828,13,33569253,52,48587417
139942,11,5,2020,6,14,2,3,0,1,0,0,0,0,1,0,0,0,785346,5025,5828611,763,13,20760469,52,53269976
139943,11,9,2020,6,13,6,2,0,2,0,0,1,0,0,0,1,0,810076,2062,5820412,743,13,56342251,52,44571923
139944,11,12,2020,6,17,4,2,5,3,0,0,1,0,1,0,0,0,792304,6645,5833695,42,13,3143705,52,57458257
139945,11,1,2020,6,19,1,3,5,3,0,1,1,0,0,0,0,0,793819,5418,5831769,373,13,33495493,52,5565045
139946,11,8,2020,6,17,3,3,1,5,0,1,1,0,0,0,0,0,804228,1443,5819180,61,13,47652233,52,43796105
139947,11,1,2020,6,9,2,3,0,1,0,1,0,0,0,0,0,0,799592,2688,5828711,3,13,4170944,52,52594892
139948,11,4,2020,6,10,6,3,0,1,0,0,0,0,1,0,0,0,791132,13,5829138,44,13,29312086,52,53436188