OBJECTID,LAND,BEZ,UJAHR,UMONAT,USTUNDE,UWOCHENTAG,UKATEGORIE,UART,UTYP1,ULICHTVERH,IstRad,IstPKW,IstFuss,IstKrad,IstGkfz,IstSonstige,USTRZUSTAND,LINREFX,LINREFY,XGCSWGS84,YGCSWGS84,,,,
140395,11,4,2020,7,9,6,3,6,2,0,0,1,1,0,0,0,0,792609,9175,5824955,974,13,31116771,52,49607601
140396,11,10,2020,7,16,6,3,0,4,2,0,1,1,0,0,0,0,811762,2531,5831779,135,13,59878696,52,54661815
140397,11,1,2020,7,17,3,3,2,6,0,0,1,0,0,0,0,0,795215,1163,5826605,134,13,35089384,52,5094566
140398,11,2,2020,7,18,3,3,0,1,0,0,1,0,1,0,0,0,803368,104,5826804,401,13,47084241,52,50677
140399,11,7,2020,7,10,1,3,1,5,0,1,1,0,0,0,0,0,795515,9588,5815986,186,13,34591224,52,41410204
140400,11,3,2020,7,15,2,3,5,2,0,1,1,0,0,0,0,0,802306,9331,5829215,134,13,4574456,52,52896633
140401,11,8,2020,7,16,5,3,2,6,0,0,1,0,0,0,0,1,801478,5909,5823012,625,13,43965669,52,473831
140402,11,7,2020,7,16,3,3,5,2,0,0,1,0,0,0,0,0,796261,5935,5822942,688,13,36301169,52,47605872
140403,11,9,2020,7,22,4,3,0,1,2,1,0,0,0,0,0,0,806903,3277,5821183,42,13,51759309,52,45441299
140404,11,5,2020,7,18,4,3,2,6,0,0,1,0,0,0,0,1,787914,1128,5829321,9,13,24596761,52,53770822
140405,11,8,2020,7,8,1,3,5,3,0,1,1,0,0,0,0,0,801236,5052,5819770,29,13,43317757,52,44490249
140406,11,7,2020,7,16,3,3,5,2,0,1,1,0,0,0,0,0,795412,4305,5821006,578,13,34883122,52,45916276
140407,11,3,2020,7,12,3,2,7,7,0,0,0,0,1,0,0,0,798461,2662,5837324,47,13,408221,52,60376977
140408,11,6,2020,7,17,1,3,6,4,0,0,1,1,0,0,0,0,792564,3567,5819608,209,13,3058082,52,44815874
140409,11,1,2020,7,16,3,3,2,6,0,0,1,0,0,0,1,0,794200,9553,5830352,158,13,33930903,52,54359422
140410,11,10,2020,7,10,2,3,0,3,0,0,0,0,0,0,1,0,812929,4695,5827925,439,13,61231702,52,5114161
140411,11,9,2020,7,15,1,3,3,1,0,0,1,0,1,0,0,0,809887,2542,5819242,562,13,55956627,52,43533941
140412,11,11,2020,7,13,5,3,2,6,0,0,1,0,0,0,0,1,805346,9129,5833272,424,13,50584953,52,56363494
140413,11,10,2020,7,16,3,3,0,2,0,1,0,0,0,0,1,0,806627,1589,5830238,93,13,52187586,52,53572153
140414,11,5,2020,7,16,4,3,5,2,0,0,1,0,1,0,0,0,787908,458,5829398,734,13,24594575,52,53840827
140415,11,10,2020,7,14,4,3,5,3,0,0,1,0,1,0,0,1,811332,7731,5828399,483,13,58930878,52,51657775
140416,11,1,2020,7,16,3,3,5,3,0,1,1,0,0,0,0,0,795384,6283,5826004,538,13,35285138,52,50398096
140417,11,1,2020,7,18,4,3,5,2,0,1,1,0,0,0,0,0,798633,3971,5828821,535,13,40310154,52,52746309
140418,11,12,2020,7,16,4,3,5,2,0,1,1,0,0,0,0,1,793552,36,5832377,256,13,33155769,52,56209809
140419,11,11,2020,7,14,3,3,0,3,0,0,0,0,1,0,1,0,805994,5168,5826987,974,13,50958781,52,50694859
140420,11,3,2020,7,10,3,3,5,3,0,1,1,0,0,0,0,0,803005,309,5839505,404,13,47711235,52,62080699
140421,11,7,2020,7,14,1,3,1,1,0,0,1,0,1,0,0,0,798924,3609,5813492,894,13,39365267,52,38990184
140422,11,4,2020,7,14,3,3,0,3,0,0,1,0,1,0,0,0,792328,814,5824062,936,13,30625525,52,48822075
140423,11,6,2020,7,9,2,3,2,6,0,0,1,0,0,0,0,0,795297,932,5821056,183,13,3471825,52,45966977
140424,11,10,2020,7,13,1,3,3,6,0,0,1,0,0,0,0,0,806704,5585,5830265,622,13,52303883,52,5359247
140425,11,9,2020,7,5,5,3,5,3,0,1,1,0,0,0,0,0,806067,2768,5823415,185,13,50737492,52,47488718
140426,11,11,2020,7,14,3,3,5,3,0,1,1,0,0,0,0,0,805881,6282,5824458,985,13,50560761,52,48434615
140427,11,2,2020,7,15,4,3,2,7,0,0,1,0,1,0,0,0,797669,8317,5825845,261,13,38627744,52,50131134
140428,11,12,2020,7,12,4,3,5,3,0,0,1,0,0,0,0,1,787041,2462,5836813,796,13,239619,52,60534525
140429,11,9,2020,7,14,3,3,2,6,0,0,1,0,0,0,0,0,810014,5022,5820402,474,13,562508,52,44566219
140430,11,10,2020,7,6,3,3,5,2,0,1,1,0,0,0,0,0,808087,3942,5832324,462,13,54527176,52,55359579
140431,11,5,2020,7,13,1,3,1,1,0,0,1,0,0,0,0,0,781874,284,5829138,261,13,1569987,52,53922743
140432,11,7,2020,7,15,2,3,0,3,0,0,1,0,0,0,1,0,798634,245,5819886,564,13,39510795,52,44737221
140433,11,7,2020,7,13,3,2,5,3,0,0,1,0,0,0,0,0,796826,5395,5822175,667,13,3706228,52,46887636
140434,11,10,2020,7,17,2,3,5,3,0,1,1,0,0,0,0,0,808899,1313,5828657,88,13,55379761,52,52027011
140435,11,10,2020,7,13,1,3,2,6,0,1,0,0,0,0,0,0,809971,1702,5832034,158,13,57269654,52,54992549
140436,11,12,2020,7,9,3,3,3,6,0,1,1,0,0,0,0,0,794553,5289,5833462,655,13,34725347,52,57128695
140437,11,8,2020,7,11,1,3,1,5,0,0,0,0,1,0,1,0,799324,946,5816281,339,13,40201354,52,41467824
140438,11,4,2020,7,13,3,2,5,3,0,1,1,0,0,0,0,0,790538,45,5825130,855,13,28088722,52,49875073
140439,11,7,2020,7,8,2,3,6,7,0,0,0,1,0,0,1,0,795643,503,5816072,249,13,34785145,52,41480492
140440,11,4,2020,7,14,1,2,1,5,0,1,1,0,0,0,0,0,789609,4816,5824598,917,13,26678424,52,49447536
140441,11,10,2020,7,9,5,2,6,4,0,0,1,1,0,0,0,0,806798,523,5830313,506,13,52445713,52,53630122
140442,11,6,2020,7,13,3,3,8,1,0,1,0,0,0,0,0,0,793900,3928,5820779,187,13,32644109,52,45793955
140443,11,5,2020,7,13,4,3,2,6,0,0,1,0,0,0,0,0,785198,6008,5829357,684,13,20607035,52,53946503
140444,11,4,2020,7,5,4,3,5,7,0,0,1,0,1,0,0,0,791009,4703,5830675,716,13,29266419,52,54820891
140445,11,4,2020,7,12,3,3,2,6,0,0,1,0,0,0,0,0,792298,522,5825863,307,13,30738333,52,50437716
140446,11,11,2020,7,19,3,3,1,7,1,1,1,0,0,0,0,0,804157,7107,5828052,351,13,48358098,52,51751532
140447,11,8,2020,7,17,1,2,5,3,0,1,1,0,0,0,0,0,801745,1015,5822047,577,13,4426958,52,46503393
140448,11,11,2020,7,15,2,3,2,2,0,0,1,0,0,0,1,0,806487,4298,5833031,242,13,52239991,52,56083266
140449,11,8,2020,7,17,5,3,1,5,0,1,1,0,0,0,0,1,800975,349,5822229,537,13,43155884,52,46708962
140450,11,2,2020,7,8,3,3,1,5,0,1,1,0,0,0,0,0,798877,29,5825178,443,13,40341446,52,49467424
140451,11,9,2020,7,20,4,3,0,5,0,1,1,0,0,0,0,0,809270,867,5819268,349,13,55055192,52,43591936
140452,11,2,2020,7,18,4,3,0,1,0,1,0,0,0,0,0,1,800344,467,5828435,398,13,42789328,52,52306231
140453,11,6,2020,7,17,1,2,3,6,0,0,1,0,1,0,0,0,787521,3422,5817454,428,13,22995642,52,43152404
140454,11,2,2020,7,8,4,3,0,6,0,1,1,0,0,0,0,0,797799,1688,5825949,398,13,38827032,52,50217424
140455,11,11,2020,7,20,5,3,4,6,1,1,0,0,0,0,0,0,802550,9739,5829316,637,13,46112445,52,52974071
140456,11,6,2020,7,9,4,3,0,4,0,0,0,1,0,0,1,0,795186,4145,5819788,508,13,34443766,52,44836562
140457,11,9,2020,7,16,3,3,5,2,0,1,1,0,0,0,0,0,811800,665,5820004,219,13,58832346,52,44107803
140458,11,1,2020,7,8,3,3,6,4,0,0,1,1,0,0,0,0,797303,42,5832281,822,13,38664604,52,55920748
140459,11,2,2020,7,17,3,3,2,6,0,0,1,0,0,0,0,0,799686,8087,5825673,627,13,41574833,52,49866895
140460,11,6,2020,7,11,7,3,5,7,0,0,1,0,1,0,0,0,785022,2268,5817565,132,13,19339169,52,43382452
140461,11,11,2020,7,14,2,3,5,3,0,0,1,0,0,0,0,0,804680,5761,5830714,645,13,49370252,52,54108428
140462,11,9,2020,7,16,5,3,0,2,0,0,1,0,1,0,0,1,811583,192,5820381,848,13,58549522,52,44458574
140463,11,3,2020,7,8,3,3,0,2,0,1,0,0,0,0,1,0,798825,6331,5831633,101,13,40845546,52,55255929
140464,11,2,2020,7,20,4,3,5,2,0,1,0,0,0,0,1,1,799788,6723,5825699,13,13,41726735,52,49884159
140465,11,7,2020,7,17,4,3,2,7,0,1,1,0,0,0,0,1,796281,5558,5823076,141,13,36342331,52,47724419
140466,11,8,2020,7,11,7,3,6,7,0,1,0,1,0,0,0,0,801147,8432,5823763,37,13,43547951,52,4807396
140467,11,1,2020,7,8,3,3,5,2,0,1,0,0,1,0,0,0,797349,9954,5832388,949,13,38743261,52,5601421
140468,11,12,2020,7,12,3,3,5,2,0,1,0,0,0,0,1,0,791381,2616,5833126,635,13,30028358,52,56998212
140469,11,1,2020,7,16,7,3,1,7,0,0,1,1,0,0,0,0,796788,851,5829965,746,13,37700214,52,5387274
140470,11,1,2020,7,7,3,3,0,3,0,1,1,0,0,0,0,0,796520,5047,5825884,543,13,36943026,52,50228922
140471,11,10,2020,7,6,2,3,5,3,0,1,0,0,0,0,1,0,811981,4646,5826824,577,13,59736158,52,50209402
140472,11,11,2020,7,14,7,3,2,6,0,0,1,0,0,0,0,0,804440,202,5825747,915,13,48562127,52,49670405
140473,11,5,2020,7,12,5,2,5,3,0,0,1,0,0,0,0,1,785186,1631,5831172,521,13,20744599,52,55574314
140474,11,4,2020,7,15,3,2,6,2,0,0,1,1,0,0,0,0,786924,8941,5825817,13,13,22839959,52,50681437
140475,11,1,2020,7,19,7,3,5,3,0,1,1,0,0,0,0,0,796716,962,5831634,119,13,3774343,52,5537217
140476,11,2,2020,7,7,3,3,5,2,0,1,1,0,0,0,0,0,797472,8399,5824559,62,13,38223536,52,48988942
140477,11,11,2020,7,17,2,3,5,2,0,1,1,0,0,0,0,0,807345,8124,5825226,16,13,52780924,52,49039822
140478,11,11,2020,7,18,7,3,5,3,0,1,1,0,0,0,0,0,804291,7954,5828425,382,13,48589214,52,52078385
140479,11,5,2020,7,14,5,3,5,3,0,0,1,0,0,0,0,1,785726,772,5828367,3,13,21297518,52,5303091
140480,11,12,2020,7,4,3,3,0,2,1,1,1,0,0,0,0,0,793582,9182,5835212,397,13,33452278,52,58749663
140481,11,6,2020,7,17,4,3,5,3,0,1,1,0,0,0,0,0,789050,8898,5816686,52,13,25172763,52,42382907
140482,11,2,2020,7,15,4,3,2,6,0,0,1,0,0,0,1,1,799997,4665,5824443,887,13,41920367,52,48747556
140483,11,10,2020,7,7,3,3,5,3,0,1,1,0,0,0,0,0,810012,451,5832310,96,13,57356102,52,55237481
140484,11,4,2020,7,9,3,3,5,2,0,1,1,0,0,0,0,0,793709,8422,5824868,941,13,32724659,52,49470499
140485,11,1,2020,7,17,7,3,5,2,0,1,1,0,0,0,0,0,799985,2674,5827429,32,13,4217138,52,51424196
140486,11,5,2020,7,23,3,3,1,7,2,0,1,0,0,0,0,1,786278,5075,5831668,867,13,22394232,52,55962009
140487,11,11,2020,7,8,2,3,0,3,0,1,1,0,0,0,0,0,804726,5008,5831203,98,13,49482565,52,54543634
140488,11,5,2020,7,18,7,3,5,3,0,1,1,0,0,0,0,0,783305,76,5830752,597,13,17941583,52,55295988
140489,11,3,2020,7,10,5,3,5,2,0,0,1,0,1,0,0,0,801180,1077,5833189,499,13,44448933,52,5652126
140490,11,8,2020,7,22,3,3,2,6,2,0,1,0,0,0,0,1,802085,4536,5821941,293,13,44759433,52,46389323
140491,11,3,2020,7,14,4,3,5,2,0,1,1,0,0,0,0,0,802061,6517,5832766,667,13,45707054,52,56093443
140492,11,5,2020,7,10,4,3,0,6,0,0,1,0,0,0,0,1,785296,7314,5829288,537,13,20745395,52,5387937
140493,11,12,2020,7,22,3,3,0,2,2,0,1,1,0,0,0,1,792851,7782,5835169,966,13,32372402,52,58751035
140494,11,1,2020,7,11,4,3,5,2,0,1,0,0,0,0,1,0,794646,8246,5831461,117,13,34684876,52,55329426
140495,11,3,2020,7,13,4,3,0,1,0,1,0,0,0,0,0,1,802539,3139,5829311,403,13,46094832,52,52970026
140496,11,4,2020,7,21,3,3,0,7,2,0,0,0,1,0,0,1,792559,4938,5822168,371,13,30798058,52,47111279
140497,11,8,2020,7,7,3,3,2,6,0,0,1,0,0,0,0,0,803208,5431,5822740,429,13,46480126,52,47043381
140498,11,4,2020,7,16,7,3,5,2,0,1,1,0,0,0,0,0,793451,9167,5824380,189,13,32302784,52,49046226
140499,11,11,2020,7,20,3,2,0,1,0,0,0,0,1,0,0,0,805640,1643,5831766,398,13,50877562,52,54997302
140500,11,8,2020,7,7,2,3,1,5,0,1,1,0,0,0,0,0,805045,8858,5818990,783,13,48834161,52,43580423
140501,11,11,2020,7,16,7,3,5,2,0,1,1,0,0,0,0,0,807221,2607,5823930,382,13,5247865,52,47885664
140502,11,2,2020,7,8,5,3,5,2,0,1,1,0,0,0,0,1,798441,1232,5826527,97,13,39821753,52,50700182
140503,11,10,2020,7,11,4,2,5,2,0,0,1,0,0,0,0,0,809347,7444,5834283,414,13,56562807,52,57043671
140504,11,8,2020,7,18,3,3,0,4,0,1,0,1,0,0,0,0,800356,7855,5824312,196,13,42436092,52,4860976
140505,11,5,2020,7,17,3,3,5,2,0,1,1,0,0,0,0,0,789322,9815,5829301,844,13,26666553,52,53679024
140506,11,11,2020,7,18,3,2,5,3,0,1,1,0,0,0,0,0,803816,1714,5829074,363,13,47949661,52,52686565
140507,11,2,2020,7,20,7,3,0,5,0,1,1,0,0,0,0,0,801968,9393,5825631,794,13,44922683,52,49703605
140508,11,1,2020,7,14,2,3,5,7,0,0,1,0,1,0,0,0,795817,9785,5826567,766,13,35971773,52,50879504
140509,11,2,2020,7,16,5,3,0,1,0,1,0,0,0,0,0,1,798478,5897,5824451,8,13,39690752,52,48837188
140510,11,11,2020,7,18,3,2,6,4,0,0,1,1,0,0,0,0,806756,4941,5825676,1,13,51957107,52,49476263
140511,11,4,2020,7,22,3,3,6,7,2,1,0,1,0,0,0,0,792730,5292,5826204,352,13,31403669,52,50720267
140512,11,1,2020,7,16,7,3,6,4,0,0,0,1,0,0,1,0,799221,49,5828940,807,13,41185191,52,52820972
140513,11,9,2020,7,14,2,3,5,2,0,1,1,0,0,0,0,0,802359,9734,5825338,753,13,45470346,52,49419303
140514,11,4,2020,7,18,5,2,0,7,0,1,0,0,0,0,0,1,790434,5051,5824170,852,13,2785293,52,49019931
140515,11,4,2020,7,19,3,3,5,3,0,1,0,0,0,0,0,0,793493,7903,5826491,609,13,32550354,52,50936772
140516,11,7,2020,7,17,2,3,5,3,0,1,0,0,1,0,0,0,800929,519,5814186,112,13,42364549,52,39501813
140517,11,8,2020,7,17,4,3,3,6,0,1,0,0,0,0,1,0,802262,6261,5823860,365,13,45193317,52,48099608
140518,11,6,2020,7,18,2,3,5,2,0,1,1,0,0,0,0,0,793213,2492,5816448,755,13,31255798,52,41948724
140519,11,5,2020,7,6,4,2,5,3,0,0,1,0,0,0,0,0,783467,7904,5830708,212,13,18177141,52,55247726
140520,11,5,2020,7,15,3,3,5,7,0,1,1,0,0,0,0,0,784726,6538,5827559,101,13,19758983,52,52358574
140521,11,9,2020,7,17,3,2,0,1,0,1,0,0,0,0,0,0,804411,2323,5823886,503,13,48349832,52,48003689
140522,11,2,2020,7,23,2,2,5,2,2,0,1,0,1,0,0,0,797756,3258,5824034,401,13,38592953,52,48503189
140523,11,1,2020,7,15,7,3,5,3,0,1,1,0,0,0,0,0,796992,389,5826607,827,13,37700697,52,50851607
140524,11,11,2020,7,14,2,3,5,2,0,1,1,0,0,0,0,0,805295,3225,5832050,634,13,50396698,52,55271381
140525,11,1,2020,7,15,5,3,1,5,0,0,1,0,0,0,0,1,799607,5929,5828009,801,13,41668768,52,51965266
140526,11,11,2020,7,17,3,2,5,3,0,1,1,0,0,0,0,0,804666,31,5825590,64,13,48879585,52,49516318
140527,11,2,2020,7,17,2,3,1,5,0,1,1,0,0,0,0,0,800969,475,5826777,407,13,43558412,52,50785654
140528,11,4,2020,7,18,4,2,0,7,0,1,0,0,0,0,0,0,793785,4092,5826308,111,13,32962613,52,50756578
140529,11,4,2020,7,16,4,3,5,2,0,1,1,0,0,0,0,1,793708,3512,5823948,602,13,32641347,52,48645535
140530,11,5,2020,7,17,3,3,2,2,0,0,0,0,1,0,1,0,782099,8425,5820235,302,13,15277416,52,45928209
140531,11,4,2020,7,18,2,3,2,6,0,0,1,0,0,0,0,0,792681,1451,5825453,738,13,31265133,52,50050013
140532,11,4,2020,7,22,4,3,0,1,2,0,1,0,1,0,0,1,794179,5258,5825980,31,13,33512666,52,50441485
140533,11,1,2020,7,0,4,3,0,1,2,1,0,0,0,0,0,0,798659,371,5828525,395,13,40321238,52,52479456
140534,11,6,2020,7,14,7,3,2,6,0,1,1,0,0,0,0,0,784454,5638,5816431,889,13,18410019,52,42395902
140535,11,1,2020,7,22,3,1,6,4,2,0,1,1,0,0,0,0,796816,1844,5831270,685,13,3785813,52,5504094
140536,11,9,2020,7,14,3,3,2,6,0,0,1,0,0,0,0,0,814204,9937,5821574,76,13,62506511,52,45376915
140537,11,3,2020,7,14,7,3,3,6,0,1,0,0,0,0,0,0,799194,423,5831007,812,13,41331515,52,5467521
140538,11,3,2020,7,19,2,3,5,3,0,0,1,0,0,0,0,0,804016,7347,5838913,813,13,49146321,52,61493998
140539,11,1,2020,7,21,2,3,2,2,2,1,1,0,0,0,0,0,797539,2052,5828717,945,13,38692737,52,52713281
140540,11,2,2020,7,10,7,3,2,6,0,0,1,0,0,0,0,0,800101,3332,5825740,401,13,42189658,52,49903968
140541,11,10,2020,7,13,5,3,0,3,0,0,0,0,0,0,1,1,806683,4676,5829147,33,13,52169694,52,52591163
140542,11,10,2020,7,16,2,3,7,7,0,1,0,0,0,0,0,0,808598,8605,5826467,372,13,54735599,52,50081623
140543,11,3,2020,7,18,2,3,5,3,0,1,0,0,0,0,0,0,799426,27,5830820,929,13,41655553,52,54494962
140544,11,4,2020,7,16,4,3,2,2,0,0,1,0,0,0,0,0,792055,6585,5822464,852,13,30084384,52,47404032
140545,11,2,2020,7,15,4,3,5,3,0,1,1,0,0,0,0,1,799281,264,5826219,832,13,41028293,52,50378743
140546,11,11,2020,7,11,2,3,5,3,0,0,1,0,0,0,1,0,806125,7838,5832010,961,13,51614073,52,55189216
140547,11,1,2020,7,9,3,3,1,5,0,1,1,0,0,0,0,0,798597,3877,5829529,38,13,40320779,52,53382458
140548,11,6,2020,7,9,7,3,1,5,0,1,1,0,0,0,0,0,794332,3245,5819569,708,13,33171379,52,44686466
140549,11,8,2020,7,7,2,2,6,2,0,0,1,1,0,0,0,0,801088,3973,5821953,879,13,43297385,52,46455634
140550,11,12,2020,7,21,2,3,5,2,0,1,1,0,0,0,0,0,795786,906,5832580,132,13,3646124,52,56270719
140551,11,12,2020,7,10,3,3,0,2,0,1,1,0,0,0,0,0,793377,53,5833163,852,13,32968683,52,56924349
140552,11,4,2020,7,19,7,2,5,3,0,1,1,0,0,0,0,0,793034,4036,5824459,692,13,31696608,52,49139925
140553,11,11,2020,7,22,2,3,6,4,2,0,1,1,0,0,0,0,804978,1196,5832995,894,13,50017154,52,56136327
140554,11,4,2020,7,11,2,2,6,7,0,0,0,1,0,0,1,0,791487,6257,5824025,65,13,29386907,52,48833627
140555,11,3,2020,7,18,7,2,2,7,0,0,1,0,0,0,0,1,798844,5064,5834954,842,13,41172553,52,58232318
140556,11,6,2020,7,11,5,3,5,2,0,1,1,0,0,0,0,0,794115,9122,5817425,126,13,32665167,52,42775573
140557,11,7,2020,7,19,2,3,2,6,0,0,1,0,0,0,0,1,798356,1895,5823947,819,13,39465977,52,48392833
140558,11,6,2020,7,19,2,3,5,2,0,0,1,0,0,0,0,0,795355,2809,5818450,988,13,34573302,52,43628435
140559,11,4,2020,7,15,4,3,5,2,0,0,1,0,0,0,0,0,793352,6884,5829679,98,13,32624285,52,53802588
140560,11,12,2020,7,12,4,2,5,2,0,0,1,0,1,0,0,1,792607,9697,5837532,688,13,3222235,52,60882209
140561,11,5,2020,7,19,2,2,2,6,0,0,1,0,1,0,0,0,784724,9001,5828629,759,13,19848098,52,53318619
140562,11,4,2020,7,7,3,3,0,1,0,1,0,0,0,0,0,0,792895,416,5824307,859,13,31478587,52,49011291
140563,11,1,2020,7,15,7,2,0,1,0,1,0,0,0,0,0,0,798274,4552,5829365,938,13,39831463,52,53253942
140564,11,9,2020,7,13,2,3,2,6,0,0,1,0,0,0,0,0,810675,5406,5820307,836,13,57211496,52,4444389
140565,11,5,2020,7,19,2,3,2,7,0,0,1,0,0,0,0,0,780986,3035,5827993,568,13,14297249,52,52942203
140566,11,10,2020,7,17,2,3,2,5,0,0,1,0,0,0,0,0,808873,2229,5832737,153,13,5572094,52,55684914
140567,11,5,2020,7,20,6,3,2,6,0,0,1,0,0,0,0,0,785197,73,5831565,976,13,2079436,52,55926512
140568,11,7,2020,7,22,5,3,0,3,2,0,1,0,1,0,0,1,793966,3113,5822008,746,13,32849146,52,46892658
140569,11,2,2020,7,8,2,3,2,2,0,1,1,0,0,0,0,0,802904,103,5827850,781,13,46497781,52,51640642
140570,11,2,2020,7,17,6,2,6,2,0,0,1,1,0,0,0,0,798188,6915,5826507,89,13,39449206,52,50696769
140571,11,1,2020,7,10,5,3,1,5,0,1,1,0,0,0,0,0,795128,6033,5829492,648,13,35218506,52,53538773
140572,11,4,2020,7,18,2,3,5,2,0,0,1,0,1,0,0,0,793075,4891,5824907,386,13,31796331,52,49539062
140573,11,1,2020,7,14,4,3,5,2,0,1,1,0,0,0,0,0,797142,281,5831886,608,13,38392779,52,55575262
140574,11,6,2020,7,8,4,3,5,3,0,0,1,0,0,0,0,1,792496,5937,5819656,273,13,30485604,52,44862588
140575,11,6,2020,7,18,2,3,5,2,0,0,1,0,1,0,0,0,791925,9458,5817834,405,13,29489165,52,43259784
140576,11,6,2020,7,20,3,2,0,1,0,0,0,0,1,0,0,0,786836,837,5817455,213,13,21991648,52,43189044
140577,11,12,2020,7,16,6,3,2,6,0,0,1,0,0,0,0,1,793416,2317,5832473,593,13,32964569,52,56303488
140578,11,8,2020,7,12,2,2,2,2,0,0,1,0,0,0,1,0,802473,5656,5820697,773,13,45216316,52,45253274
140579,11,6,2020,7,17,5,3,2,2,0,0,1,0,0,0,1,1,796232,9505,5818607,371,13,35874476,52,43721157
140580,11,3,2020,7,16,2,3,5,2,0,1,0,0,0,0,0,1,800196,142,5830928,884,13,42797194,52,54549361
140581,11,6,2020,7,19,2,3,5,3,0,0,1,0,1,0,0,0,793466,678,5821463,332,13,3206777,52,46430575
140582,11,8,2020,7,10,4,3,1,5,0,1,1,0,0,0,0,0,802291,5268,5822839,454,13,45143209,52,47182958
140583,11,9,2020,7,19,4,3,5,3,0,1,1,0,0,0,0,1,811102,1108,5820276,826,13,57834205,52,44391848
140584,11,8,2020,7,20,2,3,0,3,1,1,1,0,0,0,0,0,801974,8123,5824039,361,13,44787005,52,48275967
140585,11,4,2020,7,8,4,3,5,3,0,1,1,0,0,0,0,0,793353,7599,5822576,665,13,31999928,52,47434706
140586,11,4,2020,7,15,3,3,0,1,0,1,1,0,0,0,0,0,791678,224,5825321,857,13,29780008,52,49985494
140587,11,5,2020,7,17,2,3,0,6,0,0,1,0,0,0,1,0,783849,4445,5828694,489,13,18566452,52,53422321
140588,11,2,2020,7,9,4,3,0,1,0,1,0,0,0,0,0,0,799226,7646,5825611,946,13,4089362,52,4983685
140589,11,1,2020,7,13,3,3,5,3,0,1,1,0,0,0,0,0,799122,1054,5828521,266,13,41001385,52,5245037
140590,11,9,2020,7,17,2,2,0,1,0,1,0,0,0,0,0,1,810801,4325,5820318,508,13,57397119,52,444463
140591,11,5,2020,7,17,3,2,5,3,0,1,1,0,0,0,0,0,785193,9425,5833804,467,13,20982338,52,57933664
140592,11,9,2020,7,15,6,3,2,6,0,0,1,0,0,0,1,1,806946,7049,5823356,29,13,52022789,52,47386353
140593,11,4,2020,7,10,2,2,2,2,0,1,1,0,0,0,0,0,790031,9459,5823001,544,13,27159946,52,47993025
140594,11,8,2020,7,16,5,2,6,4,0,0,1,1,0,0,0,1,804016,8118,5819158,7,13,47340307,52,43788218
140595,11,9,2020,7,17,2,3,5,3,0,1,1,0,0,0,0,1,810799,6456,5818208,964,13,57198393,52,42555903
140596,11,12,2020,7,20,4,3,0,7,0,0,0,0,1,0,0,0,788687,2622,5833271,26,13,26077059,52,57271213
140597,11,11,2020,7,17,4,3,2,6,0,0,1,0,0,0,0,1,805237,147,5832171,492,13,50322272,52,55382958
140598,11,9,2020,7,15,6,2,5,2,0,1,1,0,0,0,0,0,809220,8928,5821510,13,13,55189388,52,45603824
140599,11,3,2020,7,17,2,3,0,3,0,0,1,0,0,0,1,0,803947,3687,5832364,491,13,48443457,52,55628063
140600,11,8,2020,7,12,3,3,2,6,0,1,0,0,0,0,1,0,800594,6988,5821832,835,13,4256196,52,4637432
140601,11,1,2020,7,15,6,3,5,2,0,1,1,0,0,0,0,1,796917,1204,5828129,617,13,37725917,52,52219825
140602,11,1,2020,7,16,2,3,1,5,0,1,1,0,0,0,0,0,798660,8492,5826865,4,13,40174885,52,50991401
140603,11,10,2020,7,6,2,3,5,3,0,0,1,0,0,0,1,0,810584,9172,5825271,3,13,57540541,52,48897094
140604,11,3,2020,7,15,6,3,5,3,0,0,1,0,0,0,0,1,803467,954,5838536,983,13,48303702,52,61186935
140605,11,2,2020,7,12,5,2,0,1,0,0,0,0,1,0,0,1,802886,341,5827170,132,13,46409871,52,51031567
140606,11,9,2020,7,16,2,2,6,4,0,1,0,1,0,0,0,0,810832,8612,5820306,688,13,57442112,52,44433921
140607,11,11,2020,7,17,2,3,5,2,0,1,1,0,0,0,0,0,805694,334,5831384,14,13,50921576,52,5465169
140608,11,11,2020,7,16,4,3,5,2,0,0,1,0,0,0,1,0,805528,1163,5830069,422,13,50556763,52,53482705
140609,11,8,2020,7,18,2,3,0,7,0,0,1,0,0,0,1,0,801322,347,5819546,793,13,43423064,52,44285208
140610,11,5,2020,7,15,6,3,6,2,0,0,1,1,0,0,0,0,784853,6948,5829248,361,13,20090486,52,53866525
140611,11,2,2020,7,14,5,3,2,1,0,0,1,0,0,0,0,1,801080,7715,5824972,365,13,43558724,52,49161612
140612,11,9,2020,7,13,2,3,0,1,0,1,0,0,0,0,1,0,816717,398,5817345,289,13,65790955,52,41442711
140613,11,2,2020,7,18,4,3,0,1,0,1,0,0,0,0,0,0,801874,6519,5826894,247,13,44898663,52,50840368
140614,11,4,2020,7,15,4,3,0,3,0,1,1,0,0,0,0,1,791289,8598,5826076,656,13,29275839,52,50682902
140615,11,1,2020,7,16,2,3,6,4,0,1,0,1,0,0,0,0,797138,5926,5826463,545,13,37902606,52,50714312
140616,11,1,2020,7,10,3,2,5,3,0,1,0,0,0,0,0,0,797055,5317,5828891,334,13,37997365,52,52895081