OBJECTID,LAND,BEZ,UJAHR,UMONAT,USTUNDE,UWOCHENTAG,UKATEGORIE,UART,UTYP1,ULICHTVERH,IstRad,IstPKW,IstFuss,IstKrad,IstGkfz,IstSonstige,USTRZUSTAND,LINREFX,LINREFY,XGCSWGS84,YGCSWGS84,,,,
141062,11,4,2020,7,12,2,3,0,3,0,1,0,0,0,0,1,0,793262,4562,5826099,558,13,3217593,52,50597755
141063,11,11,2020,7,17,5,3,5,2,0,1,1,0,0,0,0,0,806575,557,5827797,14,13,51886727,52,51387432
141064,11,2,2020,7,10,6,3,0,7,0,1,0,0,0,0,0,0,799515,755,5824529,653,13,41220762,52,4885088
141065,11,4,2020,8,16,3,3,2,3,0,1,1,0,0,0,0,0,790844,959,5827245,97,13,28724376,52,51754928
141066,11,1,2020,7,12,3,3,0,6,0,0,1,0,0,0,1,0,796490,4367,5831965,642,13,37441181,52,55681633
141067,11,9,2020,8,13,2,1,9,1,0,0,0,1,0,1,0,0,807243,4939,5818123,291,13,51977058,52,42679955
141068,11,1,2020,8,16,7,3,6,4,0,0,1,1,0,0,0,0,798630,65,5829367,661,13,40355173,52,53235984
141069,11,9,2020,8,7,5,3,3,6,0,0,1,0,1,0,1,0,810254,3694,5821456,451,13,56700493,52,45497157
141070,11,5,2020,7,10,6,3,2,6,0,0,1,0,0,0,1,0,784717,6527,5828569,633,13,19832292,52,53265088
141071,11,9,2020,8,10,2,3,2,2,0,0,1,0,0,0,0,0,812053,6701,5821202,964,13,59316198,52,4516758
141072,11,1,2020,7,13,6,2,0,1,0,1,0,0,0,0,0,0,795676,1513,5828181,324,13,35906799,52,52333611
141073,11,11,2020,8,15,4,2,1,5,0,0,0,0,1,0,1,0,804680,6066,5828701,259,13,4918576,52,5230393
141074,11,12,2020,7,11,3,3,2,6,0,0,1,0,0,0,0,0,791463,3843,5833059,959,13,30143327,52,56934042
141075,11,2,2020,7,10,6,3,5,7,0,1,1,0,0,0,0,0,800705,3084,5827778,154,13,43260782,52,51697216
141076,11,8,2020,8,7,4,2,5,3,0,0,1,0,1,0,0,0,805023,2182,5818884,558,13,48791228,52,4348648
141077,11,12,2020,7,11,3,3,0,1,0,1,0,0,0,0,0,0,792892,124,5836994,828,13,32593184,52,60384747
141078,11,7,2020,7,9,6,3,5,2,0,1,1,0,0,0,0,0,795823,3601,5820991,133,13,35484795,52,45880203
141079,11,2,2020,8,10,3,3,2,6,0,0,1,0,0,0,1,0,801726,61,5826275,342,13,44624218,52,50293861
141080,11,2,2020,7,10,3,2,0,2,0,0,0,0,0,0,1,0,797844,2919,5824926,134,13,38801812,52,49297726
141081,11,9,2020,8,8,7,3,5,3,0,1,0,0,1,0,0,0,811673,1704,5820438,712,13,58686785,52,44504405
141082,11,7,2020,8,13,5,2,5,2,0,1,0,0,0,0,1,0,793904,9077,5822769,126,13,32826008,52,4757761
141083,11,12,2020,7,8,6,3,5,3,0,0,1,0,0,0,0,0,792909,9903,5833008,543,13,32267106,52,56810301
141084,11,10,2020,8,14,4,3,2,2,0,1,1,0,0,0,0,0,811317,7615,5829828,796,13,59042608,52,52939483
141085,11,11,2020,7,5,6,3,5,2,1,1,1,0,0,0,0,0,803526,9761,5829744,999,13,4758591,52,53303745
141086,11,5,2020,8,15,4,3,0,6,0,0,0,0,0,1,1,0,784759,3307,5828727,37,13,19907055,52,53404039
141087,11,12,2020,7,5,6,3,3,2,1,0,1,0,0,1,0,0,793219,8446,5832395,693,13,32668795,52,56244234
141088,11,1,2020,8,19,4,3,3,6,0,0,1,0,1,0,0,0,796104,9021,5831991,359,13,36876457,52,55725661
141089,11,3,2020,7,10,3,3,5,3,0,0,1,0,0,0,0,0,804814,197,5841408,215,13,50550506,52,63684865
141090,11,11,2020,8,8,1,3,5,3,0,1,1,0,0,0,0,0,807664,5064,5833598,912,13,54023554,52,56525627
141091,11,10,2020,8,17,5,3,5,3,0,1,1,0,0,0,0,0,812865,7014,5828233,456,13,61167,52,51421284
141092,11,1,2020,7,1,6,3,5,2,2,1,1,0,0,0,0,0,797901,4297,5828175,989,13,3917655,52,52207705
141093,11,1,2020,8,13,3,3,3,6,0,1,1,0,0,0,0,0,793717,6488,5829120,112,13,33111362,52,53281039
141094,11,7,2020,7,9,3,3,5,2,0,1,0,0,0,0,0,0,794765,3551,5823720,604,13,34173336,52,48384184
141095,11,11,2020,8,11,7,2,0,1,0,1,0,0,0,0,0,0,804346,265,5829081,597,13,48728946,52,52663496
141096,11,2,2020,8,11,5,3,2,2,0,1,1,0,0,0,0,0,801754,1888,5826263,21,13,44664513,52,50281428
141097,11,7,2020,7,0,6,3,0,7,2,0,1,1,0,0,0,0,794807,7758,5825869,776,13,34425801,52,50308489
141098,11,4,2020,8,22,4,3,0,1,2,0,0,0,1,0,0,0,792752,6268,5826109,202,13,31427767,52,50633782
141099,11,2,2020,7,21,6,3,5,2,1,1,0,0,1,0,0,0,801759,5125,5826240,279,13,44670254,52,5026058
141100,11,7,2020,8,19,3,3,5,3,0,0,1,0,0,0,0,0,796607,8755,5821287,676,13,366624,52,46103507
141101,11,9,2020,7,8,3,2,5,3,0,1,1,0,0,0,0,0,809952,737,5821593,775,13,56269787,52,45637372
141102,11,8,2020,8,19,1,3,2,2,0,0,1,0,0,0,0,1,805058,579,5817552,399,13,48721571,52,42290533
141103,11,8,2020,8,6,7,3,1,7,0,0,1,0,0,0,0,0,801491,505,5822591,965,13,43946606,52,4700534
141104,11,12,2020,8,16,5,3,5,2,0,1,1,0,0,0,0,0,793494,965,5832426,37,13,33076181,52,56256613
141105,11,6,2020,7,23,6,2,0,1,2,1,0,0,0,0,0,0,794871,2583,5816435,52,13,33685656,52,41847779
141106,11,7,2020,8,14,2,3,3,6,0,0,1,0,1,0,0,0,797504,473,5820142,777,13,37875546,52,45028506
141107,11,1,2020,7,8,3,3,5,2,0,1,1,0,0,0,0,0,794896,6276,5830252,12,13,34944893,52,54232138
141108,11,5,2020,7,22,6,3,5,2,2,1,1,0,0,0,0,0,783711,8178,5830467,233,13,18515499,52,55018955
141109,11,1,2020,8,22,3,3,1,5,2,0,1,0,1,0,0,0,796909,268,5833068,632,13,38155852,52,56647513
141110,11,11,2020,7,7,3,3,1,5,0,0,1,0,0,0,0,0,805272,1058,5827905,96,13,49981898,52,51558067
141111,11,2,2020,8,6,7,3,1,5,1,0,1,0,0,0,0,0,802080,5376,5826376,21,13,45154078,52,50364484
141112,11,5,2020,8,17,5,3,5,3,0,0,1,0,0,1,0,0,784950,718,5829455,857,13,2025095,52,54047492
141113,11,4,2020,7,21,6,2,0,4,2,0,0,1,1,0,0,0,791249,945,5829731,184,13,29537241,52,53961281
141114,11,9,2020,8,11,3,3,2,6,0,0,1,0,0,0,0,0,804495,4752,5821721,55,13,48275861,52,46058168
141115,11,9,2020,7,6,3,3,5,7,0,0,1,0,1,0,0,0,810628,2264,5821037,47,13,57209947,52,4510045
141116,11,11,2020,7,12,6,2,2,6,0,0,1,0,0,0,0,0,805080,286,5833065,414,13,50173415,52,56192925
141117,11,7,2020,8,9,4,3,1,5,0,1,0,0,0,1,0,0,794965,6394,5824044,597,13,34496094,52,48663808
141118,11,4,2020,7,19,6,3,5,2,0,1,1,0,0,0,0,0,792687,574,5825315,993,13,31262471,52,49926184
141119,11,3,2020,8,6,4,3,5,2,0,1,0,0,0,0,1,0,799655,1505,5829000,672,13,41827929,52,52850812
141120,11,1,2020,7,18,6,3,3,6,0,1,1,0,0,0,0,0,797555,268,5828690,648,13,38713902,52,52687936
141121,11,8,2020,8,17,3,3,2,7,0,0,1,0,0,0,0,0,805607,6874,5817703,472,13,49540378,52,42395296
141122,11,12,2020,7,0,3,2,0,1,2,1,0,0,0,0,0,0,793645,87,5836857,32,13,33689604,52,60220606
141123,11,10,2020,8,19,1,3,2,6,0,0,1,0,0,0,0,0,811145,3565,5829172,198,13,58727845,52,52360926
141124,11,4,2020,8,19,7,3,0,6,0,0,1,0,1,0,0,0,793346,675,5829700,188,13,32616335,52,53821059
141125,11,10,2020,8,9,5,2,4,6,0,0,1,0,0,0,0,0,810377,4679,5833668,302,13,58019743,52,56433835
141126,11,1,2020,7,18,6,3,2,6,0,0,1,0,0,0,0,0,793998,2931,5832012,85,13,33779965,52,55859064
141127,11,5,2020,8,12,2,3,1,5,0,1,1,0,0,0,0,0,785262,1125,5831822,581,13,20912197,52,56153169
141128,11,1,2020,7,18,6,2,5,3,0,1,1,0,0,0,0,0,794895,9401,5827785,791,13,3472509,52,52021298
141129,11,9,2020,8,23,4,3,2,6,2,0,1,0,0,0,0,0,806388,5476,5820819,115,13,50970721,52,45144011
141130,11,9,2020,7,22,3,2,5,2,2,0,1,0,1,0,0,0,807699,9706,5818374,731,13,52669426,52,4287965
141131,11,3,2020,7,17,6,3,5,2,0,1,1,0,0,0,0,0,802342,1839,5829201,715,13,45795145,52,52882651
141132,11,4,2020,8,13,4,2,0,5,0,1,1,0,0,0,0,0,788496,1555,5825879,73,13,2515399,52,50654213
141133,11,5,2020,7,17,6,2,6,7,0,0,0,1,0,1,0,0,789732,5645,5829341,348,13,27272188,52,5369268
141134,11,7,2020,8,12,4,3,1,5,0,1,1,0,0,0,0,0,797943,462,5821256,815,13,38619636,52,46003189
141135,11,2,2020,7,16,6,3,5,3,0,1,1,0,0,0,0,0,799222,2442,5825759,835,13,40900267,52,49969659
141136,11,5,2020,8,13,4,3,2,7,0,0,1,0,0,0,1,0,785302,525,5830834,156,13,20886687,52,55264847
141137,11,7,2020,7,16,6,3,5,7,0,0,1,0,1,0,0,0,799603,567,5815438,304,13,40534349,52,40696906
141138,11,8,2020,8,14,3,3,5,3,0,0,1,0,0,0,0,0,803566,5346,5818641,511,13,46632978,52,43349673
141139,11,5,2020,7,20,3,3,2,2,0,1,1,0,0,0,0,0,784778,4209,5830365,354,13,20075565,52,54871951
141140,11,10,2020,8,19,1,2,5,2,0,0,1,0,0,0,0,0,811308,3823,5828499,694,13,58904425,52,5174897
141141,11,11,2020,8,13,7,3,0,2,0,1,0,0,0,0,0,0,804612,9538,5833363,745,13,49513899,52,56486451
141142,11,9,2020,8,15,5,3,9,1,0,0,0,0,1,0,0,0,816662,984,5817389,907,13,65714139,52,4148589
141143,11,2,2020,7,15,6,3,5,3,0,1,1,0,0,0,0,0,799702,891,5826016,312,13,41628114,52,5017322
141144,11,12,2020,8,9,2,3,6,4,0,0,1,1,0,0,0,0,793574,599,5836122,261,13,3351988,52,59565772
141145,11,3,2020,7,15,6,3,5,3,0,1,1,0,0,0,0,0,800746,9092,5831302,64,13,43640791,52,5485399
141146,11,3,2020,8,15,4,3,2,2,0,0,1,0,0,0,0,0,801133,3451,5835053,986,13,44549467,52,5819499
141147,11,8,2020,7,20,3,3,5,2,1,0,1,0,1,0,0,0,801053,9798,5824925,459,13,43515144,52,49121046
141148,11,9,2020,7,15,6,3,5,2,0,1,1,0,0,0,0,0,808922,655,5817990,711,13,54425704,52,42466627
141149,11,4,2020,8,7,4,3,5,3,0,0,1,0,0,0,1,0,790681,439,5822696,372,13,28086442,52,47684922
141150,11,2,2020,7,20,3,3,5,3,0,1,1,0,0,0,0,0,800983,1102,5826065,6,13,43514041,52,50146359
141151,11,3,2020,7,14,6,3,5,2,0,1,1,0,0,0,0,0,798411,9276,5831802,81,13,40252371,52,55430076
141152,11,9,2020,8,9,3,3,5,2,0,1,1,0,0,0,0,0,806723,9087,5820286,475,13,51413766,52,44647835
141153,11,8,2020,7,20,3,3,6,4,0,1,0,1,0,0,0,0,800116,342,5823264,529,13,41988297,52,47683927
141154,11,4,2020,7,19,3,2,5,2,0,1,1,0,0,0,0,0,793286,2877,5826689,915,13,32262958,52,51125705
141155,11,4,2020,7,14,6,3,2,6,0,0,1,0,0,0,0,0,790403,488,5825747,412,13,27944187,52,50435009
141156,11,7,2020,8,18,3,3,1,5,0,1,1,0,0,0,0,0,794688,507,5825118,769,13,34184143,52,49641702
141157,11,2,2020,7,18,3,3,2,6,0,0,1,0,0,0,0,0,797291,1756,5824857,432,13,37983387,52,49266295
141158,11,5,2020,8,11,7,3,3,6,0,0,1,0,1,0,0,0,785220,44,5831766,87,13,2084545,52,56104722
141159,11,1,2020,8,14,5,3,5,2,0,1,1,0,0,0,0,0,796456,4682,5829954,887,13,37211728,52,53881057
141160,11,1,2020,7,22,5,3,6,2,2,0,1,1,0,0,0,0,797022,6058,5831484,411,13,38180791,52,55221268
141161,11,1,2020,8,17,2,3,6,7,0,0,0,1,0,0,1,0,797809,1714,5830444,189,13,39244187,52,54245897
141162,11,9,2020,7,21,5,3,0,2,1,0,1,0,1,0,0,0,805902,4542,5821818,312,13,50349184,52,46066761
141163,11,4,2020,8,14,4,3,2,6,0,0,1,0,0,0,0,0,790415,764,5827311,799,13,28098371,52,51836854
141164,11,12,2020,7,17,5,3,5,3,0,1,1,0,0,0,0,0,792787,9684,5833377,432,13,32120152,52,57147556
141165,11,2,2020,8,18,4,3,0,1,0,1,1,0,0,0,0,0,802257,6896,5827116,264,13,45481486,52,51018153
141166,11,2,2020,7,17,3,3,1,5,0,1,1,0,0,0,0,0,802871,1266,5826616,677,13,46337167,52,50536357
141167,11,4,2020,8,1,1,2,5,3,2,0,1,0,0,0,0,0,791640,5798,5824505,85,13,29653562,52,49255953
141168,11,2,2020,8,19,5,3,2,6,0,0,1,0,0,0,0,0,798275,7735,5825307,293,13,39469593,52,49615826
141169,11,1,2020,7,17,5,3,6,4,0,1,0,1,0,0,0,0,797013,158,5828550,884,13,37904673,52,52592214
141170,11,5,2020,8,12,3,3,0,5,0,1,1,0,0,0,0,0,785130,5794,5832362,817,13,20765115,52,56644426
141171,11,8,2020,7,16,3,2,5,2,0,0,1,0,0,0,0,0,802275,2779,5820674,25,13,44923259,52,45242956
141172,11,3,2020,7,22,6,3,0,7,2,1,0,0,0,0,0,0,800454,3521,5832377,774,13,43307934,52,55833797
141173,11,8,2020,8,14,4,3,1,5,0,1,1,0,0,0,0,0,801637,243,5817723,96,13,4372063,52,4263398
141174,11,1,2020,7,17,5,3,2,2,0,1,1,0,0,0,0,0,798328,7264,5829345,405,13,39909391,52,53232567
141175,11,10,2020,8,9,4,3,6,2,0,0,1,1,0,0,0,0,813476,8487,5829449,404,13,62179231,52,52475796
141176,11,8,2020,8,7,7,3,5,3,0,1,1,0,0,0,0,0,806230,1762,5817660,58,13,50448999,52,42321587
141177,11,1,2020,8,12,5,2,5,2,0,1,1,0,0,0,0,0,796588,83,5826876,575,13,37131771,52,51114467
141178,11,7,2020,7,17,5,3,5,2,0,0,1,0,0,0,0,0,799260,2404,5816264,994,13,40105038,52,4145671
141179,11,1,2020,8,15,4,2,3,6,0,0,1,0,0,0,1,0,798517,226,5829075,932,13,40162259,52,52980702
141180,11,2,2020,7,16,5,3,5,3,0,0,1,0,0,0,0,0,798417,6787,5825770,725,13,39719524,52,50023476
141181,11,9,2020,8,20,3,2,4,6,0,0,1,1,0,0,0,0,814693,38,5821937,452,13,63256552,52,4567446
141182,11,8,2020,7,16,3,3,5,3,0,0,1,0,0,0,0,0,800989,6663,5822691,767,13,43219056,52,47122467
141183,11,8,2020,8,23,7,2,1,5,2,1,1,0,0,0,0,0,806107,2737,5815295,491,13,50052606,52,40209205
141184,11,3,2020,8,17,5,3,2,7,0,0,0,0,1,0,1,0,797807,6679,5835150,795,13,39664426,52,58464812
141185,11,10,2020,7,16,5,3,2,2,0,0,1,0,0,0,0,0,810967,9686,5828194,727,13,58375861,52,51495097
141186,11,9,2020,8,12,3,3,0,1,0,1,0,0,0,0,0,0,810826,851,5820745,387,13,57472987,52,44827451
141187,11,1,2020,7,17,2,3,6,4,0,0,1,1,0,0,0,0,796417,482,5831025,323,13,37249932,52,54842709
141188,11,9,2020,7,16,5,2,2,6,0,0,1,0,0,0,0,0,808050,8655,5819744,334,13,53310083,52,44087365
141189,11,1,2020,8,11,4,3,5,3,0,1,0,0,0,0,1,0,799288,3803,5828849,12,13,41275246,52,52735117
141190,11,11,2020,7,15,5,3,2,6,0,0,1,0,0,0,1,0,803520,5624,5829724,106,13,47574576,52,53285376
141191,11,10,2020,8,13,4,3,5,2,0,1,1,0,0,0,0,0,811633,4499,5831512,947,13,59664391,52,54430648
141192,11,11,2020,7,15,5,3,4,1,0,0,1,0,1,0,0,0,803426,7727,5826604,133,13,47152165,52,50494242
141193,11,1,2020,8,16,3,3,5,2,0,1,1,0,0,0,0,0,799687,1707,5827210,76,13,41713668,52,51244065
141194,11,1,2020,7,20,2,3,5,3,1,0,1,0,0,0,0,0,797870,971,5826770,901,13,39004717,52,5094993
141195,11,5,2020,8,18,1,3,5,3,0,1,1,0,0,0,0,0,784936,4064,5827672,963,13,20077065,52,52449705
141196,11,10,2020,8,17,7,3,2,6,0,0,1,0,1,0,0,0,809552,7346,5826695,429,13,56157546,52,50231978
141197,11,10,2020,8,8,5,2,5,3,0,1,1,0,0,0,0,0,809495,9667,5834651,814,13,5681519,52,57365388
141198,11,2,2020,7,14,5,3,5,2,0,1,1,0,0,0,0,0,797584,9597,5825324,505,13,3845655,52,49668965
141199,11,9,2020,8,7,3,3,5,2,0,0,1,0,0,0,0,0,808978,8516,5818114,138,13,54520351,52,42574036
141200,11,7,2020,7,18,2,3,0,7,0,0,1,0,1,0,0,1,794687,9296,5825219,263,13,34192186,52,4973182
141201,11,3,2020,8,18,1,3,0,6,0,0,1,0,1,0,0,0,804174,101,5838979,678,13,49383954,52,61544228
141202,11,7,2020,8,17,5,3,2,6,0,0,1,0,0,0,0,0,799791,9225,5813977,164,13,40679656,52,39376869
141203,11,11,2020,8,2,7,2,6,4,2,0,0,1,0,0,1,0,806667,6533,5826665,307,13,51917745,52,50367885
141204,11,1,2020,8,17,5,3,3,6,0,1,1,0,0,0,0,0,794584,8593,5829763,9,13,34443142,52,53810623
141205,11,7,2020,7,14,5,3,5,3,0,1,1,0,0,0,0,0,800359,1644,5821681,52,13,42202648,52,46251221
141206,11,11,2020,8,15,2,3,5,3,0,0,1,0,0,0,0,0,805141,7639,5829994,592,13,49982057,52,53437283
141207,11,12,2020,7,14,5,3,0,7,0,1,0,0,0,0,0,0,793266,1067,5832516,514,13,32747526,52,56350052
141208,11,8,2020,8,14,4,3,0,7,0,1,0,0,0,0,0,0,801749,229,5823024,103,13,44363955,52,47378444
141209,11,1,2020,8,18,2,2,2,6,0,0,1,0,1,0,0,0,799478,907,5828779,771,13,41549009,52,52662494
141210,11,3,2020,7,13,5,3,5,3,0,1,0,0,0,0,0,0,799449,3274,5833978,901,13,41974387,52,57324299
141211,11,5,2020,8,8,4,3,2,6,0,0,1,0,0,0,0,0,787993,8048,5830157,745,13,24786471,52,5451678
141212,11,8,2020,7,13,5,3,4,6,0,1,1,0,0,0,1,0,804991,6143,5818835,132,13,48740374,52,43443944
141213,11,3,2020,8,15,3,3,3,6,0,1,0,0,1,0,0,0,799600,9637,5830955,459,13,41924529,52,54605943
141214,11,8,2020,7,14,2,3,6,4,0,0,1,1,0,0,0,0,799854,1702,5819043,566,13,41224787,52,43914822
141215,11,5,2020,8,17,1,3,0,1,0,1,0,0,0,0,0,1,789583,7616,5829289,182,13,27048863,52,53653821
141216,11,10,2020,8,13,7,3,5,3,0,1,1,0,0,0,0,0,812859,638,5825863,587,13,60935434,52,49297974
141217,11,1,2020,8,14,5,3,3,6,0,1,1,0,0,0,0,0,794582,3128,5829786,178,13,34441445,52,53831457
141218,11,11,2020,7,12,5,3,6,4,0,0,1,1,0,0,0,0,806643,66,5824893,849,13,51718489,52,48781647
141219,11,4,2020,8,8,2,3,5,2,0,1,1,0,0,0,0,0,793134,301,5825607,501,13,31943934,52,50163547
141220,11,1,2020,8,18,2,2,5,3,0,0,1,0,1,0,0,0,794697,6385,5826029,743,13,34278169,52,5045784
141221,11,6,2020,7,11,5,3,5,2,0,1,1,0,0,0,0,0,787530,7209,5817383,88,13,23003332,52,43088659
141222,11,10,2020,8,12,4,3,5,3,0,0,1,0,0,0,0,0,808790,4183,5828664,887,13,5522077,52,52040157
141223,11,9,2020,7,11,5,3,2,6,0,0,1,0,0,0,0,0,812053,266,5821220,774,13,59316918,52,45183576
141224,11,2,2020,8,12,2,3,2,2,0,0,1,0,0,0,0,0,803102,4657,5826082,56,13,46628345,52,50044788
141225,11,2,2020,8,18,2,3,2,6,0,0,1,0,0,0,0,0,798330,3684,5825452,313,13,39562762,52,49742834
141226,11,11,2020,7,10,5,3,5,3,0,1,0,0,1,0,0,0,806969,3416,5823396,762,13,5205976,52,47421587
141227,11,4,2020,8,16,4,3,5,2,0,1,1,0,0,0,0,0,791840,3404,5830684,991,13,30489091,52,54784756
141228,11,1,2020,7,10,2,2,3,1,0,1,1,0,0,0,0,1,797673,692,5827980,9,13,38824423,52,5204527
141229,11,1,2020,7,9,5,3,5,3,0,1,1,0,0,0,0,0,797360,3523,5833006,408,13,3881383,52,56567117
141230,11,1,2020,8,19,4,3,5,2,0,1,1,0,0,0,0,0,796120,8462,5828441,918,13,36583537,52,52543075
141231,11,2,2020,7,16,2,3,5,3,0,1,1,0,0,0,0,0,801468,2864,5827265,489,13,44335349,52,51195587
141232,11,7,2020,7,9,5,3,3,2,0,0,1,0,0,1,0,0,798005,1382,5819646,7,13,38566413,52,4455597
141233,11,6,2020,8,10,3,3,5,3,0,1,1,0,0,0,0,0,792906,937,5821481,457,13,3124656,52,46476904
141234,11,2,2020,7,16,2,3,5,3,0,1,1,0,0,0,0,0,801468,2864,5827265,489,13,44335349,52,51195587
141235,11,1,2020,8,10,7,3,1,5,0,1,0,0,0,0,1,0,797672,3614,5827988,786,13,38823173,52,52052411
141236,11,9,2020,8,13,5,3,2,6,0,0,1,0,0,0,0,0,804615,4365,5822081,444,13,48484768,52,46374488
141237,11,9,2020,8,19,2,3,3,6,1,1,0,0,0,0,0,0,819411,5276,5819941,132,13,69986609,52,43612079
141238,11,10,2020,7,9,5,3,5,2,0,1,1,0,0,0,0,0,813024,8579,5824673,836,13,6106626,52,48222357
141239,11,12,2020,8,10,4,3,5,3,0,0,1,0,1,0,0,0,789978,871,5834770,959,13,28107649,52,58547278
141240,11,5,2020,7,9,5,2,4,6,0,0,1,0,0,0,1,0,783676,3548,5824845,691,13,17983766,52,49980419
141241,11,8,2020,8,12,3,3,1,5,0,1,1,0,0,0,0,0,800372,2604,5824159,318,13,42445036,52,48471878
141242,11,1,2020,7,6,2,3,6,4,0,0,1,1,0,0,0,0,795688,4301,5830923,362,13,3616881,52,54790932
141243,11,4,2020,8,15,7,3,5,2,0,1,1,0,0,0,0,0,791755,4208,5827189,368,13,3005739,52,51655553
141244,11,1,2020,8,17,5,2,4,6,0,1,0,0,0,0,0,0,795752,89,5831898,764,13,36349305,52,55661831
141245,11,9,2020,7,9,5,3,4,6,0,1,0,0,0,0,0,0,812726,2212,5821164,246,13,60299046,52,45094453
141246,11,6,2020,8,19,4,3,5,2,0,1,1,0,0,0,0,0,789263,8486,5818038,189,13,25602035,52,43583911
141247,11,9,2020,7,18,2,2,5,3,0,0,1,0,0,0,0,1,807656,437,5819374,636,13,52697603,52,43778236
141248,11,8,2020,8,12,1,3,5,3,0,1,1,0,0,0,0,1,800461,1763,5823723,665,13,42536321,52,48076493
141249,11,12,2020,8,17,5,3,0,2,0,1,1,0,0,0,0,0,793862,995,5835438,771,13,3388458,52,58937468
141250,11,4,2020,7,8,5,3,0,2,0,1,1,0,0,0,0,0,790472,1518,5826691,832,13,28128126,52,5127801
141251,11,12,2020,8,7,3,3,1,5,0,1,1,0,0,0,0,0,791405,7593,5833094,59,13,30061586,52,56968173
141252,11,4,2020,7,14,2,3,5,2,0,1,1,0,0,0,0,0,791589,85,5825495,95,13,29665729,52,50146279
141253,11,10,2020,8,14,7,3,8,1,0,0,1,0,0,0,0,0,813148,9528,5826931,51,13,61460574,52,50238355
141254,11,11,2020,8,11,5,2,5,3,0,0,1,0,0,0,0,0,804100,4975,5831626,735,13,48601057,52,54958298
141255,11,1,2020,8,18,2,3,1,5,0,1,1,0,0,0,0,0,797081,1901,5829284,606,13,38070222,52,53246206
141256,11,4,2020,7,7,5,3,2,6,0,0,1,0,0,1,0,0,793565,6071,5826434,13,13,326508,52,50881381
141257,11,3,2020,8,9,4,3,0,6,0,1,1,0,0,0,0,0,798411,3922,5831472,544,13,40221965,52,55134723
141258,11,1,2020,7,8,5,3,0,2,0,1,0,0,0,0,1,0,793522,1387,5829121,142,13,32824052,52,53292495
141259,11,1,2020,8,19,3,3,5,2,0,1,0,0,0,0,1,0,797371,3395,5827048,12,13,3829675,52,51225636
141260,11,9,2020,7,12,2,3,5,7,0,1,1,0,0,0,0,0,810029,5767,5823281,208,13,56540227,52,47145205
141261,11,8,2020,8,17,1,2,5,3,0,1,0,0,0,0,1,1,804332,949,5819421,355,13,47826602,52,44006097
141262,11,6,2020,8,11,7,3,5,3,0,1,1,0,0,0,0,0,789853,5432,5817279,577,13,26401298,52,42872567
141263,11,1,2020,8,16,5,3,5,2,0,0,1,0,0,0,0,0,795963,4485,5828342,415,13,36343355,52,52462426
141264,11,1,2020,7,9,4,3,5,7,0,1,0,0,0,0,1,0,797130,9228,5827860,469,13,38016069,52,51966918
141265,11,6,2020,8,8,2,3,6,7,0,0,1,1,0,0,0,0,789383,256,5817277,259,13,25710999,52,42895397
141266,11,2,2020,7,9,2,3,0,3,0,0,1,0,0,0,1,0,801218,6819,5828646,932,13,44093735,52,52447585
141267,11,9,2020,7,23,4,3,0,1,2,1,0,0,0,0,0,0,810869,2592,5820666,41,13,57528962,52,44754221
141268,11,5,2020,8,16,4,3,1,5,0,1,1,0,0,0,0,0,787291,6502,5829787,462,13,2372186,52,54221874
141269,11,9,2020,7,22,4,3,5,2,2,0,0,0,1,0,0,0,804751,554,5822297,904,13,48703541,52,46560932
141270,11,9,2020,8,11,3,3,3,6,0,0,1,0,0,0,0,0,806426,2428,5822988,69,13,51225175,52,47086352
141271,11,7,2020,7,11,2,3,5,3,0,1,0,0,0,0,1,0,797838,339,5822536,493,13,38579584,52,4715601
141272,11,4,2020,7,12,6,3,5,2,0,1,1,0,0,0,0,0,793203,7471,5824546,836,13,31952983,52,49208954
141273,11,1,2020,8,13,4,2,5,2,0,0,1,0,1,0,0,0,796011,3402,5826153,476,13,3621901,52,50497642
141274,11,2,2020,7,22,4,3,5,2,2,1,1,0,0,0,0,0,799901,1958,5825710,861,13,41893055,52,49888492
141275,11,12,2020,8,13,4,3,0,7,0,1,0,0,0,0,0,0,795583,5399,5834574,57,13,36339865,52,58069579
141276,11,3,2020,7,22,4,3,0,7,2,0,0,0,0,0,1,0,802017,5855,5830448,356,13,45431386,52,54018004
141277,11,8,2020,8,6,3,3,2,6,0,0,1,0,1,0,0,0,801312,6614,5819577,359,13,43412071,52,44313122
141278,11,1,2020,7,11,2,3,6,4,0,1,0,1,0,0,0,0,796341,7516,5828548,764,13,3691772,52,52626849
141279,11,1,2020,8,16,1,3,5,2,0,0,1,0,0,0,0,0,797093,347,5833199,431,13,38437893,52,56754733
141280,11,10,2020,8,2,7,3,6,7,2,1,0,1,0,0,0,0,810210,703,5833413,361,13,5774974,52,56214912
141281,11,9,2020,8,9,5,3,5,2,0,1,0,0,0,0,0,0,807814,4249,5818414,53,13,52840896,52,42908882
141282,11,9,2020,7,22,4,3,5,2,2,1,1,0,0,0,0,0,804388,353,5821752,621,13,48121092,52,46092445
141283,11,5,2020,8,14,2,3,6,7,0,0,0,1,0,0,1,0,784339,7343,5828098,583,13,1923636,52,52862471
141284,11,11,2020,8,18,2,3,2,6,0,0,1,0,0,0,0,0,804856,13,5829962,93,13,49559271,52,53424139