OBJECTID,LAND,BEZ,UJAHR,UMONAT,USTUNDE,UWOCHENTAG,UKATEGORIE,UART,UTYP1,ULICHTVERH,IstRad,IstPKW,IstFuss,IstKrad,IstGkfz,IstSonstige,USTRZUSTAND,LINREFX,LINREFY,XGCSWGS84,YGCSWGS84,,,,
141508,11,7,2020,8,20,6,3,0,7,1,0,1,0,0,0,0,0,794194,9182,5821814,247,13,33167563,52,46705993
141509,11,1,2020,8,15,2,3,5,2,0,1,1,0,0,0,0,0,794399,138,5832036,58,13,3437165,52,5585868
141510,11,3,2020,8,8,6,3,1,5,0,1,1,0,0,0,0,0,797945,8522,5832734,14,13,39650626,52,56290943
141511,11,6,2020,8,9,3,3,5,3,0,1,1,0,0,0,0,0,794499,9526,5820878,148,13,33532696,52,45850393
141512,11,4,2020,8,6,4,3,2,6,0,0,1,0,0,1,0,0,791127,4235,5827435,669,13,29156079,52,5190992
141513,11,4,2020,8,18,2,3,5,3,0,0,1,0,0,0,0,0,789150,196,5827375,994,13,26245021,52,51961622
141514,11,5,2020,8,13,2,3,2,6,0,0,1,0,0,0,0,1,784789,3551,5828764,541,13,19954414,52,53436096
141515,11,6,2020,8,17,5,3,2,6,0,0,1,0,0,0,0,0,786428,7816,5818307,14,13,21466083,52,43974259
141516,11,1,2020,8,17,2,2,5,3,0,1,1,0,0,0,0,0,799700,1559,5827370,89,13,41747156,52,51386779
141517,11,5,2020,8,7,7,3,5,3,0,1,1,0,0,0,0,0,780121,8235,5830389,526,13,13228256,52,55135093
141518,11,1,2020,8,18,3,3,6,7,0,1,0,1,0,0,0,0,799394,5842,5828057,751,13,41360088,52,52019945
141519,11,10,2020,8,13,2,3,1,7,0,0,1,0,0,0,0,0,813716,7123,5826507,334,13,62254322,52,49825645
141520,11,9,2020,8,17,2,3,0,1,0,0,0,0,1,0,0,1,818601,258,5820440,845,13,68846334,52,44107084
141521,11,4,2020,8,20,7,3,5,2,1,0,1,0,1,0,0,0,793981,94,5826174,861,13,33239581,52,50626539
141522,11,8,2020,8,18,4,3,3,6,0,0,1,0,0,0,0,0,801093,9986,5821943,82,13,43304631,52,46445648
141523,11,4,2020,8,17,2,3,1,5,0,0,1,0,0,0,0,1,792850,1826,5824104,391,13,31394826,52,48831295
141524,11,6,2020,8,18,6,3,3,6,0,1,0,0,0,0,0,0,790132,839,5819691,228,13,27019181,52,45019924
141525,11,11,2020,8,13,2,3,4,6,0,1,0,0,0,0,0,0,804093,524,5826004,61,13,48076681,52,49919297
141526,11,4,2020,8,18,5,3,3,6,0,1,0,0,0,0,1,0,791578,2225,5825114,389,13,29615241,52,49804835
141527,11,7,2020,8,22,3,2,0,1,2,1,0,0,0,0,0,0,794398,567,5822528,158,13,3352873,52,47335036
141528,11,8,2020,8,6,4,3,1,5,0,1,1,0,0,0,0,0,805658,4866,5817023,612,13,49552747,52,41783126
141529,11,5,2020,8,17,2,3,5,3,0,0,1,0,0,0,0,1,784151,4011,5827300,868,13,18891318,52,52157051
141530,11,11,2020,8,16,1,3,2,6,0,0,1,0,0,0,0,0,807350,5217,5825187,13,13,52784241,52,49004601
141531,11,9,2020,8,11,2,3,6,7,0,1,0,1,0,0,0,0,806560,8798,5821833,626,13,51316661,52,46043592
141532,11,1,2020,8,15,5,3,5,2,0,1,1,0,0,0,0,0,797660,2021,5831882,828,13,39154123,52,55543591
141533,11,11,2020,8,17,2,3,0,2,0,1,1,0,0,0,0,1,803851,9704,5828742,481,13,47971944,52,52387116
141534,11,11,2020,8,11,7,3,6,4,0,0,1,1,0,0,0,0,805156,796,5827575,874,13,49782228,52,51268682
141535,11,1,2020,8,23,3,3,5,3,2,0,1,0,0,0,1,0,796814,2954,5831268,502,13,37855157,52,55039086
141536,11,4,2020,8,16,2,2,5,3,0,1,1,0,0,0,0,0,790968,3978,5823010,512,13,28535755,52,47951249
141537,11,2,2020,8,16,6,3,5,2,0,1,1,0,0,0,0,0,800477,7949,5828220,216,13,42966429,52,52105989
141538,11,7,2020,8,23,3,3,5,2,2,1,1,0,0,0,0,0,795872,632,5825391,311,13,35947527,52,49821949
141539,11,4,2020,8,16,2,2,2,6,0,0,0,0,0,1,0,1,788739,793,5827655,45,13,25666108,52,5223391
141540,11,3,2020,8,8,5,3,5,3,0,1,1,0,0,0,0,0,797773,7425,5832965,808,13,39418275,52,56508131
141541,11,5,2020,8,21,3,3,5,2,1,1,1,0,0,0,0,0,784785,3551,5828822,924,13,19953535,52,53488652
141542,11,5,2020,8,17,6,3,5,7,0,1,1,0,0,0,0,0,783240,8135,5830291,768,13,17807743,52,54886142
141543,11,3,2020,8,21,3,3,6,2,1,0,1,1,0,0,0,0,798614,5599,5833053,153,13,40662929,52,5654037
141544,11,7,2020,8,11,2,3,0,6,0,0,1,0,0,0,1,0,799619,6723,5813175,844,13,40355641,52,38668007
141545,11,12,2020,8,10,5,3,5,3,0,0,1,0,0,0,0,0,790223,5669,5834589,469,13,28453065,52,58371484
141546,11,7,2020,8,19,3,3,5,3,0,0,1,0,0,0,0,0,796822,5291,5822178,64,13,37056658,52,46890519
141547,11,12,2020,8,10,2,3,0,3,0,0,1,0,0,0,0,0,792991,9309,5835645,722,13,32620763,52,59169977
141548,11,8,2020,8,21,1,3,2,6,2,0,1,0,0,0,0,0,800762,9381,5822754,24,13,42891906,52,47190952
141549,11,4,2020,8,14,1,2,2,6,0,0,1,0,0,0,0,0,793347,8535,5825680,76,13,32264491,52,50217729
141550,11,7,2020,8,14,5,3,5,2,0,1,1,0,0,0,0,0,793899,7058,5822939,542,13,3283339,52,47730661
141551,11,1,2020,8,10,1,3,5,2,0,0,1,0,1,0,0,0,794056,2983,5831226,77,13,33795649,52,55151264
141552,11,2,2020,8,15,7,2,2,6,0,0,1,0,0,0,0,0,803400,5268,5826869,78,13,47137824,52,50733795
141553,11,9,2020,8,7,1,3,0,7,0,0,1,1,0,0,0,0,806375,403,5821034,403,13,50971187,52,45337697
141554,11,1,2020,8,14,6,3,5,3,0,1,1,0,0,0,0,0,795274,3533,5830458,569,13,35518605,52,54396745
141555,11,9,2020,8,19,3,3,5,3,0,1,1,0,0,0,0,0,806950,3964,5822300,483,13,51931101,52,46440138
141556,11,2,2020,8,22,1,3,5,3,2,0,1,0,0,0,0,0,802089,1556,5828539,629,13,45363141,52,52303251
141557,11,9,2020,8,22,1,2,0,1,2,1,0,0,0,0,0,1,812052,19,5817319,677,13,58951344,52,41687698
141558,11,6,2020,8,20,5,3,5,3,1,0,1,0,0,0,0,0,796179,127,5817197,55,13,35670656,52,42460267
141559,11,1,2020,8,11,3,3,2,6,0,0,1,0,0,0,0,0,795525,471,5829617,901,13,35813055,52,53629546
141560,11,2,2020,8,21,1,3,1,5,2,0,1,0,0,0,1,0,803172,1327,5828106,323,13,46914988,52,51854783
141561,11,3,2020,8,10,1,3,3,6,0,1,1,0,0,0,0,0,800579,6622,5831844,7,13,43443895,52,55348514
141562,11,5,2020,8,22,4,3,5,2,2,0,1,0,0,0,0,0,786960,603,5829592,875,13,23218244,52,5406486
141563,11,3,2020,8,18,1,2,5,3,0,1,1,0,0,0,0,0,799245,9773,5831804,282,13,41479093,52,55386288
141564,11,1,2020,8,22,6,2,6,4,2,0,1,1,0,0,0,0,796390,338,5832011,296,13,3729804,52,55728005
141565,11,7,2020,8,3,1,2,8,1,2,0,0,0,0,0,1,0,796376,9286,5825272,713,13,36677677,52,49688273
141566,11,1,2020,8,10,1,3,2,6,0,0,1,0,0,0,0,0,797195,8977,5831916,707,13,38474326,52,55599316
141567,11,4,2020,8,12,5,3,2,6,0,0,1,0,1,0,0,0,793714,8682,5826355,208,13,32863132,52,50802596
141568,11,9,2020,8,13,1,3,2,6,0,1,1,0,0,0,0,0,811507,4587,5817224,36,13,58144311,52,41633007
141569,11,1,2020,8,20,7,3,0,7,1,1,0,0,0,0,0,0,796512,7718,5830922,113,13,37380836,52,54745008
141570,11,1,2020,8,12,1,3,0,7,0,1,0,0,0,0,0,0,800007,7212,5828504,648,13,42301345,52,52386818
141571,11,8,2020,8,13,6,3,0,6,0,0,1,0,0,0,1,0,802997,2465,5818343,48,13,45771142,52,43114109
141572,11,6,2020,8,9,3,3,5,3,0,1,1,0,0,0,0,0,792147,6513,5819525,47,13,29962138,52,44763603
141573,11,7,2020,8,11,2,3,5,2,0,1,1,0,0,0,0,0,795236,948,5824953,37,13,34974982,52,49463495
141574,11,2,2020,8,13,1,3,0,7,0,0,0,0,0,0,1,0,802696,8257,5828094,724,13,4621558,52,51870789
141575,11,8,2020,8,9,1,2,0,3,0,1,1,0,0,0,0,0,801788,6219,5823979,361,13,44508226,52,48232481
141576,11,9,2020,8,18,5,3,5,3,0,1,1,0,0,0,0,0,812111,8979,5820739,936,13,59358343,52,4474932
141577,11,1,2020,8,8,3,3,1,5,0,1,1,0,0,0,0,0,797484,5835,5827851,917,13,38534996,52,51939971
141578,11,1,2020,8,7,1,3,1,5,0,1,1,0,0,0,0,0,797103,3125,5831002,145,13,38256324,52,54784572
141579,11,4,2020,8,0,1,3,5,2,2,0,1,0,1,0,0,0,792961,7865,5825361,622,13,31669279,52,49952374
141580,11,2,2020,8,19,4,3,2,6,0,1,1,0,0,0,0,0,803276,2322,5827426,742,13,47005997,52,512399
141581,11,4,2020,8,2,1,3,1,5,2,1,1,0,0,0,0,0,793414,157,5826088,292,13,32397597,52,50579508
141582,11,1,2020,8,18,6,3,3,6,0,1,0,0,1,0,0,0,797341,7853,5828981,284,13,38426138,52,52960105
141583,11,1,2020,8,1,1,3,5,2,2,0,1,0,1,0,0,0,795464,8047,5827792,216,13,3556163,52,51996264
141584,11,11,2020,8,7,6,3,5,3,0,1,1,0,0,0,0,0,807010,7554,5825767,498,13,52338884,52,4954396
141585,11,1,2020,8,7,3,3,5,2,0,1,1,0,0,0,0,0,794571,7784,5828350,232,13,34298708,52,52544802
141586,11,2,2020,8,5,4,3,5,3,1,0,1,0,1,0,0,0,802674,7009,5827249,398,13,46106181,52,5111436
141587,11,5,2020,8,16,1,3,5,2,0,0,1,0,0,0,0,0,783894,7617,5826613,17,13,18455378,52,5155368
141588,11,9,2020,8,15,1,3,0,1,0,1,0,0,0,0,0,0,808649,1825,5819158,731,13,5413346,52,43528811
141589,11,9,2020,8,9,6,2,0,7,0,1,0,0,0,0,0,0,814831,165,5821208,779,13,63390308,52,4501356
141590,11,9,2020,8,7,3,3,2,6,0,1,1,0,0,0,0,0,812163,5326,5820054,622,13,59370051,52,44132237
141591,11,6,2020,8,15,4,3,3,6,0,0,1,0,1,0,0,0,788935,2145,5816154,545,13,24957219,52,41912491
141592,11,6,2020,8,17,1,2,5,2,0,1,1,0,0,0,0,0,796295,903,5819688,349,13,36061466,52,44686806
141593,11,5,2020,8,15,1,2,5,3,0,0,1,0,1,0,0,0,789490,5849,5829420,861,13,26923342,52,53776824
141594,11,2,2020,8,16,1,3,5,3,0,1,1,0,0,0,0,0,800500,4265,5826004,193,13,42799604,52,50118452
141595,11,9,2020,8,18,5,2,2,6,0,1,1,0,0,0,0,0,803301,8006,5823781,614,13,46711677,52,47971408
141596,11,3,2020,8,14,1,3,0,7,0,0,0,0,1,0,0,1,802342,9496,5829202,42,13,457963,52,52882902
141597,11,10,2020,8,13,7,2,6,4,0,0,1,1,0,0,0,0,809968,5031,5832016,361,13,57264071,52,54976753
141598,11,12,2020,8,17,4,3,5,2,0,1,0,0,0,0,1,0,792557,759,5832823,7,13,31731531,52,56662954
141599,11,6,2020,8,16,4,3,5,3,0,1,1,0,0,0,0,0,792377,4698,5818483,189,13,30208171,52,43817301
141600,11,11,2020,8,14,1,2,5,2,0,1,1,0,0,0,0,0,804702,3382,5831221,683,13,49448748,52,54561642
141601,11,3,2020,8,18,6,3,2,3,0,1,1,0,0,0,0,0,799801,2379,5835041,925,13,42588241,52,58257741
141602,11,4,2020,8,21,1,3,0,5,1,0,1,0,1,0,0,1,791861,5135,5830685,274,13,30520252,52,54783876
141603,11,12,2020,8,11,5,3,5,3,0,0,1,0,0,0,0,0,790961,348,5838454,674,13,29878621,52,61797135
141604,11,2,2020,8,7,3,3,5,2,0,0,1,0,1,0,0,0,797584,9608,5825324,513,13,38456552,52,49668972
141605,11,7,2020,8,14,4,3,1,7,0,0,1,0,1,0,0,0,797840,403,5823862,966,13,38701086,52,48344931
141606,11,1,2020,8,13,1,3,5,3,0,1,1,0,0,0,0,0,797580,9492,5827219,18,13,38620008,52,51367539
141607,11,4,2020,8,13,1,3,5,2,0,0,1,0,1,0,0,0,791687,792,5826228,449,13,29873783,52,50797721
141608,11,2,2020,8,20,1,3,1,5,1,1,1,0,0,0,0,1,802564,8953,5827021,978,13,459242,52,50916615
141609,11,6,2020,8,15,5,3,2,6,0,0,1,0,1,0,0,0,794474,3556,5819930,746,13,33411585,52,45002472
141610,11,9,2020,8,16,4,3,5,7,0,0,1,0,0,0,0,0,817952,9953,5816635,786,13,67534196,52,40735346
141611,11,9,2020,8,19,1,3,4,6,1,0,1,0,1,0,1,0,805068,861,5821975,611,13,49139308,52,46254382
141612,11,3,2020,8,13,7,3,5,3,0,0,1,0,0,0,0,0,797228,9612,5835844,378,13,3887501,52,59118165
141613,11,1,2020,8,17,1,3,3,6,0,0,1,0,1,0,0,0,797274,7298,5832192,413,13,38614955,52,55842149
141614,11,1,2020,8,19,1,3,5,7,1,0,1,0,1,0,0,0,795569,7324,5829432,999,13,35861678,52,53461398
141615,11,10,2020,8,6,5,3,0,6,0,0,1,0,0,0,1,0,809548,8851,5826849,3,13,56166169,52,50369825
141616,11,3,2020,8,16,4,3,5,3,0,0,1,0,0,0,0,0,799446,8518,5832469,395,13,41834489,52,55971414
141617,11,8,2020,8,18,1,2,6,4,0,0,1,1,1,0,0,0,800920,781,5824245,409,13,43258149,52,48518841
141618,11,4,2020,8,9,7,3,5,2,0,0,1,0,1,0,0,0,792311,5238,5825780,22,13,30750812,52,50362332
141619,11,1,2020,8,4,3,3,8,1,2,0,1,0,0,0,0,0,798243,4114,5829617,261,13,39808384,52,53480919
141620,11,1,2020,8,18,1,3,6,4,0,0,1,1,0,0,0,0,798233,7391,5828407,111,13,3968561,52,5239671
141621,11,5,2020,8,16,6,3,5,2,0,0,1,0,0,0,0,0,783242,82,5830286,733,13,17810264,52,54881524
141622,11,8,2020,8,13,3,3,2,6,0,0,1,0,0,0,0,0,803529,8096,5818191,413,13,46538268,52,4294829
141623,11,2,2020,8,16,1,3,2,7,0,1,1,0,0,0,0,0,799695,3629,5824637,694,13,41494208,52,48937866
141624,11,12,2020,8,9,5,2,0,6,0,0,1,0,1,0,0,0,790584,9851,5835356,15,13,29052225,52,59039389
141625,11,9,2020,8,13,3,3,5,2,0,1,1,0,0,0,0,0,812051,1788,5821271,919,13,59318986,52,45229515
141626,11,6,2020,8,23,7,3,1,5,2,1,1,0,0,0,0,0,794462,3799,5819904,491,13,33391699,52,4497958
141627,11,10,2020,8,10,1,2,0,1,0,1,0,0,0,0,0,0,807423,3691,5828642,674,13,53210271,52,52097487
141628,11,2,2020,8,23,5,3,0,5,2,1,1,0,0,0,0,0,802247,9976,5827118,618,13,45467462,52,510208
141629,11,5,2020,8,15,4,3,2,6,0,0,1,0,0,0,0,0,784866,216,5829278,128,13,2011145,52,5389256
141630,11,5,2020,8,7,7,3,5,3,0,1,1,0,0,0,0,0,789490,6213,5829420,862,13,26923395,52,53776823
141631,11,4,2020,8,15,7,3,5,2,0,0,1,0,0,0,1,0,793473,8368,5824731,882,13,32365953,52,49360326
141632,11,9,2020,8,0,7,3,9,1,2,0,0,0,1,0,0,0,809216,894,5818602,59,13,54913252,52,42997908
141633,11,12,2020,8,14,6,2,5,2,0,0,1,0,1,0,0,0,794842,656,5833602,848,13,35162322,52,57238744
141634,11,1,2020,8,12,3,3,3,6,0,1,0,0,0,0,0,0,794509,8577,5830700,59,13,34415943,52,54654602
141635,11,2,2020,8,19,7,3,3,6,0,0,1,0,1,0,0,0,800990,9283,5828227,11,13,43721055,52,52083869
141636,11,9,2020,8,22,7,3,5,2,2,1,1,0,0,0,0,0,809401,8975,5818448,646,13,55171481,52,42849916
141637,11,7,2020,8,15,6,2,0,2,0,0,1,0,1,0,0,0,797277,1582,5821093,452,13,37627296,52,45893037
141638,11,10,2020,8,12,3,3,0,3,0,0,1,0,0,0,1,0,809957,8819,5830993,215,13,57152985,52,54060466
141639,11,4,2020,8,21,7,3,5,3,2,0,1,0,0,0,0,0,792749,316,5822300,138,13,31087861,52,47219251
141640,11,7,2020,8,21,7,2,1,5,2,1,1,0,0,0,0,0,795484,5328,5821301,684,13,35015056,52,46176921
141641,11,3,2020,8,7,5,3,5,2,0,1,0,0,0,0,0,0,800483,5553,5836402,601,13,43715653,52,5943969
141642,11,1,2020,8,11,3,3,5,2,0,1,1,0,0,0,0,0,798599,9377,5828882,401,13,40266445,52,52802699
141643,11,4,2020,8,21,7,3,6,4,2,1,1,1,0,0,0,0,792697,9388,5823101,291,13,31083168,52,47940205
141644,11,1,2020,8,19,1,3,9,1,0,0,1,0,0,0,0,0,795034,5599,5828267,32,13,34971513,52,52445454
141645,11,3,2020,8,8,4,3,1,5,0,1,1,0,0,0,0,0,798721,1911,5833722,255,13,40880035,52,57134268
141646,11,3,2020,8,16,4,2,3,6,0,0,1,0,1,0,0,0,802284,376,5829176,886,13,45707435,52,52863621
141647,11,7,2020,8,21,7,3,0,7,1,1,0,0,0,0,0,0,800234,5747,5813577,252,13,41292417,52,38994159
141648,11,3,2020,8,21,6,3,5,2,0,1,1,0,0,0,0,0,799172,6036,5830743,973,13,41275669,52,54439918
141649,11,1,2020,8,18,7,3,5,7,0,0,1,0,1,0,0,0,798237,498,5827688,963,13,39626745,52,5175278
141650,11,11,2020,8,13,6,3,5,3,0,0,1,0,0,0,0,0,806671,2213,5824226,995,13,51698563,52,4818241
141651,11,1,2020,8,12,3,3,5,2,0,1,1,0,0,0,0,0,793698,7986,5828111,783,13,3299458,52,52378142
141652,11,7,2020,8,14,4,3,2,6,0,0,1,0,0,1,1,0,799029,424,5819718,37,13,40075449,52,44564558
141653,11,3,2020,8,9,2,3,5,3,0,0,1,0,0,0,0,0,803012,461,5832020,513,13,4703727,52,5537186
141654,11,10,2020,8,3,7,3,9,1,2,0,1,0,0,0,0,0,811267,3786,5827916,69,13,587896,52,51228304
141655,11,2,2020,8,13,7,3,5,3,0,0,1,0,1,0,0,0,798864,8767,5826205,717,13,40415399,52,50388914
141656,11,2,2020,8,18,5,3,2,6,0,1,1,0,0,0,0,0,802107,1424,5827356,16,13,45282093,52,51241383
141657,11,1,2020,8,12,3,3,0,2,0,0,1,0,1,0,0,0,796514,1089,5827612,185,13,3708754,52,5177793
141658,11,6,2020,8,13,7,2,5,2,0,1,1,0,0,0,0,0,785002,3639,5817560,456,13,19309632,52,43379295
141659,11,5,2020,8,0,7,2,5,2,2,0,1,0,1,0,0,0,788030,3514,5829386,686,13,24773363,52,53823562
141660,11,2,2020,8,18,4,3,0,3,0,1,0,1,0,0,0,0,801442,557,5826071,161,13,44189408,52,50126515
141661,11,6,2020,8,12,7,3,1,5,0,1,1,0,0,0,0,0,790496,3775,5820926,56,13,27661208,52,46108079
141662,11,3,2020,8,18,5,3,5,3,0,1,1,0,0,0,0,0,800557,9187,5831394,221,13,43371201,52,54946506
141663,11,8,2020,8,11,3,3,2,6,0,0,1,0,0,0,0,0,803980,487,5818339,87,13,47212586,52,43056329
141664,11,12,2020,8,12,7,3,2,6,0,0,1,0,0,0,0,0,791221,6137,5838476,146,13,30263861,52,61802441
141665,11,6,2020,8,9,1,3,5,2,0,1,1,0,0,0,0,0,792245,4005,5816668,741,13,29855864,52,42197711
141666,11,6,2020,8,14,4,3,1,5,0,0,1,0,0,0,0,0,791983,4697,5816415,202,13,29449647,52,41984394
141667,11,7,2020,8,11,7,3,5,2,0,1,1,0,0,0,0,0,797819,259,5821043,197,13,38418314,52,45818474
141668,11,8,2020,8,20,6,3,5,2,0,0,1,0,1,0,0,1,800661,5974,5824376,863,13,42889467,52,48650947
141669,11,2,2020,8,11,7,3,2,6,0,1,1,0,0,0,0,0,801615,534,5828341,677,13,44648522,52,52152071
141670,11,8,2020,8,8,6,3,0,7,0,0,1,0,1,0,0,0,802420,6949,5822648,697,13,45315501,52,47004831
141671,11,12,2020,8,11,3,3,5,2,0,0,1,0,0,0,0,0,795064,768,5832467,59,13,35388999,52,56209017
141672,11,3,2020,8,13,4,3,5,3,0,0,1,0,1,0,0,0,797379,145,5836331,896,13,39139636,52,59546956
141673,11,5,2020,8,21,7,3,5,3,1,0,1,0,1,0,0,0,784571,5303,5831130,677,13,19836872,52,55568949
141674,11,6,2020,8,10,7,3,1,5,0,1,1,0,0,0,0,0,795327,5786,5818001,719,13,34492983,52,43227187
141675,11,8,2020,8,17,5,3,5,3,0,1,0,0,0,0,1,0,800931,381,5824677,424,13,43312215,52,48905504
141676,11,6,2020,8,16,4,3,1,5,0,1,1,0,0,0,0,0,793549,7953,5820848,815,13,3213572,52,45875216
141677,11,12,2020,8,21,7,3,1,5,1,1,1,0,0,0,0,0,792189,6371,5837545,782,13,3160748,52,6091645
141678,11,5,2020,8,7,7,3,3,6,0,0,1,0,0,0,0,0,783467,3232,5828637,215,13,17999719,52,53390857
141679,11,6,2020,8,15,4,3,1,5,0,0,1,0,0,0,0,0,788247,6001,5817974,704,13,24105781,52,43580645
141680,11,1,2020,8,1,7,3,5,2,2,0,1,0,1,0,0,0,797983,106,5826896,54,13,39181848,52,51056383
141681,11,8,2020,8,17,6,3,5,2,0,1,1,0,0,0,0,0,800762,8485,5822754,434,13,42891792,52,47191131
141682,11,7,2020,8,20,7,3,5,2,1,0,1,0,1,0,0,0,797290,8162,5822603,428,13,37781858,52,47245836
141683,11,8,2020,8,9,7,3,5,2,0,0,1,0,0,0,0,0,803149,5063,5818433,536,13,46002575,52,43186391
141684,11,1,2020,8,1,6,3,7,1,2,1,0,0,0,0,0,1,799728,6046,5827632,152,13,41812558,52,51620114
141685,11,4,2020,8,8,7,3,6,4,0,1,0,1,0,0,0,0,790410,584,5824753,149,13,27867782,52,49543268
141686,11,1,2020,8,9,5,3,3,6,0,1,1,0,0,0,0,0,794975,2082,5831377,347,13,35160371,52,55236559
141687,11,7,2020,8,10,3,3,2,6,0,1,0,0,0,0,0,0,795974,8742,5825392,651,13,36097819,52,49817606
141688,11,9,2020,8,13,4,3,6,7,0,0,0,1,0,0,1,0,811022,1664,5821813,104,13,57860012,52,45773141
141689,11,3,2020,8,8,7,3,5,3,0,1,1,0,0,0,0,0,801157,829,5831114,836,13,44226845,52,54663
141690,11,7,2020,8,17,1,3,5,2,0,1,1,0,0,0,0,0,793928,702,5822505,416,13,32837701,52,47339925
141691,11,1,2020,8,13,7,2,3,6,0,1,0,0,0,0,0,0,799510,329,5828838,142,13,41600445,52,52713088
141692,11,6,2020,8,16,5,3,5,3,0,0,1,0,1,0,0,0,791101,3606,5817818,503,13,28278314,52,43289472
141693,11,1,2020,8,18,7,3,5,3,0,1,1,0,0,0,0,0,795032,2565,5827214,69,13,34874713,52,51501418
141694,11,1,2020,8,11,7,3,5,3,0,1,1,0,0,0,0,0,796711,1324,5830768,776,13,37658807,52,54596758
141695,11,4,2020,8,10,3,3,0,7,0,0,1,0,0,0,0,0,791952,7031,5826084,243,13,30250352,52,50654272
141696,11,1,2020,8,17,7,3,5,2,0,1,1,0,0,0,0,0,793291,9392,5829029,887,13,32477602,52,53223081
141697,11,7,2020,8,16,6,3,5,2,0,1,1,0,0,0,0,0,795692,8683,5825441,339,13,35687931,52,49876538
141698,11,3,2020,8,10,3,3,5,3,0,1,1,0,0,0,0,0,796150,4051,5836074,245,13,37308068,52,59383046
141699,11,6,2020,8,16,7,2,5,3,0,1,1,0,0,0,0,0,789975,7448,5820177,295,13,26831978,52,45463994
141700,11,6,2020,8,8,5,3,5,3,0,0,1,0,1,0,0,0,796871,5147,5817484,549,13,36711402,52,42680017
141701,11,2,2020,8,10,3,3,5,3,0,0,1,0,0,0,0,0,799577,8996,5825656,937,13,41413377,52,49857914
141702,11,11,2020,8,16,7,2,0,7,0,0,1,0,0,0,0,0,805621,6667,5833564,432,13,51015927,52,56609783
141703,11,4,2020,8,20,1,3,2,7,1,0,1,0,0,0,0,0,792329,292,5825220,585,13,30727805,52,49859857
141704,11,4,2020,8,12,5,3,1,5,0,1,0,0,0,1,0,0,791770,559,5825955,789,13,29970751,52,50548886
141705,11,1,2020,8,16,4,2,2,6,0,0,1,0,1,0,0,0,797580,189,5828548,965,13,38737849,52,52559574
141706,11,4,2020,8,10,5,3,5,5,0,0,1,0,1,0,0,0,793261,5262,5826065,314,13,32171547,52,50567107
141707,11,1,2020,8,10,3,3,5,3,0,1,1,0,0,0,0,0,798059,2996,5827296,962,13,3932979,52,51411143
141708,11,4,2020,8,16,7,3,3,6,0,1,1,0,0,0,0,0,790447,4259,5824214,959,13,27875751,52,49058787
141709,11,12,2020,8,13,1,3,0,6,0,0,1,0,1,0,0,0,796392,4317,5832796,95,13,37371291,52,56432144
141710,11,7,2020,8,15,7,3,5,2,0,1,1,0,0,0,0,0,794772,273,5825692,836,13,34357624,52,50151805
141711,11,11,2020,8,15,5,3,0,1,0,1,0,0,0,0,0,0,805184,9071,5827864,53,13,49849995,52,51525816
141712,11,3,2020,8,15,7,3,5,3,0,0,1,0,0,0,0,0,797868,384,5836018,13,39831743,52,59238812,
141713,11,12,2020,8,13,7,3,0,6,0,0,0,0,1,0,0,0,793826,5381,5836155,878,13,33894534,52,59582271
141714,11,7,2020,8,15,7,3,2,6,0,0,1,0,0,0,0,0,796405,2624,5824877,35,13,36684114,52,49332328
141715,11,5,2020,8,15,6,3,2,6,0,0,1,0,0,0,1,0,784470,6019,5831674,335,13,19735004,52,56061665
141716,11,6,2020,8,9,3,3,6,4,0,0,1,1,0,0,0,0,794778,844,5817840,51,13,33672858,52,43112309
141717,11,9,2020,8,10,6,3,2,6,0,0,1,0,0,0,1,0,811406,2738,5820186,707,13,58271875,52,44293776
141718,11,9,2020,8,3,6,3,1,6,2,1,1,0,0,0,0,0,814738,4239,5821260,86,13,63259341,52,45064867
141719,11,4,2020,8,22,5,3,0,7,2,0,0,0,1,0,0,0,793299,3076,5826150,144,13,32234526,52,50641123
141720,11,3,2020,8,9,3,3,0,6,0,0,0,0,1,1,0,0,802908,1712,5832027,631,13,46884568,52,55384041
141721,11,8,2020,8,17,6,3,0,2,0,0,1,0,0,0,1,0,802581,194,5823082,207,13,45590125,52,47384511
141722,11,1,2020,8,18,1,3,2,6,0,0,1,0,0,0,0,0,795643,1836,5831794,785,13,36179872,52,55574537
141723,11,2,2020,8,10,4,3,5,2,0,1,1,0,0,0,0,0,797742,9825,5824596,358,13,38623564,52,49007647
141724,11,1,2020,8,23,6,3,5,2,2,1,1,0,0,0,0,0,799091,784,5828975,78,13,40996608,52,52858848
141725,11,8,2020,8,22,6,3,5,3,2,0,0,0,1,0,1,0,800648,1957,5824383,47,13,42870386,52,48657607
141726,11,2,2020,8,23,6,3,6,4,2,0,1,1,0,0,0,0,798286,5937,5824765,663,13,39436991,52,49129732
141727,11,8,2020,8,11,6,3,0,6,0,0,1,0,1,0,0,0,800680,1492,5824057,214,13,42887873,52,48363413
141728,11,11,2020,8,9,3,3,5,3,0,0,1,0,0,0,0,0,807670,6393,5824548,652,13,53195305,52,48414467
141729,11,11,2020,8,22,6,3,5,2,2,1,1,0,0,0,0,0,805702,5275,5831364,957,13,50932298,52,54634021
141730,11,9,2020,8,16,7,3,2,7,0,0,1,0,1,0,0,0,814531,9341,5820803,941,13,62913543,52,44668003