OBJECTID,LAND,BEZ,UJAHR,UMONAT,USTUNDE,UWOCHENTAG,UKATEGORIE,UART,UTYP1,ULICHTVERH,IstRad,IstPKW,IstFuss,IstKrad,IstGkfz,IstSonstige,USTRZUSTAND,LINREFX,LINREFY,XGCSWGS84,YGCSWGS84,,,,
141731,11,1,2020,8,21,6,2,3,2,1,0,0,0,1,0,0,0,796170,5055,5832275,139,13,36998267,52,55976472
141732,11,4,2020,8,13,6,2,5,2,0,1,1,0,0,0,0,0,790367,4767,5828753,757,13,28154327,52,53132111
141733,11,1,2020,8,18,3,3,2,2,0,1,1,0,0,0,0,0,795258,295,5826614,149,13,35153622,52,50951404
141734,11,9,2020,8,11,2,3,0,3,0,0,1,0,0,0,1,0,805906,3761,5818985,975,13,50095582,52,43528058
141735,11,2,2020,8,21,6,3,0,5,1,0,1,0,1,0,0,0,803293,6661,5826763,692,13,46971193,52,50644652
141736,11,6,2020,8,20,6,3,8,1,0,0,1,0,0,0,0,0,785260,4496,5821587,979,13,20032253,52,46976965
141737,11,11,2020,8,18,5,3,1,5,0,1,1,0,0,0,0,0,807099,8122,5824386,3,13,52342377,52,48301097
141738,11,1,2020,8,18,3,3,1,5,0,1,1,0,0,0,0,0,797095,5277,5831693,19,13,38306694,52,55404283
141739,11,11,2020,8,14,6,3,2,2,0,0,1,0,0,0,0,0,806360,3071,5832167,307,13,51973312,52,5531615
141740,11,1,2020,8,1,1,3,3,6,2,0,1,0,0,0,1,0,797474,8237,5828826,243,13,38607804,52,5281387
141741,11,1,2020,8,8,4,3,3,6,0,1,0,0,0,0,0,0,799197,9381,5828464,724,13,4110774,52,52395528
141742,11,6,2020,8,14,4,3,5,3,0,1,1,0,0,0,0,0,790831,1597,5817467,447,13,27851455,52,42989115
141743,11,3,2020,8,16,6,3,0,7,0,0,0,0,1,0,1,0,800133,7509,5829968,1,13,42618669,52,5369162
141744,11,11,2020,8,19,6,3,2,2,0,0,1,0,0,0,0,0,803552,443,5829736,302,13,47622546,52,53294531
141745,11,9,2020,8,7,6,3,0,1,0,1,0,0,0,0,0,0,810477,23,5820286,494,13,56918674,52,44436027
141746,11,8,2020,8,7,6,3,6,4,0,0,1,1,0,0,0,0,801287,2398,5819659,419,13,43382181,52,44388076
141747,11,6,2020,8,19,3,3,0,5,0,1,1,0,0,0,0,0,793973,4303,5820791,606,13,32752387,52,4580116
141748,11,2,2020,8,12,4,3,6,7,0,1,0,1,0,0,0,0,800121,64,5824843,215,13,42138656,52,49098666
141749,11,9,2020,8,3,6,3,0,1,2,1,0,0,0,0,0,0,814474,324,5821230,586,13,62869217,52,45053629
141750,11,2,2020,8,13,6,3,1,5,0,1,1,0,0,0,0,0,797506,3829,5824781,662,13,38292668,52,49186651
141751,11,9,2020,8,9,5,3,3,7,0,1,0,0,0,0,0,0,818582,1508,5820447,861,13,68818987,52,44114484
141752,11,1,2020,8,13,6,3,5,3,0,1,1,0,0,0,0,0,796344,4,5825932,505,13,36688611,52,50281482
141753,11,2,2020,8,12,4,2,5,3,0,0,1,0,1,0,0,0,801248,424,5827823,23,13,44062844,52,51707646
141754,11,2,2020,8,13,1,3,2,6,0,0,1,0,0,0,0,0,801942,5164,5828351,846,13,45130617,52,52143063
141755,11,4,2020,8,7,6,3,5,2,0,1,1,0,0,0,0,0,791679,6989,5827501,105,13,29973447,52,51939071
141756,11,1,2020,8,12,6,2,5,2,0,1,1,0,0,0,0,0,795230,6425,5826625,886,13,35114036,52,50963422
141757,11,5,2020,8,18,5,2,0,7,0,0,1,0,0,0,1,0,783403,4099,5827654,104,13,17821934,52,52512701
141758,11,6,2020,8,12,6,2,3,6,0,1,0,0,0,0,0,0,787189,6326,5818095,53,13,22564154,52,43744631
141759,11,2,2020,8,19,7,3,9,7,0,0,1,1,0,0,0,0,799507,562,5824871,525,13,41238716,52,49157796
141760,11,2,2020,8,18,4,3,5,2,0,1,0,0,1,0,0,0,802617,2643,5827008,157,13,45999872,52,50901323
141761,11,4,2020,8,11,6,3,3,6,0,0,1,0,0,1,0,0,791187,5775,5829062,934,13,29386986,52,53365536
141762,11,5,2020,8,18,6,3,6,4,0,0,1,1,0,0,0,0,785323,8712,5830258,686,13,20868634,52,54747771
141763,11,9,2020,8,11,6,3,0,1,0,1,0,0,0,0,0,0,801796,5867,5825317,149,13,44641063,52,49431118
141764,11,1,2020,8,16,5,3,5,3,0,1,1,0,0,0,0,0,797484,489,5831065,626,13,38822492,52,54820674
141765,11,9,2020,8,15,3,3,0,5,0,0,1,0,1,0,0,0,810548,5246,5819982,386,13,56994973,52,44159447
141766,11,2,2020,8,11,4,3,0,1,0,1,0,0,0,0,0,0,797470,7355,5825016,629,13,38261297,52,49399215
141767,11,4,2020,8,10,6,3,3,6,0,0,1,0,1,0,0,0,793369,445,5822503,99,13,32015896,52,47367935
141768,11,5,2020,8,14,1,2,5,3,0,0,1,0,0,0,0,0,783915,9607,5831353,87,13,1889153,52,55802581
141769,11,8,2020,8,10,6,2,2,6,0,0,1,0,0,0,0,0,803613,297,5817871,904,13,46631681,52,42657282
141770,11,1,2020,8,15,5,3,2,2,0,1,1,0,0,0,0,0,795427,6606,5827466,739,13,35478142,52,51706513
141771,11,9,2020,8,9,6,3,2,6,0,1,0,0,0,0,0,0,810714,3199,5818927,546,13,57140067,52,43204718
141772,11,8,2020,8,12,7,3,2,6,0,0,1,0,0,0,0,0,802042,5843,5822429,707,13,4474073,52,46829466
141773,11,7,2020,8,19,6,2,5,7,1,0,1,0,0,0,0,0,796543,7474,5823965,372,13,36806342,52,48507303
141774,11,3,2020,8,16,6,3,2,6,0,0,1,0,0,0,1,0,804459,4392,5840784,462,13,4997042,52,63145744
141775,11,9,2020,8,18,3,3,5,2,0,0,1,0,1,0,0,0,808979,7198,5818114,508,13,54521658,52,42574319
141776,11,5,2020,8,8,7,3,2,2,0,0,1,0,1,0,0,0,783406,702,5826585,87,13,17734826,52,51554757
141777,11,6,2020,8,18,3,3,5,3,0,1,1,0,0,0,0,0,789993,6862,5819153,653,13,26769431,52,44545315
141778,11,7,2020,8,19,6,3,5,3,0,1,1,0,0,0,0,0,797318,3839,5822178,262,13,37784433,52,46863217
141779,11,8,2020,8,17,6,3,5,3,0,0,1,0,0,0,0,0,804634,6453,5818533,386,13,48189412,52,43193387
141780,11,7,2020,8,17,3,2,8,1,0,0,0,0,1,0,0,0,796821,358,5821001,895,13,36950284,52,45835738
141781,11,4,2020,8,19,6,3,6,7,0,1,0,1,0,0,0,0,792224,5732,5825336,834,13,30584182,52,49969681
141782,11,2,2020,8,9,5,3,5,3,0,0,1,0,1,0,0,0,799129,2013,5826277,654,13,40810125,52,50438911
141783,11,9,2020,8,16,3,3,2,6,0,0,1,0,0,0,0,0,804337,231,5819724,12,13,47861697,52,44277077
141784,11,7,2020,8,18,6,3,3,6,0,0,1,0,1,0,0,0,796447,7622,5824887,623,13,36747444,52,49339229
141785,11,4,2020,8,11,1,3,5,2,0,1,1,0,0,0,0,0,793710,6813,5824869,265,13,3272592,52,49470744
141786,11,4,2020,8,18,6,3,3,6,0,1,1,0,0,0,0,0,792242,7055,5825343,363,13,30611391,52,49974563
141787,11,3,2020,8,14,5,3,0,6,0,0,1,0,1,0,0,0,802697,7611,5831785,537,13,46553101,52,55178755
141788,11,2,2020,8,18,6,3,5,2,0,1,1,0,0,0,0,0,803638,4512,5827391,375,13,47534885,52,51188051
141789,11,2,2020,8,15,7,3,5,2,0,0,1,0,1,0,0,0,801248,424,5827823,23,13,44062844,52,51707646
141790,11,5,2020,8,17,6,3,2,6,0,0,1,0,0,0,0,0,785790,6008,5829277,71,13,21470665,52,53843783
141791,11,10,2020,8,14,6,3,5,2,0,0,1,0,0,0,0,0,811350,861,5831955,303,13,59290489,52,54843208
141792,11,7,2020,8,16,3,3,2,6,0,1,1,0,0,0,0,0,797099,8741,5819931,419,13,37263755,52,44861024
141793,11,5,2020,8,16,6,3,5,3,0,1,1,0,0,0,0,0,785973,1138,5829201,678,13,2173249,52,53766039
141794,11,5,2020,8,16,6,3,5,2,0,0,1,0,0,0,0,0,785769,8721,5828534,299,13,21376259,52,53178342
141795,11,12,2020,8,19,5,3,5,2,0,0,1,0,1,0,0,0,790132,1728,5835779,493,13,28422771,52,59443205
141796,11,1,2020,8,16,3,3,5,2,0,1,0,0,1,0,0,0,795407,3401,5829565,163,13,35634707,52,53588676
141797,11,7,2020,8,15,6,3,3,6,0,1,0,0,0,1,0,0,798937,8363,5821722,196,13,40120509,52,46366042
141798,11,6,2020,8,9,1,3,5,2,0,1,1,0,0,0,0,0,793459,3213,5817164,666,13,31679403,52,42577333
141799,11,1,2020,8,15,6,2,6,4,0,1,0,1,0,0,0,0,797147,6046,5827760,858,13,38031685,52,51876719
141800,11,7,2020,8,14,6,3,5,1,0,0,1,0,0,0,0,0,798472,1916,5821743,554,13,39439051,52,46410642
141801,11,7,2020,8,7,5,3,0,3,0,0,1,0,1,0,0,0,800040,8463,5814704,893,13,41109553,52,40015555
141802,11,1,2020,8,15,3,3,3,6,0,1,0,0,0,0,0,0,797076,4889,5828173,27,13,37964017,52,52250275
141803,11,4,2020,8,14,6,3,3,6,0,0,1,0,0,0,0,0,792988,3634,5826962,627,13,31849225,52,51386191
141804,11,3,2020,8,20,1,3,5,3,1,1,1,0,0,0,0,0,801533,7974,5831433,268,13,44809617,52,54927574
141805,11,8,2020,8,14,4,3,5,2,0,1,1,0,0,0,0,0,801103,3247,5821988,868,13,43322448,52,46486173
141806,11,1,2020,8,14,6,3,5,2,0,0,1,0,0,0,0,0,795117,7216,5828256,471,13,35092772,52,52431228
141807,11,1,2020,8,16,6,3,2,6,0,0,1,0,0,0,0,0,795181,8078,5826945,327,13,3507062,52,5125242
141808,11,7,2020,8,13,6,3,2,6,0,0,1,0,0,0,1,0,797864,806,5821786,266,13,3855146,52,46482072
141809,11,5,2020,8,12,6,3,3,6,0,0,1,0,1,0,0,0,784758,24,5828669,812,13,19900548,52,53352788
141810,11,11,2020,8,15,3,3,5,3,0,1,1,0,0,0,0,0,804188,9246,5829535,463,13,48539609,52,53079046
141811,11,12,2020,8,11,2,2,5,2,0,0,1,0,0,0,0,0,792354,3866,5834061,452,13,31542523,52,57784057
141812,11,8,2020,8,14,5,3,2,6,0,0,1,0,0,0,0,0,800364,4641,5820545,13,13,42108234,52,45232749
141813,11,12,2020,8,21,5,3,1,5,1,1,1,0,0,0,0,0,796011,2137,5833247,778,13,36850754,52,56857004
141814,11,1,2020,8,8,5,3,5,2,0,1,1,0,0,0,0,0,794651,5105,5830518,39,13,34608087,52,54483775
141815,11,8,2020,8,15,3,3,5,3,0,0,1,0,0,0,0,0,801890,4797,5823323,58,13,44598391,52,47639065
141816,11,4,2020,8,18,5,3,5,2,0,0,0,0,1,0,0,0,792825,6669,5823229,994,13,3128201,52,48048736
141817,11,8,2020,8,17,7,3,1,5,0,1,1,0,0,0,0,0,800837,6756,5822557,354,13,4298385,52,47010361
141818,11,11,2020,8,18,4,3,0,7,0,0,1,0,1,0,0,0,804841,2026,5831305,544,13,4966059,52,54629034
141819,11,5,2020,8,18,5,3,2,7,0,0,0,0,1,0,1,0,786653,4809,5830452,176,13,22840793,52,54851444
141820,11,1,2020,8,14,6,3,4,6,0,1,0,0,0,0,0,0,795140,95,5827071,588,13,35021786,52,51367814
141821,11,9,2020,8,21,4,3,0,1,2,1,0,0,0,0,0,0,806825,9442,5821994,399,13,51720348,52,46172806
141822,11,12,2020,8,18,5,2,5,2,0,1,1,0,0,0,0,0,790817,2396,5834066,979,13,29280978,52,57871379
141823,11,2,2020,8,22,6,3,2,6,2,0,1,0,0,0,1,0,799937,6258,5825743,943,13,41949539,52,49916143
141824,11,7,2020,8,23,5,2,1,5,2,1,1,0,0,0,0,0,796149,411,5824146,227,13,36242844,52,48690847
141825,11,1,2020,8,9,6,3,5,2,0,1,1,0,0,0,0,0,797243,9646,5829094,653,13,38292498,52,53067061
141826,11,1,2020,8,15,3,3,0,6,0,0,1,0,1,0,0,0,797047,5149,5831413,19,13,38211049,52,55156068
141827,11,10,2020,8,11,4,2,5,3,0,0,1,0,1,0,0,0,809965,4844,5832052,628,13,57263019,52,55009425
141828,11,4,2020,8,23,5,2,3,6,2,0,1,0,0,0,0,0,790421,6714,5825996,237,13,27993252,52,50657091
141829,11,9,2020,8,22,5,3,4,6,2,1,0,0,0,0,0,0,813934,2084,5821819,902,13,62132435,52,45612757
141830,11,6,2020,8,17,5,3,5,2,0,0,1,0,0,0,0,0,795355,1582,5818456,547,13,34573613,52,43633425
141831,11,8,2020,8,23,4,3,1,1,2,1,1,0,0,0,0,0,801307,2223,5824649,445,13,43862051,52,48859677
141832,11,8,2020,8,18,5,3,5,3,0,0,1,0,1,0,0,0,803191,3141,5822723,677,13,46453317,52,47029322
141833,11,1,2020,8,8,7,3,5,2,0,0,1,0,0,0,1,0,794495,2127,5830685,829,13,34393147,52,54642638
141834,11,9,2020,8,7,4,3,5,3,0,0,1,0,0,0,0,0,807258,2426,5822163,17,13,52370162,52,46299637
141835,11,10,2020,8,18,5,3,5,2,0,1,1,0,0,0,0,0,806554,8742,5829154,445,13,51981423,52,52605038
141836,11,3,2020,8,18,6,3,5,3,0,0,1,0,1,0,0,0,797250,373,5834982,928,13,3882924,52,58344819
141837,11,1,2020,8,18,5,3,1,5,0,1,1,0,0,0,0,0,796935,3569,5831429,733,13,38047597,52,55177013
141838,11,5,2020,8,11,5,3,5,2,0,1,1,0,0,0,0,0,785717,937,5829289,887,13,21364865,52,53858511
141839,11,1,2020,8,14,3,3,5,2,0,1,0,0,0,0,1,0,795702,6545,5828178,234,13,35945474,52,52329403
141840,11,9,2020,8,22,5,3,0,1,2,1,0,0,0,0,0,0,807236,7576,5821825,401,13,52307563,52,45998266
141841,11,4,2020,8,13,1,3,5,2,0,1,1,0,0,0,0,0,793382,9364,5821960,333,13,31988556,52,46880617
141842,11,8,2020,8,21,5,3,5,2,2,1,1,0,0,0,0,0,801111,517,5822185,343,13,43351516,52,46661854
141843,11,1,2020,8,17,4,3,5,7,0,1,1,0,0,0,0,0,796844,337,5828971,912,13,37694149,52,52978814
141844,11,4,2020,8,12,3,3,0,2,0,0,1,0,1,0,0,1,791728,2012,5826104,348,13,29922278,52,50684306
141845,11,4,2020,8,7,3,3,4,7,0,1,1,0,0,0,0,1,793686,9179,5824482,71,13,32656887,52,4912492
141846,11,4,2020,8,17,1,2,6,2,0,0,1,1,0,0,0,0,791778,2964,5827052,776,13,30079028,52,51531877
141847,11,11,2020,8,15,6,3,4,5,0,0,1,0,1,0,0,0,803307,6403,5826203,754,13,46940714,52,50142013
141848,11,12,2020,8,14,4,3,1,5,0,1,1,0,0,0,0,1,791663,2768,5833650,399,13,30489354,52,57452647
141849,11,4,2020,8,7,4,3,2,2,0,0,1,0,1,0,0,0,792860,6302,5824351,871,13,31431918,52,49052593
141850,11,12,2020,8,8,7,3,0,1,0,0,0,0,1,0,0,1,793212,7296,5832406,724,13,32659304,52,56254506
141851,11,8,2020,8,19,5,3,5,3,0,1,1,0,0,0,0,0,801409,4771,5818895,247,13,43492566,52,43696386
141852,11,7,2020,8,17,4,3,0,4,0,1,0,1,0,0,0,0,797813,783,5823058,326,13,38590132,52,47625114
141853,11,1,2020,8,16,3,3,0,1,0,0,0,0,1,0,0,0,796857,329,5830640,11,13,37861833,52,54473475
141854,11,9,2020,8,19,3,3,0,1,0,1,0,0,0,0,0,0,808882,2438,5819336,489,13,54491629,52,43674962
141855,11,5,2020,8,9,5,3,4,2,0,1,1,0,0,0,0,0,786049,4819,5831801,131,13,22068711,52,5609263
141856,11,4,2020,8,12,3,3,0,5,0,0,1,0,1,0,0,1,791729,2881,5824410,984,13,29775544,52,49166166
141857,11,8,2020,8,12,2,3,3,6,0,1,1,0,0,0,0,0,801317,6457,5823816,318,13,43802046,52,4811235
141858,11,7,2020,8,15,4,3,5,2,0,1,1,0,0,0,0,0,799511,826,5815705,235,13,40423763,52,40941196
141859,11,2,2020,8,18,3,3,5,2,0,0,1,0,0,0,1,0,800671,7115,5825813,803,13,43033991,52,49938365
141860,11,6,2020,8,0,1,3,9,1,2,0,1,0,0,0,0,0,785436,363,5818399,37,13,20017933,52,44108844
141861,11,9,2020,8,7,6,3,5,3,0,1,1,0,0,0,0,0,810180,5887,5820400,423,13,56494198,52,44554962
141862,11,7,2020,8,16,4,2,5,2,0,0,1,0,1,0,0,1,797562,1809,5820790,124,13,38018518,52,45605623
141863,11,1,2020,8,21,3,3,5,3,1,0,1,0,0,0,0,0,796169,315,5832279,675,13,36996504,52,55980619
141864,11,8,2020,8,14,3,3,2,6,0,1,1,0,0,0,0,0,801901,8366,5823562,606,13,44636701,52,4785268
141865,11,4,2020,8,1,6,3,5,2,2,0,1,0,0,0,0,0,792443,2313,5824098,429,13,30796669,52,48847765
141866,11,1,2020,8,16,5,3,3,6,0,1,0,0,1,0,0,0,797295,376,5829035,7,13,38362736,52,53010848
141867,11,11,2020,8,11,4,2,6,4,0,0,1,1,0,0,0,1,806027,7881,5826493,675,13,50962217,52,50249986
141868,11,3,2020,8,7,3,2,0,1,0,1,0,0,0,0,0,0,800042,742,5835612,298,13,42995252,52,58755665
141869,11,3,2020,8,12,5,3,4,7,0,1,0,0,0,0,1,0,802893,7453,5832266,12,13,46885106,52,55598498
141870,11,1,2020,8,15,7,3,3,6,0,1,1,0,0,0,0,0,797713,167,5831817,113,13,39225901,52,55481799
141871,11,12,2020,8,17,5,2,5,2,0,1,1,0,0,0,0,0,790703,54,5834317,984,13,29134883,52,58102505
141872,11,4,2020,8,13,4,3,5,3,0,0,1,0,0,0,0,1,791095,5726,5824381,292,13,28842204,52,4917338
141873,11,4,2020,8,9,3,3,2,6,0,0,1,0,0,0,0,0,791899,6985,5826309,172,13,30192202,52,50858753
141874,11,5,2020,8,13,5,3,6,4,0,0,0,0,1,0,1,0,785193,2188,5828922,169,13,20561741,52,53556305
141875,11,9,2020,8,12,3,3,0,2,0,1,0,0,1,0,0,0,805697,909,5820386,495,13,49916791,52,44794983
141876,11,5,2020,8,22,2,3,1,7,2,0,1,0,0,0,0,0,781706,402,5829146,37,13,15453678,52,53938696
141877,11,5,2020,8,14,4,3,1,5,0,1,1,0,0,0,0,0,784124,9183,5830545,311,13,19129791,52,55067427
141878,11,5,2020,8,12,3,3,0,1,0,0,1,0,1,0,0,1,785334,2951,5829287,997,13,20800584,52,53876918
141879,11,6,2020,8,13,1,2,5,2,0,0,1,0,1,0,0,0,785009,3608,5817562,51,13,19320032,52,4338036
141880,11,8,2020,8,5,6,3,1,7,1,0,1,0,0,0,0,0,801453,4794,5818088,478,13,43484361,52,42970826
141881,11,1,2020,8,9,3,3,2,6,0,1,0,0,0,1,0,0,798237,7494,5829033,752,13,39747708,52,52958191
141882,11,2,2020,8,20,3,3,2,2,1,1,0,0,1,0,0,1,799878,2534,5825706,321,13,41858951,52,49885683
141883,11,12,2020,8,20,3,3,2,6,1,0,1,0,1,0,0,1,793877,3568,5836161,439,13,33969837,52,5958451
141884,11,11,2020,8,15,5,3,5,3,0,1,1,0,0,0,0,0,805201,2379,5833655,271,13,50405929,52,5671478
141885,11,4,2020,8,10,4,3,5,3,0,0,1,0,0,0,0,1,789175,817,5826352,762,13,26192666,52,51042946
141886,11,12,2020,8,15,2,3,2,6,0,0,1,0,1,0,0,1,795808,548,5832589,618,13,3649392,52,56278046
141887,11,6,2020,8,19,4,3,5,2,0,1,0,0,0,0,1,0,789614,5037,5819809,854,13,26269979,52,45153723
141888,11,4,2020,8,18,3,3,5,3,0,1,1,0,0,0,0,0,792661,8387,5823065,325,13,31027007,52,47909897
141889,11,4,2020,8,7,3,3,5,7,0,1,1,0,0,0,0,1,791709,6234,5826147,625,13,29898776,52,50724095
141890,11,8,2020,8,16,2,3,5,3,0,1,1,0,0,0,0,0,805585,3809,5818535,169,13,49583664,52,43141961
141891,11,6,2020,8,10,4,3,2,6,0,0,1,0,0,1,0,0,790835,2383,5817589,429,13,27868046,52,43098258
141892,11,4,2020,8,12,3,3,5,3,0,0,1,0,0,0,0,1,790957,7608,5822385,939,13,28465643,52,47391881
141893,11,1,2020,8,11,3,3,2,6,0,0,1,0,0,0,1,1,794128,1523,5828463,102,13,33656673,52,52669934
141894,11,3,2020,8,8,2,3,2,6,0,0,1,0,1,0,0,0,800153,387,5836453,132,13,43233757,52,59503232
141895,11,1,2020,8,13,4,3,5,3,0,1,1,0,0,0,0,1,798043,917,5829410,451,13,3949538,52,53306498
141896,11,7,2020,8,18,3,3,5,3,0,1,1,0,0,0,0,0,797581,7909,5823265,213,13,38268025,52,47823211
141897,11,11,2020,8,19,7,3,5,2,1,1,1,0,0,0,0,1,803792,754,5827707,433,13,47789414,52,51462771
141898,11,4,2020,8,12,6,3,2,6,0,0,1,0,0,0,0,0,791825,7228,5826109,632,13,3006602,52,50683826
141899,11,2,2020,8,8,3,3,5,2,0,1,1,0,0,0,0,1,797938,672,5825259,618,13,38970239,52,49591504
141900,11,1,2020,8,19,3,3,0,1,0,1,0,0,0,0,0,0,797655,4918,5828088,742,13,38807328,52,5214293
141901,11,8,2020,8,10,5,3,0,1,0,1,0,0,0,0,0,0,802909,6979,5823527,619,13,46113007,52,47765515
141902,11,9,2020,8,8,4,3,5,3,0,1,1,0,0,0,0,1,812413,9208,5819589,785,13,5969378,52,43701383
141903,11,1,2020,8,14,2,3,5,2,0,1,0,0,0,0,1,0,798033,8835,5826576,655,13,39227946,52,50766867
141904,11,2,2020,8,18,4,3,2,6,0,1,1,0,0,0,0,0,803582,5246,5827259,687,13,47440716,52,51073135
141905,11,2,2020,8,17,3,3,0,3,0,1,1,0,0,0,0,0,799139,9818,5825784,44,13,40781619,52,49995869
141906,11,4,2020,8,4,3,3,2,6,2,0,1,0,0,0,0,0,794369,676,5826063,712,13,3379938,52,50505994
141907,11,9,2020,8,12,1,3,0,6,0,1,0,0,0,0,0,0,814560,8107,5820805,253,13,62956015,52,44667517
141908,11,9,2020,8,18,6,3,0,1,0,1,0,0,0,0,0,0,811229,124,5817688,365,13,57779392,52,4206496
141909,11,1,2020,8,8,4,3,5,2,0,0,1,0,0,0,0,0,793379,5026,5829578,386,13,32654738,52,53710071
141910,11,6,2020,8,12,7,2,1,5,0,1,1,0,0,0,0,0,791936,364,5817770,27,13,29498366,52,43201749
141911,11,12,2020,8,19,5,3,5,3,0,0,1,0,0,0,0,0,795062,806,5832467,537,13,35386108,52,56209076
141912,11,2,2020,8,17,4,3,5,3,0,1,0,0,0,0,1,1,801743,1943,5826255,26,13,44647623,52,502747
141913,11,8,2020,8,17,3,3,1,5,0,1,1,0,0,0,0,0,800566,34,5824440,461,13,42754844,52,48713215
141914,11,11,2020,8,17,3,2,5,2,0,1,1,0,0,0,0,0,807501,9581,5824462,4,13,52939727,52,48346668
141915,11,9,2020,8,10,5,3,0,7,0,0,1,1,0,0,0,0,806938,5482,5821867,13,51873854,52,46052304,
141916,11,6,2020,8,18,7,3,5,2,0,1,1,0,0,0,0,1,795523,201,5818638,372,13,34835902,52,43787353
141917,11,1,2020,8,13,5,3,0,1,0,1,0,0,0,0,0,0,798165,7117,5829350,46,13,39670236,52,53246019
141918,11,9,2020,8,20,4,3,5,3,2,1,1,0,0,0,0,1,808551,268,5821644,339,13,54219434,52,45761943
141919,11,5,2020,8,10,3,3,5,2,0,1,1,0,0,0,0,0,784822,5934,5830260,185,13,20131513,52,54775348
141920,11,1,2020,8,3,5,3,8,1,2,0,0,0,0,0,1,0,798658,1808,5828756,808,13,40340764,52,52686932
141921,11,5,2020,8,16,4,3,2,2,0,0,1,0,0,0,0,1,786522,533,5831603,98,13,2274754,52,55890208
141922,11,6,2020,8,13,2,3,5,3,0,1,0,0,0,0,0,0,794530,5608,5820050,813,13,3350464,52,45107078
141923,11,2,2020,8,17,4,3,6,7,0,0,1,1,0,0,0,0,800211,6674,5824811,942,13,42268037,52,49065684
141924,11,5,2020,8,17,3,2,2,7,0,0,1,0,0,0,0,0,781867,9307,5829583,6,13,15728267,52,54321899
141925,11,3,2020,8,2,3,2,0,1,2,1,0,0,0,0,0,0,800751,5582,5830929,561,13,43613842,52,54519336
141926,11,9,2020,8,17,1,3,5,2,0,1,1,0,0,0,0,0,805788,7471,5822881,744,13,50279787,52,47026223
141927,11,4,2020,8,0,6,3,2,7,2,0,1,0,1,0,0,0,788854,7081,5827182,309,13,25793922,52,51803637
141928,11,1,2020,8,13,4,3,2,6,0,0,1,0,1,0,0,1,796385,4821,5830093,56,13,3711974,52,54009224
141929,11,1,2020,8,0,4,3,2,6,2,0,1,0,0,0,0,1,796629,339,5826691,177,13,37174764,52,50946074
141930,11,5,2020,8,7,7,3,5,3,0,1,1,0,0,0,0,1,782805,6886,5830365,257,13,17174001,52,54974643
141931,11,1,2020,8,18,5,3,5,2,0,1,1,0,0,0,0,0,797534,171,5832714,618,13,39043348,52,56296069
141932,11,3,2020,8,17,4,3,5,2,0,1,1,0,0,0,0,1,802341,8775,5829201,585,13,45794683,52,52882551
141933,11,5,2020,8,7,3,3,5,2,0,1,1,0,0,0,0,0,784740,7788,5828586,423,13,19867732,52,53278934
141934,11,6,2020,8,16,3,3,5,2,0,1,1,0,0,0,0,0,789635,7354,5818176,446,13,2615954,52,43688183
141935,11,8,2020,8,9,5,3,5,3,0,1,1,0,0,0,0,0,802482,7468,5822558,281,13,45398375,52,46920355
141936,11,7,2020,8,15,3,3,5,3,0,1,1,0,0,0,0,0,799240,9713,5812651,586,13,39754052,52,38218763
141937,11,7,2020,8,22,2,3,1,5,2,0,1,0,0,1,0,0,800488,5024,5814117,326,13,41712865,52,3946434
141938,11,3,2020,8,15,4,3,5,3,0,1,1,0,0,0,0,0,800084,9816,5831671,348,13,42700854,52,55220976
141939,11,9,2020,8,15,3,2,5,3,0,1,0,0,0,0,1,0,806529,2338,5821688,688,13,51256921,52,45915468
141940,11,4,2020,8,16,1,3,5,3,0,1,1,0,0,0,0,0,793975,7444,5824708,48,13,3310104,52,49312338
141941,11,5,2020,8,6,6,3,5,3,0,1,1,0,0,0,0,0,785007,8758,5829784,277,13,20363178,52,54338962
141942,11,9,2020,8,15,3,3,5,3,0,1,0,0,0,0,0,0,802287,2507,5825476,553,13,45376058,52,49546842
141943,11,4,2020,8,15,4,3,5,7,0,0,1,0,1,0,0,1,791538,8506,5828044,451,13,2981408,52,52433704
141944,11,3,2020,8,13,2,3,5,2,0,1,1,0,0,0,0,0,801176,9306,5833197,268,13,44444965,52,56528399
141945,11,8,2020,8,16,4,2,5,2,0,0,1,0,1,0,0,0,803151,7458,5818445,542,13,46006947,52,43197028
141946,11,3,2020,8,15,2,3,5,3,0,0,1,0,0,0,0,0,800463,4526,5832321,987,13,43316268,52,55783292
141947,11,6,2020,8,10,1,3,3,6,0,1,1,0,0,0,0,0,791603,5629,5821168,612,13,29307365,52,46266109
141948,11,2,2020,8,8,6,3,5,2,0,1,1,0,0,0,0,0,800475,1565,5828227,223,13,42963185,52,52112415
141949,11,12,2020,8,13,4,3,2,6,0,0,1,0,0,0,0,1,793179,344,5832282,316,13,32599201,52,56144778
141950,11,7,2020,8,22,3,3,5,3,2,1,1,0,0,0,0,1,796371,9703,5825279,303,13,36670981,52,4969445
141951,11,9,2020,8,15,3,2,6,4,0,0,1,1,0,0,0,0,807669,8388,5820991,792,13,52866165,52,45226808
141952,11,10,2020,8,20,7,3,0,7,0,1,0,0,0,0,0,0,806566,9413,5828124,233,13,51904206,52,51681064
141953,11,4,2020,8,17,5,3,2,6,0,1,1,0,0,0,0,0,789038,1726,5823756,746,13,25766193,52,48722784