OBJECTID,LAND,BEZ,UJAHR,UMONAT,USTUNDE,UWOCHENTAG,UKATEGORIE,UART,UTYP1,ULICHTVERH,IstRad,IstPKW,IstFuss,IstKrad,IstGkfz,IstSonstige,USTRZUSTAND,LINREFX,LINREFY,XGCSWGS84,YGCSWGS84,,,,
142176,11,2,2020,8,18,4,3,5,2,0,1,1,0,0,0,0,1,800718,341,5827873,451,13,43288093,52,51781931
142177,11,4,2020,8,17,3,3,2,6,0,0,1,0,1,0,0,0,793894,5762,5825876,345,13,33084882,52,50363642
142178,11,5,2020,8,12,5,2,3,6,0,0,1,0,0,1,1,0,786901,9018,5828191,38,13,23010941,52,52811425
142179,11,9,2020,8,16,4,3,2,6,0,0,1,0,0,0,1,1,805900,8372,5819000,172,13,50088759,52,43541092
142180,11,2,2020,8,13,2,2,5,7,0,1,1,0,0,0,0,0,801379,281,5827330,105,13,44210073,52,51258436
142181,11,8,2020,8,16,4,3,5,3,0,1,0,0,1,0,0,0,803726,9247,5818020,182,13,46811746,52,42783876
142182,11,1,2020,8,11,2,3,5,2,0,1,0,0,0,0,1,0,795436,1307,5831605,226,13,35858485,52,5541585
142183,11,8,2020,8,12,3,2,1,5,0,1,1,0,0,0,0,1,801593,1752,5817570,11,13,43642456,52,42498408
142184,11,12,2020,8,16,1,3,6,4,0,0,1,1,0,0,0,0,793349,2432,5832695,884,13,32885682,52,56506368
142185,11,3,2020,8,14,6,3,5,2,0,1,1,0,0,0,0,0,802060,9939,5832765,662,13,45705995,52,56092579
142186,11,11,2020,8,13,4,3,5,2,0,1,1,0,0,0,0,1,804296,7046,5828423,976,13,48596299,52,52076851
142187,11,12,2020,8,13,3,3,5,2,0,1,1,0,0,0,0,0,792082,3606,5832942,522,13,31043666,52,56795586
142188,11,4,2020,8,1,7,3,0,1,2,0,0,0,0,0,1,0,791183,1083,5826514,456,13,29157297,52,51081086
142189,11,7,2020,8,17,5,3,2,6,0,1,1,0,0,0,0,0,795877,7252,5824525,385,13,35878102,52,49045442
142190,11,9,2020,8,11,4,3,5,3,0,0,1,0,0,0,0,1,807669,1305,5819375,53,13,527163,52,43778323
142191,11,3,2020,8,7,3,3,5,3,0,1,1,0,0,0,0,0,798625,6157,5834002,492,13,40764665,52,57390702
142192,11,2,2020,8,8,5,3,5,3,0,1,0,0,0,0,1,0,796853,912,5825717,16,13,37417835,52,50060623
142193,11,2,2020,8,8,2,3,3,6,0,0,0,0,0,0,1,0,800271,1829,5824577,245,13,42334283,52,48852043
142194,11,8,2020,8,22,2,3,5,3,2,0,1,0,1,0,0,0,801703,2556,5817218,486,13,43772155,52,42177256
142195,11,2,2020,8,17,4,3,5,2,0,1,1,0,0,0,0,1,801760,37,5826241,668,13,44671639,52,50261777
142196,11,10,2020,8,17,3,3,5,3,0,0,1,0,0,0,0,0,812130,5631,5824744,805,13,59760277,52,48337143
142197,11,7,2020,8,7,2,3,2,2,0,0,1,0,0,0,0,0,800327,1721,5815547,961,13,4160474,52,40755557
142198,11,4,2020,8,10,5,3,5,2,0,0,1,0,0,0,0,0,792729,4009,5826183,104,13,31400143,52,50701279
142199,11,11,2020,8,7,2,3,2,2,0,0,1,0,0,0,0,0,803348,9645,5830085,903,13,47355395,52,53619197
142200,11,1,2020,8,14,4,3,1,5,0,0,1,0,1,0,0,1,796441,4429,5830319,251,13,37222149,52,54208488
142201,11,8,2020,8,12,2,3,6,4,0,0,1,1,0,0,0,0,801020,1874,5822121,922,13,43212443,52,46610015
142202,11,5,2020,8,15,4,3,0,7,0,0,0,0,0,1,0,0,785175,286,5828306,75,13,20482514,52,5300486
142203,11,3,2020,8,5,2,3,2,6,1,0,1,0,0,1,0,0,802854,553,5832031,37,13,46806067,52,55390374
142204,11,12,2020,8,6,1,3,1,1,0,0,1,0,0,0,0,0,792585,9329,5837160,316,13,32156977,52,60549585
142205,11,1,2020,8,8,6,3,5,5,0,0,1,0,1,0,0,0,800379,3501,5826748,4,13,42688879,52,50791854
142206,11,6,2020,8,7,4,3,1,5,0,1,1,0,0,0,0,0,784459,7181,5816436,354,13,18417958,52,42399637
142207,11,7,2020,8,21,3,2,6,4,1,0,1,1,0,0,0,1,796057,9691,5825341,554,13,36215326,52,49767295
142208,11,1,2020,8,15,3,3,5,3,0,0,1,0,0,0,1,0,795600,6921,5830982,36,13,36045047,52,54848581
142209,11,9,2020,8,19,7,3,0,1,0,1,1,0,0,0,0,1,802659,44,5824418,436,13,45826517,52,48577828
142210,11,6,2020,8,20,5,2,5,2,0,1,1,0,0,0,0,0,792938,3686,5817767,351,13,30968227,52,43145548
142211,11,12,2020,8,12,4,3,5,3,0,0,1,0,0,0,1,1,795726,578,5836431,263,13,3671532,52,59726164
142212,11,4,2020,8,7,3,3,6,4,0,0,1,1,0,0,0,0,791677,1674,5823522,634,13,29621246,52,48372553
142213,11,6,2020,8,13,5,3,1,5,0,0,1,0,0,1,0,0,791036,6499,5817718,865,13,28174725,52,43203588
142214,11,7,2020,8,0,2,3,5,3,2,0,1,0,0,0,0,0,795618,9049,5823726,175,13,35427124,52,48343034
142215,11,7,2020,8,19,2,3,0,1,0,1,1,0,0,0,0,0,795628,831,5825458,625,13,35594308,52,49895543
142216,11,2,2020,8,12,4,3,0,1,0,1,0,0,0,0,0,0,802016,1414,5826918,386,13,45108694,52,50854173
142217,11,11,2020,8,13,2,3,3,6,0,0,1,0,1,0,0,0,803080,2733,5829509,88,13,46907938,52,53117868
142218,11,7,2020,8,10,7,2,3,6,0,0,0,0,0,0,1,1,798535,6661,5819053,337,13,39291733,52,43995713
142219,11,1,2020,8,11,6,3,5,3,0,1,1,0,0,0,0,0,796390,6699,5831047,948,13,37212526,52,5486445
142220,11,2,2020,8,13,3,3,6,4,0,1,0,1,0,0,0,0,797974,9612,5824569,193,13,38961788,52,48970639
142221,11,5,2020,8,15,4,3,2,6,0,0,1,0,1,0,0,0,788025,5508,5830877,384,13,24895574,52,55160286
142222,11,10,2020,8,12,2,3,5,3,0,0,1,0,1,0,0,0,807422,8013,5828908,175,13,53233976,52,52335462
142223,11,2,2020,8,15,1,3,6,7,0,1,0,1,0,0,0,0,800518,941,5825801,115,13,42808473,52,49935408
142224,11,1,2020,8,6,6,3,2,3,0,1,0,0,0,0,0,0,795013,4754,5829926,179,13,3508775,52,53933632
142225,11,1,2020,8,12,3,3,0,1,0,1,0,0,0,0,0,0,798645,2673,5828480,101,13,40296935,52,5243961
142226,11,12,2020,8,20,3,3,1,5,1,0,1,0,0,0,0,1,789682,4309,5833146,351,13,27530511,52,57106564
142227,11,7,2020,8,13,3,3,2,6,0,0,1,0,0,0,0,0,798592,4067,5815975,647,13,39100217,52,41233812
142228,11,12,2020,8,20,6,3,1,5,2,0,1,0,0,0,0,0,794598,997,5837102,953,13,35115926,52,60389449
142229,11,12,2020,8,16,5,3,6,7,0,0,1,1,0,0,0,0,792481,7329,5833986,379,13,31723295,52,57709915
142230,11,1,2020,8,10,4,3,2,6,0,0,1,0,0,0,0,1,800121,8137,5827360,348,13,42365774,52,51354862
142231,11,1,2020,8,9,2,3,1,5,0,1,1,0,0,0,0,0,796871,3898,5826454,275,13,37509242,52,50720549
142232,11,6,2020,8,20,4,2,5,3,0,1,1,0,0,0,0,0,793632,2618,5820606,645,13,32235445,52,45653689
142233,11,4,2020,8,12,2,3,0,4,0,0,1,1,0,0,0,0,793391,2989,5823925,375,13,32173719,52,4864176
142234,11,9,2020,8,18,2,3,2,6,0,0,1,0,0,0,0,0,805701,9898,5824075,687,13,50261897,52,48101146
142235,11,5,2020,8,9,4,3,5,2,0,0,1,0,0,0,0,0,784844,4029,5829239,316,13,20076048,52,53858902
142236,11,11,2020,8,11,2,3,5,2,0,1,1,0,0,0,0,0,806067,9979,5825800,327,13,50957556,52,49626329
142237,11,11,2020,8,18,7,3,5,2,0,1,1,0,0,0,0,1,804143,8597,5829829,688,13,485003,52,53345262
142238,11,9,2020,8,10,6,3,2,6,0,0,1,0,0,0,0,0,809810,579,5819167,538,13,55837245,52,43471049
142239,11,1,2020,8,18,3,3,3,6,0,1,0,0,1,0,0,0,798359,4889,5828351,573,13,39865427,52,52340048
142240,11,12,2020,8,8,5,3,5,3,0,1,1,0,0,0,0,0,790582,6722,5840578,209,13,29507547,52,63721092
142241,11,12,2020,8,7,4,3,5,3,0,1,1,0,0,0,0,1,793575,1179,5834653,738,13,33391303,52,58249284
142242,11,2,2020,8,17,2,3,5,2,0,1,1,0,0,0,0,1,801149,5544,5827308,871,13,43871027,52,51252077
142243,11,12,2020,8,20,3,3,0,1,1,1,0,0,0,0,0,1,791247,704,5836415,154,13,30120889,52,59953431
142244,11,3,2020,8,15,5,3,5,2,0,1,1,0,0,0,0,0,798974,7439,5831466,456,13,41049809,52,55098375
142245,11,4,2020,8,9,4,3,5,2,0,1,1,0,0,0,0,1,794044,1842,5823929,828,13,33132848,52,48610628
142246,11,4,2020,8,15,2,3,6,7,0,0,1,1,0,0,0,0,793961,7879,5826169,225,13,33209478,52,50622573
142247,11,2,2020,8,18,4,3,3,6,0,0,1,0,1,0,0,0,798328,4196,5825556,14,13,39569188,52,49835896
142248,11,1,2020,8,11,2,2,5,2,0,1,1,0,0,0,0,0,797662,7642,5831882,283,13,39157842,52,55542962
142249,11,1,2020,8,12,3,2,5,2,0,1,0,0,0,1,0,0,799508,3239,5828833,768,13,41597105,52,52709278
142250,11,11,2020,8,9,2,3,0,7,0,0,0,0,1,0,0,0,804323,632,5826358,84,13,48447033,52,50224446
142251,11,4,2020,8,19,6,2,5,5,0,1,1,0,0,0,0,0,793491,7345,5825162,713,13,32430198,52,49745586
142252,11,4,2020,8,10,4,3,2,6,0,0,1,0,0,0,1,0,788994,8249,5827043,797,13,25987813,52,51672033
142253,11,4,2020,8,8,3,3,2,6,0,0,1,0,0,0,0,1,790989,5143,5826029,169,13,28830415,52,50656357
142254,11,11,2020,8,14,7,3,1,5,0,0,1,0,0,0,1,0,804961,73,5829708,239,13,49691184,52,53190717
142255,11,11,2020,8,15,5,2,5,3,0,1,1,0,0,0,0,0,803849,36,5830393,556,13,48118542,52,53867079
142256,11,7,2020,8,18,4,3,0,6,0,0,1,0,1,0,0,1,796493,287,5823584,64,13,36698386,52,48168752
142257,11,11,2020,8,17,3,3,5,3,0,1,1,0,0,0,0,0,803713,6535,5826226,37,13,47539078,52,50139701
142258,11,7,2020,8,7,3,3,5,2,0,1,1,0,0,0,0,1,793955,9989,5822152,572,13,32846681,52,47022147
142259,11,8,2020,8,11,5,3,1,5,0,1,1,0,0,0,0,0,801581,1653,5816657,267,13,43542578,52,41680945
142260,11,2,2020,8,15,4,3,5,3,0,1,0,0,0,0,0,1,800732,8495,5825794,752,13,43122064,52,49917921
142261,11,8,2020,8,13,2,3,5,3,0,0,1,0,1,0,0,0,801497,5947,5820182,377,13,4373793,52,44845225
142262,11,3,2020,8,16,4,3,5,2,0,0,1,0,1,0,0,0,800054,565,5837402,55,13,43174854,52,60359642
142263,11,3,2020,8,11,2,3,2,2,0,0,1,0,0,0,0,0,803017,6314,5842056,858,13,47963336,52,64366758
142264,11,4,2020,8,11,1,3,2,6,0,0,1,0,0,0,0,0,792939,718,5827485,213,13,31823758,52,51857283
142265,11,2,2020,8,12,6,3,9,7,0,0,0,0,1,0,0,0,799905,1515,5825158,146,13,41849103,52,49392851
142266,11,4,2020,8,13,4,3,6,4,0,1,0,1,0,0,0,1,794196,299,5825375,986,13,33483916,52,49898838
142267,11,1,2020,8,22,3,3,0,1,2,0,0,0,1,0,0,1,795052,64,5827184,91,13,34902078,52,51474176
142268,11,2,2020,8,16,3,3,5,3,0,1,1,0,0,0,0,0,799281,8806,5826219,607,13,41029179,52,50378507
142269,11,1,2020,9,1,1,3,2,6,2,1,0,0,0,0,0,0,797203,5432,5827484,707,13,38089214,52,51626133
142270,11,12,2020,9,18,4,3,0,1,0,0,0,0,1,0,0,1,794867,841,5833756,383,13,35213898,52,57374978
142271,11,8,2020,9,7,3,3,3,6,0,0,1,0,0,0,1,0,800316,445,5816751,459,13,41696989,52,41834913
142272,11,6,2020,9,17,3,3,5,3,0,0,1,0,1,0,0,0,789424,2279,5818032,815,13,25836833,52,43570609
142273,11,5,2020,8,16,2,3,0,1,0,0,0,0,1,0,0,1,787169,7949,5830668,179,13,23618824,52,55017909
142274,11,3,2020,8,16,2,3,2,2,0,0,1,0,1,0,0,1,799715,389,5836408,713,13,42585046,52,59487574
142275,11,9,2020,9,13,7,3,5,3,0,0,1,0,0,0,0,0,809993,5999,5820355,24,13,56215762,52,44525074
142276,11,3,2020,8,15,2,3,6,4,0,0,1,1,0,0,0,0,799970,8883,5831090,354,13,424806,52,54706498
142277,11,8,2020,9,15,6,3,2,6,0,0,1,0,0,0,0,0,802607,2044,5823073,558,13,45627774,52,47375308
142278,11,8,2020,8,8,2,3,6,4,0,0,1,1,0,0,0,0,801545,417,5819189,846,13,43718514,52,43952952
142279,11,10,2020,9,5,3,3,0,1,2,1,0,0,0,0,0,1,806553,2371,5829118,198,13,51975676,52,52572644
142280,11,7,2020,9,17,1,3,0,3,0,0,1,0,1,0,0,0,796060,9569,5825369,946,13,36222238,52,49792584
142281,11,5,2020,9,15,5,3,5,2,0,0,1,0,0,0,0,0,780340,652,5827613,379,13,13315912,52,52634542
142282,11,2,2020,9,5,3,3,4,6,2,0,1,0,0,1,0,0,801692,9638,5826139,899,13,44563415,52,50174288
142283,11,9,2020,8,8,2,3,5,3,0,0,1,0,0,0,0,1,807508,5535,5818412,27,13,52392207,52,42923838
142284,11,7,2020,9,20,7,3,5,2,2,0,1,0,0,0,0,0,799790,2934,5813977,9,13,40677256,52,3937682
142285,11,11,2020,9,22,4,3,5,3,2,1,1,0,0,0,0,1,802944,252,5829203,173,13,46679749,52,52850547
142286,11,1,2020,9,13,3,3,3,6,0,0,1,0,0,0,0,0,793522,648,5829257,952,13,32836025,52,53415141
142287,11,2,2020,8,7,2,3,5,2,0,0,1,0,1,0,0,0,798314,9487,5825384,118,13,39534008,52,49682549
142288,11,12,2020,8,7,2,3,0,2,0,0,1,0,1,0,0,1,791158,2513,5834220,358,13,29796285,52,57990644
142289,11,11,2020,9,13,6,3,2,6,0,0,1,0,0,0,0,0,803521,3628,5829724,429,13,47575782,52,53285621
142290,11,2,2020,8,7,2,3,5,3,0,1,1,0,0,0,0,0,799031,6087,5825053,357,13,4055685,52,49346849
142291,11,1,2020,8,7,2,3,0,1,0,1,0,0,0,0,0,1,794814,5755,5827364,276,13,34568165,52,51647839
142292,11,4,2020,9,15,2,3,0,1,0,0,0,0,1,0,0,0,790820,9065,5827387,103,13,28701366,52,51882737
142293,11,2,2020,9,19,5,3,5,3,0,1,1,0,0,0,0,0,800394,531,5827835,821,13,42809369,52,51766032
142294,11,8,2020,8,7,2,3,0,6,0,0,1,0,1,0,0,1,799349,4105,5816307,22,13,40239532,52,41489685
142295,11,8,2020,8,6,2,3,5,3,0,0,1,0,1,0,0,1,803098,106,5822634,294,13,46308399,52,46954381
142296,11,6,2020,9,16,2,2,5,3,0,0,1,0,0,0,0,0,796242,8985,5818269,599,13,35859135,52,4341783
142297,11,3,2020,9,22,5,3,5,7,2,1,1,0,0,0,0,1,802715,8876,5832480,9,13,46643161,52,55800986
142298,11,3,2020,8,4,2,2,5,3,2,0,1,0,1,0,0,1,800385,1674,5831941,163,13,43166676,52,5544627
142299,11,12,2020,9,16,1,3,5,2,0,0,1,0,0,0,0,0,792353,1431,5834071,128,13,31541547,52,57792798
142300,11,9,2020,9,13,5,3,5,2,0,1,1,0,0,0,0,0,809947,6481,5821593,92,13,56263231,52,45637012
142301,11,4,2020,9,13,3,3,5,2,0,1,1,0,0,0,0,0,791287,65,5826062,477,13,29271352,52,50670308
142302,11,5,2020,8,10,2,2,2,6,0,0,1,0,0,0,1,0,781042,365,5827413,442,13,14330636,52,52419135
142303,11,3,2020,9,21,7,3,5,2,2,0,1,0,0,0,0,0,802689,58,5831799,431,13,46542338,52,55191662
142304,11,12,2020,9,14,4,3,2,6,0,0,1,0,0,1,0,1,789328,7662,5833661,411,13,27055071,52,57587132
142305,11,4,2020,9,0,3,3,2,6,2,0,1,0,0,0,0,0,793276,5734,5826749,347,13,32253922,52,51179506
142306,11,3,2020,8,10,2,3,6,2,0,0,0,1,0,1,0,0,803729,42,5839258,859,13,48754338,52,61819331
142307,11,11,2020,8,9,2,3,3,6,0,0,1,0,0,0,0,0,806079,4588,5830135,818,13,51373192,52,53511277
142308,11,2,2020,9,11,6,3,5,2,0,1,1,0,0,0,0,1,802196,5283,5828340,829,13,45502856,52,52119118
142309,11,6,2020,8,9,2,3,5,3,0,0,1,0,1,0,0,0,792490,2178,5816479,13,30198271,52,42014528,
142310,11,1,2020,9,13,2,3,0,3,0,0,1,0,0,0,1,0,796258,1394,5828528,576,13,36793036,52,52613297
142311,11,3,2020,9,18,5,3,2,6,0,0,1,0,1,0,0,0,798153,7437,5836529,835,13,40297831,52,5968196
142312,11,2,2020,8,9,2,2,5,2,0,1,1,0,0,0,0,0,800404,6315,5825784,513,13,42639089,52,4992682
142313,11,4,2020,9,12,1,3,5,2,0,1,1,0,0,0,0,0,791920,9452,5822368,16,13,29878147,52,4732455
142314,11,3,2020,9,8,5,3,5,2,0,1,1,0,0,0,0,0,799149,55,5829205,595,13,41102486,52,53062293
142315,11,9,2020,9,0,3,3,1,7,2,0,1,0,0,0,0,0,806715,7298,5820324,831,13,51405291,52,4468267
142316,11,2,2020,9,17,3,3,0,1,0,1,0,0,0,0,0,0,802633,1616,5827374,727,13,46056555,52,51228995
142317,11,1,2020,8,9,2,3,5,2,0,1,1,0,0,0,0,0,799122,964,5827125,423,13,40877143,52,51199155
142318,11,1,2020,9,5,7,3,5,3,1,0,1,0,0,0,0,1,794564,291,5828438,66,13,34295536,52,52624476
142319,11,6,2020,9,7,4,3,0,1,0,1,0,0,0,0,0,1,793932,8572,5818179,23,13,32463002,52,4346144
142320,11,5,2020,9,12,3,3,5,2,0,0,1,0,1,0,0,0,783817,7328,5826900,412,13,18366686,52,51815373
142321,11,2,2020,9,14,1,3,0,1,0,0,0,0,1,0,0,0,802451,5248,5827414,306,13,45793315,52,51274544
142322,11,1,2020,9,11,5,2,5,7,0,0,1,0,1,0,0,0,798392,4727,5829040,253,13,39975699,52,52955551
142323,11,6,2020,9,11,3,2,5,7,0,0,1,0,1,0,0,0,794911,967,5819283,259,13,33995227,52,44398491
142324,11,9,2020,8,9,2,2,0,3,0,1,0,0,0,0,0,0,811082,308,5821943,168,13,57960358,52,45886275
142325,11,11,2020,9,15,7,3,0,2,0,0,0,0,0,0,1,0,805132,5561,5830007,879,13,49969744,52,53449706
142326,11,4,2020,9,9,4,3,5,2,0,1,1,0,0,0,0,0,791835,526,5824801,629,13,29965099,52,49510721
142327,11,3,2020,9,14,3,3,8,1,0,1,0,0,0,0,0,0,799942,5707,5831023,117,13,42432892,52,54647791
142328,11,1,2020,8,8,2,3,6,4,0,0,1,1,0,0,0,0,799698,2102,5827210,25,13,41729882,52,51243413
142329,11,4,2020,9,9,6,3,3,6,0,1,1,0,0,0,0,1,791366,9952,5824937,306,13,29289475,52,49657362
142330,11,4,2020,8,8,2,3,0,2,0,1,1,0,0,0,0,1,792968,5859,5825899,4,13,31726546,52,50433754
142331,11,5,2020,9,12,2,3,2,2,0,0,1,0,0,0,0,0,780070,7458,5827690,392,13,1292559,52,52717471
142332,11,1,2020,9,16,5,3,5,5,0,1,1,0,0,0,0,0,797601,5694,5829106,347,13,38819161,52,53058032
142333,11,8,2020,8,18,1,3,4,6,1,0,1,0,0,0,0,1,801312,9397,5823079,737,13,43728584,52,47452395
142334,11,1,2020,9,18,4,2,0,2,0,1,0,0,0,0,1,0,797261,9482,5829089,624,13,38318481,52,53061573
142335,11,8,2020,9,11,3,3,2,6,0,0,1,0,0,1,0,0,801247,8145,5821584,356,13,43497982,52,46115633
142336,11,5,2020,9,16,3,3,2,6,0,0,1,0,0,0,0,0,785649,6968,5831763,758,13,21477344,52,56080111
142337,11,4,2020,8,17,1,3,0,3,1,0,1,0,0,0,1,1,793502,1672,5826385,592,13,32553314,52,50841282
142338,11,9,2020,9,15,7,3,5,3,0,1,1,0,0,0,0,0,807018,203,5821144,326,13,51924006,52,4540016
142339,11,11,2020,8,17,1,2,2,6,0,0,1,0,0,0,0,1,803500,3071,5826623,437,13,47261932,52,50507453
142340,11,4,2020,9,21,6,2,8,1,2,0,0,0,1,0,0,0,785407,3964,5824784,371,13,20521677,52,49835176
142341,11,10,2020,8,17,1,2,5,2,1,1,1,0,0,0,0,1,809640,2109,5830264,388,13,56618167,52,53425382
142342,11,3,2020,9,10,3,2,5,2,0,1,0,0,0,0,1,0,799134,5428,5830601,149,13,41206849,52,54313988
142343,11,3,2020,8,16,1,3,0,6,0,1,1,0,0,0,0,1,800024,989,5833422,236,13,42770927,52,56793646
142344,11,12,2020,9,7,6,3,2,6,0,0,1,0,0,0,1,1,793209,8112,5832356,67,13,32650534,52,56209251
142345,11,8,2020,8,14,1,3,2,7,0,1,1,0,0,0,0,0,800856,8496,5822507,58,13,43007503,52,4696469
142346,11,1,2020,9,8,2,3,2,2,0,0,1,0,0,0,0,0,793980,1153,5831336,267,13,33693308,52,55253533
142347,11,1,2020,9,15,5,3,6,7,0,1,0,1,0,0,0,0,797234,915,5829075,459,13,3827748,52,5305035
142348,11,9,2020,8,14,1,3,5,3,0,0,1,0,0,0,0,0,819237,4534,5819959,576,13,69733169,52,43638767
142349,11,8,2020,9,10,1,3,0,2,0,1,0,0,1,0,0,0,801063,7066,5824939,82,13,43530725,52,49133382
142350,11,2,2020,9,17,4,3,0,7,0,0,1,0,0,0,1,1,801203,3317,5828638,585,13,44070422,52,52440952
142351,11,9,2020,9,9,3,3,2,6,0,0,1,0,0,1,0,0,809068,1919,5818751,937,13,54710264,52,43140585
142352,11,4,2020,9,16,3,3,0,2,0,1,1,0,0,0,0,0,792982,7097,5826101,721,13,31765135,52,50614724
142353,11,7,2020,8,13,1,3,6,4,0,0,1,1,0,0,0,0,799278,1965,5819055,602,13,4038106,52,43957161
142354,11,12,2020,8,12,1,2,8,1,0,0,1,0,0,0,0,0,786576,3775,5832693,485,13,22920934,52,56864972
142355,11,3,2020,9,21,6,3,6,4,2,1,0,1,0,0,0,0,798733,4138,5830327,241,13,40592479,52,54090477
142356,11,4,2020,8,20,1,3,5,3,2,0,1,0,0,0,0,1,793369,9721,5822479,215,13,32015157,52,47346475
142357,11,1,2020,9,18,2,3,5,7,0,1,1,0,0,0,0,0,799398,892,5826415,8,13,41217518,52,5054799
142358,11,4,2020,9,15,5,3,5,2,0,1,1,0,0,0,0,0,792409,5783,5826099,685,13,30922937,52,50643647
142359,11,7,2020,8,11,1,3,2,6,0,1,1,0,0,0,0,0,796524,5132,5820116,103,13,36436019,52,45057814
142360,11,4,2020,9,8,3,3,5,2,0,1,1,0,0,0,0,0,793793,571,5826923,171,13,33028897,52,51307508
142361,11,5,2020,9,18,1,3,2,7,0,0,1,0,0,0,0,1,782058,4272,5828193,31,13,1589046,52,53065929
142362,11,9,2020,9,15,5,3,2,3,0,1,1,0,0,0,0,0,813340,8406,5821571,779,13,61238752,52,45424458
142363,11,4,2020,9,8,3,3,2,6,0,1,1,0,0,0,0,0,791697,8321,5826093,218,13,29876685,52,50675952
142364,11,1,2020,8,20,1,3,9,1,2,0,1,0,0,0,0,1,795890,3952,5826687,424,13,360888,52,5098284
142365,11,5,2020,9,23,7,2,1,5,2,0,1,0,0,0,0,0,782886,94,5821137,906,13,16509285,52,4669684
142366,11,11,2020,9,20,4,3,2,6,2,0,1,0,0,0,0,0,805684,398,5831370,887,13,50905665,52,54640373
142367,11,7,2020,9,8,3,2,5,2,0,0,1,0,0,0,0,0,799108,43,5819843,389,13,4020257,52,44672599
142368,11,6,2020,8,19,1,3,6,4,2,0,1,1,0,0,0,1,795220,7742,5819834,543,13,34498246,52,44875975
142369,11,5,2020,9,12,2,3,0,7,0,1,0,0,0,0,0,0,787927,7416,5829369,272,13,24620982,52,53813372
142370,11,3,2020,9,7,5,3,0,1,1,1,0,0,0,0,0,1,799633,8357,5831184,669,13,41993539,52,54809584
142371,11,3,2020,9,7,3,3,1,5,0,1,1,0,0,0,0,0,800089,3067,5829191,874,13,42483258,52,52998312
142372,11,12,2020,8,19,1,3,4,6,1,0,1,0,0,0,0,1,793712,8892,5835235,11,13,33645577,52,58762919
142373,11,2,2020,9,18,1,3,5,2,0,0,1,0,0,0,0,0,801206,461,5828030,166,13,44019315,52,51895467
142374,11,4,2020,9,15,4,3,5,3,0,0,1,0,0,0,0,1,793612,2424,5823087,643,13,32424386,52,47878889
142375,11,1,2020,9,7,3,3,1,5,0,0,1,0,0,0,0,0,797033,1752,5831894,342,13,38233012,52,55588146
142376,11,1,2020,8,10,1,3,0,7,0,0,0,0,0,0,1,0,794843,5104,5826260,34,13,34512855,52,50656398
142377,11,9,2020,8,2,1,2,8,1,2,0,1,0,0,0,0,0,812338,6807,5823743,282,13,59971951,52,47427754
142378,11,3,2020,9,14,6,3,5,3,0,1,0,0,1,0,0,0,796623,9078,5833992,791,13,37818732,52,5749147
142379,11,8,2020,8,10,7,2,1,5,0,1,0,0,0,0,1,0,801595,4178,5823688,817,13,44198301,52,47982735
142380,11,1,2020,8,15,7,3,2,6,0,0,1,0,0,0,0,0,796978,531,5827081,69,13,37722621,52,51277129
142381,11,1,2020,9,19,2,3,5,2,1,1,1,0,0,0,0,0,794554,1374,5827501,754,13,3419764,52,51785152
142382,11,2,2020,9,21,5,3,5,2,2,1,1,0,0,0,0,1,797128,4435,5823991,87,13,37667229,52,48499269
142383,11,2,2020,8,15,7,3,5,2,0,0,1,0,0,0,1,0,801951,6374,5826798,729,13,45003087,52,50750494
142384,11,8,2020,9,15,1,3,2,6,0,0,1,0,0,0,0,0,801227,7671,5821656,332,13,4347506,52,46181253
142385,11,2,2020,9,13,5,3,5,3,0,1,0,0,0,0,0,0,800738,1401,5826927,775,13,43232172,52,50933189
142386,11,2,2020,9,20,3,3,1,5,2,0,1,0,1,0,0,0,800937,881,5825051,133,13,43354849,52,49240136
142387,11,5,2020,8,14,7,3,5,2,0,0,1,0,0,0,0,0,783691,129,5830167,591,13,18459469,52,5475137
142388,11,7,2020,9,19,7,3,5,3,1,0,1,0,0,0,0,0,796830,7358,5822167,424,13,37067706,52,46880019
142389,11,7,2020,9,13,4,3,6,4,0,0,1,1,0,0,0,1,794784,2669,5823236,959,13,34158341,52,47949605
142390,11,3,2020,9,20,3,3,5,3,1,1,1,0,0,0,0,0,799825,7259,5831539,74,13,42307681,52,55116692
142391,11,8,2020,8,14,7,3,5,7,0,0,1,0,1,0,0,0,800731,372,5823800,365,13,42939416,52,48130387
142392,11,5,2020,8,14,7,3,0,3,0,0,1,0,1,0,0,0,783650,335,5829312,813,13,18326032,52,53987103
142393,11,1,2020,9,11,6,3,6,7,0,0,1,1,0,0,0,1,795233,3439,5828238,562,13,3526111,52,52408914
142394,11,4,2020,8,14,7,3,1,5,0,1,1,0,0,0,0,0,792756,3588,5821812,311,13,31055809,52,46781532
142395,11,5,2020,9,14,2,2,6,4,0,0,1,1,0,0,0,0,781274,4454,5828313,102,13,14747925,52,53213855
142396,11,2,2020,9,17,5,3,5,3,0,0,1,0,0,0,1,0,799055,6524,5825819,764,13,40660966,52,50032508
142397,11,9,2020,8,11,7,3,2,6,0,0,1,0,0,0,0,0,809797,736,5819162,456,13,55816972,52,43467261
142398,11,3,2020,9,12,6,2,0,7,0,1,0,0,0,0,0,0,801812,394,5830749,892,13,45157145,52,54299638