OBJECTID,LAND,BEZ,UJAHR,UMONAT,USTUNDE,UWOCHENTAG,UKATEGORIE,UART,UTYP1,ULICHTVERH,IstRad,IstPKW,IstFuss,IstKrad,IstGkfz,IstSonstige,USTRZUSTAND,LINREFX,LINREFY,XGCSWGS84,YGCSWGS84,,,,
142399,11,8,2020,8,10,7,3,1,5,0,1,1,0,0,0,0,0,805464,123,5817310,32,13,49293983,52,42050685
142400,11,7,2020,8,9,7,3,0,5,0,0,1,0,0,0,1,0,799959,7715,5813218,927,13,4085774,52,38688018
142401,11,11,2020,9,15,2,3,2,6,0,0,1,0,0,0,0,0,806912,1451,5824285,723,13,52057629,52,48221508
142402,11,3,2020,9,18,5,3,2,7,0,0,1,0,0,0,0,0,798882,8936,5831816,19,13,40946216,52,55416746
142403,11,3,2020,8,7,7,2,5,3,0,0,1,0,0,0,0,0,799879,9493,5831734,648,13,42405077,52,55289005
142404,11,1,2020,9,13,1,3,5,2,0,1,1,0,0,0,0,0,795258,8706,5826611,376,13,35154221,52,50948887
142405,11,2,2020,9,10,5,3,1,5,0,1,1,0,0,0,0,0,797519,9286,5824878,769,13,38321231,52,49272958
142406,11,6,2020,9,19,3,3,2,7,0,1,1,0,0,0,0,0,789609,2,5819803,107,13,26261347,52,45147964
142407,11,2,2020,8,7,7,3,5,3,1,0,1,0,0,0,0,0,798844,588,5825095,707,13,40285999,52,49395052
142408,11,1,2020,9,12,7,3,2,6,0,0,1,0,0,0,0,0,794007,9427,5830164,282,13,33630478,52,54201422
142409,11,3,2020,9,12,4,3,5,3,0,1,1,0,0,0,0,0,798691,1781,5835206,41,13,40969569,52,58465898
142410,11,1,2020,9,18,3,3,5,3,0,1,1,0,0,0,0,0,797708,8146,5830691,106,13,3911877,52,54472711
142411,11,8,2020,8,22,7,3,1,5,2,1,1,0,0,0,0,0,800651,8427,5823038,87,13,42754425,52,47451491
142412,11,5,2020,9,9,6,3,5,2,0,1,1,0,0,0,0,1,783587,8426,5828663,592,13,18179172,52,53408237
142413,11,2,2020,8,22,7,2,5,3,2,0,1,0,1,0,0,0,799578,3781,5825657,21,13,41414087,52,49857963
142414,11,4,2020,9,11,2,3,2,2,0,0,1,0,0,0,0,0,792346,2666,5825717,76,13,30796385,52,50304654
142415,11,11,2020,9,16,5,3,3,6,0,0,1,0,1,0,0,0,804182,2898,5829577,715,13,48533725,52,53117285
142416,11,9,2020,8,6,7,2,5,4,0,0,0,1,0,0,1,0,810837,507,5820322,646,13,5745041,52,44447958
142417,11,2,2020,9,19,4,3,5,2,1,1,1,0,0,0,0,1,798533,1731,5824752,46,13,39797907,52,49104417
142418,11,7,2020,8,18,2,3,3,2,0,0,1,0,0,0,0,0,797342,7015,5821916,975,13,37796842,52,46627677
142419,11,3,2020,9,16,3,3,5,3,0,1,1,0,0,0,0,0,798655,1687,5830296,985,13,40474729,52,54067646
142420,11,8,2020,8,21,7,3,0,7,2,0,0,0,1,0,0,0,805678,594,5817002,848,13,49580325,52,41763393
142421,11,12,2020,8,20,7,3,5,7,2,0,1,0,0,0,0,0,795184,8581,5836351,599,13,35911517,52,59684158
142422,11,1,2020,9,12,1,2,5,2,0,1,0,0,0,0,1,0,797577,5369,5829216,439,13,38793692,52,53158028
142423,11,9,2020,9,9,4,3,0,7,0,1,0,0,0,0,0,0,810919,712,5821547,142,13,57684005,52,45540663
142424,11,1,2020,8,18,2,2,1,5,2,1,1,0,0,0,0,0,796004,326,5826119,87,13,36205719,52,50467898
142425,11,4,2020,9,15,3,3,0,7,0,0,1,0,0,0,0,0,792674,6205,5824245,759,13,31149418,52,48967443
142426,11,2,2020,8,20,7,3,1,5,2,1,1,0,0,0,0,0,799733,4852,5824734,363,13,41558881,52,49022423
142427,11,9,2020,9,0,7,3,6,4,2,0,1,1,0,0,0,0,813028,9617,5821419,47,13,60767003,52,45305839
142428,11,8,2020,9,7,4,3,2,6,0,0,1,0,1,0,0,0,805618,3906,5818514,83,13,49630139,52,43121218
142429,11,10,2020,8,20,7,3,0,1,2,0,0,0,1,0,0,0,807580,455,5832510,363,13,53799054,52,55554831
142430,11,10,2020,9,5,6,3,9,1,2,0,0,0,0,1,0,1,810723,2655,5831999,382,13,58372037,52,5491854
142431,11,5,2020,8,19,7,3,5,3,0,1,1,0,0,0,0,0,784887,8891,5829215,604,13,20137959,52,53835368
142432,11,6,2020,9,10,4,3,1,5,0,1,1,0,0,0,0,0,792471,993,5817218,265,13,30234869,52,42678298
142433,11,7,2020,9,13,2,3,2,6,0,0,1,0,0,1,1,0,799504,1061,5820506,42,13,40842439,52,45244919
142434,11,7,2020,9,8,5,3,2,6,0,0,1,0,0,0,1,0,799212,5806,5816230,698,13,40032106,52,41428573
142435,11,12,2020,8,19,7,3,2,6,0,0,1,0,1,0,0,0,794285,9334,5836874,405,13,34634667,52,60201531
142436,11,7,2020,9,19,1,2,5,2,0,1,1,0,0,0,0,0,797301,5927,5822603,114,13,37797648,52,47244968
142437,11,4,2020,9,17,4,3,0,6,0,0,1,0,1,0,0,1,791163,8819,5823232,256,13,28842151,52,48139624
142438,11,1,2020,8,12,2,3,5,2,0,1,1,0,0,0,0,0,796635,4551,5826670,495,13,37181906,52,50927202
142439,11,11,2020,9,15,3,3,6,2,0,0,1,1,0,0,0,0,803826,8682,5828648,875,13,47926508,52,52304618
142440,11,2,2020,8,19,7,3,4,6,0,1,0,0,0,0,0,0,798692,6663,5825136,977,13,40066591,52,49440361
142441,11,8,2020,8,19,7,3,3,6,0,0,1,0,1,0,0,0,800340,7969,5824371,149,13,42417928,52,48663482
142442,11,11,2020,9,15,6,3,2,6,0,0,1,0,0,0,0,0,804177,6505,5829607,26,13,4852961,52,53144023
142443,11,3,2020,9,9,4,3,5,3,0,0,1,0,0,1,0,0,802580,3833,5833491,577,13,46536053,52,56714365
142444,11,5,2020,8,18,7,3,3,6,0,0,1,0,0,0,1,0,789606,3596,5829309,92,13,27083823,52,53670471
142445,11,9,2020,9,18,2,3,5,2,0,1,1,0,0,0,0,0,812045,3155,5821381,18,13,59320595,52,45327763
142446,11,4,2020,9,22,5,2,5,3,2,1,1,0,0,0,0,1,794192,953,5823102,399,13,3327829,52,47860866
142447,11,1,2020,8,18,7,3,4,6,0,1,0,0,0,0,1,0,798276,8712,5827905,954,13,39704054,52,5194513
142448,11,8,2020,8,18,7,3,1,7,0,0,1,0,0,1,0,0,804553,6359,5818089,162,13,48030169,52,42799748
142449,11,6,2020,9,14,7,3,5,2,0,1,1,0,0,0,0,0,793421,779,5821329,897,13,31990138,52,46313366
142450,11,1,2020,9,9,4,3,0,5,0,1,1,0,0,0,0,0,797003,4262,5828602,256,13,37894959,52,52638793
142451,11,4,2020,8,17,7,3,2,6,0,0,1,0,1,0,0,0,793806,2196,5825837,914,13,32951692,52,50333949
142452,11,4,2020,9,16,6,3,5,2,0,1,1,0,0,0,0,0,791824,4937,5824300,365,13,29905684,52,49061909
142453,11,1,2020,8,17,7,2,1,5,0,1,1,0,0,0,0,0,796329,4935,5832078,838,13,37214584,52,5579186
142454,11,8,2020,8,16,2,3,0,7,0,1,0,0,0,0,0,0,800361,8526,5824195,737,13,42433037,52,48505094
142455,11,8,2020,9,12,2,3,5,2,0,0,1,0,0,0,1,0,802372,6531,5817751,775,13,44801749,52,4261831
142456,11,11,2020,9,15,5,3,5,3,0,1,1,0,0,0,0,0,807255,3736,5824237,265,13,52557,52,48158779
142457,11,12,2020,8,22,2,3,1,5,2,0,1,0,0,0,1,0,792499,2929,5832870,275,13,31650691,52,56708434
142458,11,6,2020,8,16,7,2,0,1,0,1,0,0,0,0,0,0,788635,208,5816426,76,13,24540718,52,42171766
142459,11,1,2020,9,16,7,3,0,2,0,0,1,0,1,0,0,0,797739,365,5827587,95,13,38885276,52,5168947
142460,11,3,2020,9,15,4,3,0,1,0,1,0,0,0,0,0,1,799042,526,5830146,781,13,41029973,52,53911793
142461,11,2,2020,8,8,2,3,5,2,0,1,0,0,0,0,1,0,803233,352,5827613,395,13,46960012,52,51409578
142462,11,5,2020,8,17,7,3,2,6,0,0,1,0,0,0,0,0,784507,7511,5828664,672,13,19531818,52,53361262
142463,11,8,2020,8,16,7,3,5,2,0,1,1,0,0,0,0,0,803903,8853,5818643,573,13,47127865,52,43332791
142464,11,7,2020,9,13,6,3,2,6,0,0,1,0,0,0,0,0,797598,4489,5819537,746,13,3796015,52,44481018
142465,11,9,2020,8,7,6,3,2,6,0,0,1,0,0,1,0,1,809659,6462,5821487,159,13,55830908,52,455584
142466,11,3,2020,9,14,3,3,2,6,0,0,1,0,0,0,0,0,800588,5117,5829867,537,13,43278047,52,53576421
142467,11,1,2020,8,20,6,3,1,5,1,1,1,0,0,0,0,0,795958,6108,5828339,572,13,36335992,52,52460141
142468,11,8,2020,9,20,2,3,5,2,2,0,1,0,1,0,0,0,803197,6407,5822713,687,13,46461695,52,47020017
142469,11,6,2020,9,19,5,3,5,2,1,1,1,0,0,0,0,0,796782,836,5817859,749,13,36613555,52,43021205
142470,11,11,2020,8,21,6,3,0,7,2,1,0,0,0,0,0,0,804459,281,5826344,957,13,48644617,52,50204451
142471,11,7,2020,9,15,1,3,1,5,0,1,1,0,0,0,0,0,799790,5383,5820466,614,13,41259145,52,45193876
142472,11,4,2020,9,12,5,3,2,6,0,0,1,0,0,0,0,0,794270,1995,5824141,281,13,33483409,52,48788008
142473,11,4,2020,8,21,2,2,5,2,1,0,1,0,0,0,0,0,791958,178,5825248,438,13,30184875,52,49904702
142474,11,11,2020,8,14,6,3,5,3,0,1,0,0,0,0,1,0,806428,7773,5825623,828,13,51471098,52,49447903
142475,11,7,2020,9,17,7,3,6,7,1,0,1,1,0,0,0,0,797288,2363,5821353,412,13,37666704,52,46125463
142476,11,7,2020,9,16,1,2,1,5,0,1,1,0,0,0,0,0,796376,6078,5815708,433,13,3582835,52,41114687
142477,11,1,2020,9,13,5,3,5,3,0,1,1,0,0,0,0,0,794320,7991,5831319,9,13,3419281,52,55219737
142478,11,10,2020,8,21,2,3,9,1,2,0,1,0,0,0,0,1,809755,4817,5832667,231,13,57011632,52,55572147
142479,11,5,2020,8,20,6,3,5,2,1,0,1,0,0,0,0,0,783242,6738,5830286,145,13,17809999,52,54881004
142480,11,2,2020,9,22,7,2,5,3,2,0,1,0,1,0,0,0,799984,952,5825439,292,13,4199161,52,49640469
142481,11,3,2020,9,14,4,3,2,6,0,0,1,0,0,0,0,0,800193,513,5836563,986,13,43303379,52,59600358
142482,11,11,2020,8,20,2,3,2,7,2,1,1,0,0,0,0,1,804475,5859,5830488,4,13,49048155,52,53916759
142483,11,10,2020,8,10,6,3,6,4,0,0,0,1,1,0,0,1,809102,3275,5829460,574,13,55752959,52,52735558
142484,11,3,2020,8,10,6,2,6,4,0,0,0,1,1,0,0,0,802556,5797,5829319,153,13,46120912,52,52976015
142485,11,3,2020,9,12,6,3,1,5,0,1,0,0,0,0,1,1,800806,359,5829557,436,13,4356972,52,5328647
142486,11,6,2020,8,8,6,2,5,3,0,1,1,0,0,0,0,0,795461,458,5817838,3,13,34674263,52,43073218
142487,11,4,2020,9,14,3,3,2,6,0,0,1,0,0,0,0,0,791096,544,5829125,304,13,292579,52,53426338
142488,11,12,2020,8,8,6,3,5,2,0,1,1,0,0,0,0,0,795582,2286,5834570,624,13,36337583,52,58066113
142489,11,4,2020,9,15,2,3,2,2,0,0,1,0,0,0,1,0,791585,854,5825497,956,13,29658905,52,50148332
142490,11,11,2020,9,18,5,3,2,6,0,0,1,0,0,0,0,0,803565,6817,5830204,288,13,47684747,52,53713236
142491,11,6,2020,8,7,6,3,2,7,0,0,1,0,0,0,0,1,790491,3696,5819747,908,13,27551313,52,4505166
142492,11,4,2020,9,13,1,3,6,4,0,0,1,1,0,0,0,0,791806,2466,5827957,562,13,30199469,52,52341506
142493,11,2,2020,9,9,5,3,5,3,0,1,1,0,0,0,0,0,800698,388,5827817,524,13,4325366,52,51732905
142494,11,1,2020,8,19,2,3,5,2,0,0,1,0,0,0,0,0,798080,9682,5829990,503,13,3960308,52,53824367
142495,11,3,2020,9,14,3,3,1,5,0,1,1,0,0,0,0,0,800067,9217,5831707,658,13,42679049,52,55254461
142496,11,9,2020,8,7,6,3,0,1,0,0,0,0,1,0,0,1,810774,2376,5820317,312,13,57357125,52,44446774
142497,11,8,2020,9,11,7,3,5,2,0,0,1,0,1,0,0,1,800308,4489,5816743,76,13,41684575,52,41828451
142498,11,11,2020,9,12,4,3,0,7,0,1,0,0,0,0,0,0,805927,6504,5833734,574,13,51481644,52,56745082
142499,11,8,2020,8,19,2,3,5,2,0,1,1,0,0,0,0,0,800364,5754,5824341,612,13,4245018,52,48635698
142500,11,10,2020,8,7,6,3,5,2,0,0,1,0,0,0,0,1,810687,4985,5832002,182,13,58319719,52,54923089
142501,11,5,2020,9,7,6,3,5,2,0,1,0,0,0,0,1,1,787989,1669,5829745,507,13,2474391,52,54147436
142502,11,12,2020,8,6,6,3,5,3,0,0,1,0,0,0,1,1,791132,5595,5833989,538,13,29738204,52,57785094
142503,11,4,2020,9,13,4,3,0,2,0,1,0,0,0,0,0,1,792956,9019,5825543,17,13,31678075,52,50115389
142504,11,5,2020,8,19,2,3,2,6,0,0,1,0,0,0,0,0,783966,4831,5829064,542,13,18770158,52,53748018
142505,11,10,2020,8,5,6,3,5,3,1,0,1,0,1,0,0,0,810608,9213,5825513,466,13,57598352,52,49112746
142506,11,6,2020,9,10,6,3,2,6,0,0,1,0,1,0,0,1,789524,7611,5817477,45,13,25936213,52,43067379
142507,11,7,2020,8,4,6,3,1,5,2,0,1,0,0,0,0,1,795297,8711,5821716,918,13,3477785,52,46559242
142508,11,4,2020,9,13,2,3,2,2,0,0,1,0,0,0,0,0,792857,485,5824323,85,13,31424836,52,49027642
142509,11,6,2020,9,17,5,3,6,7,0,1,0,1,0,0,0,0,795030,722,5818104,967,13,34065759,52,43335797
142510,11,11,2020,8,17,6,2,6,4,0,1,0,1,0,0,0,0,804460,6258,5830471,1,13,49024608,52,53902364
142511,11,2,2020,9,10,1,2,5,3,0,1,1,0,0,0,0,0,798830,4411,5825606,763,13,40311069,52,4985392
142512,11,9,2020,9,15,4,3,5,3,0,1,1,0,0,0,0,1,805764,4098,5819108,385,13,49898595,52,43645706
142513,11,4,2020,8,18,2,3,2,6,0,1,1,0,0,0,0,0,791500,3995,5825700,872,13,29552263,52,50334769
142514,11,5,2020,9,14,3,3,5,3,0,0,1,0,0,0,0,0,785501,796,5828664,819,13,20993344,52,53309413
142515,11,1,2020,8,17,6,3,5,2,0,1,1,0,0,0,0,0,796461,8194,5831926,967,13,37395639,52,55648523
142516,11,4,2020,9,15,7,3,5,3,0,0,1,0,0,0,0,0,792256,1048,5830678,542,13,31099926,52,54756686
142517,11,4,2020,9,12,3,3,3,6,0,1,1,0,0,0,0,0,793230,7726,5825404,542,13,32068177,52,49976404
142518,11,4,2020,8,17,6,2,5,2,0,0,1,0,0,0,0,0,793353,188,5829678,56,13,32624894,52,53801288
142519,11,11,2020,9,21,6,2,1,5,2,0,1,0,0,0,1,0,808985,3346,5835278,678,13,56122516,52,57956169
142520,11,3,2020,8,16,6,3,6,4,0,0,1,1,0,0,0,0,797372,1322,5835176,64,13,3902575,52,58511286
142521,11,4,2020,9,7,3,3,5,3,0,1,1,0,0,0,0,0,792093,2608,5827960,802,13,30621591,52,52329042
142522,11,1,2020,9,13,2,3,0,1,0,0,0,0,1,0,0,1,797772,4444,5829743,946,13,39127436,52,53620227
142523,11,2,2020,9,8,5,3,3,6,0,1,1,0,0,0,0,1,803648,65,5827400,643,13,47549768,52,51195826
142524,11,11,2020,8,16,6,3,1,5,0,1,1,0,0,0,0,0,804688,8849,5826325,918,13,48980458,52,50174558
142525,11,9,2020,9,18,1,3,2,6,0,1,1,0,0,0,0,0,807291,3136,5818301,742,13,52063561,52,42837203
142526,11,7,2020,9,9,2,3,5,3,0,1,0,0,0,0,0,0,795625,7665,5824168,751,13,35476452,52,48739398
142527,11,8,2020,9,15,5,2,6,7,0,0,0,1,1,0,0,0,803108,671,5822769,383,13,46335291,52,47074908
142528,11,9,2020,8,15,6,3,1,5,0,1,1,0,0,0,0,0,809031,8525,5817149,36,13,54508945,52,41706408
142529,11,2,2020,9,2,1,2,0,1,2,0,0,0,0,0,1,0,797829,347,5825641,792,13,3884385,52,49940044
142530,11,7,2020,9,18,4,2,2,6,0,1,1,0,0,0,0,1,795692,4951,5825469,599,13,35689892,52,49901891
142531,11,6,2020,8,17,2,3,2,2,0,0,1,0,0,0,0,0,796594,1724,5818367,599,13,36383028,52,43486644
142532,11,8,2020,9,13,3,3,5,2,0,1,1,0,0,0,0,0,800985,7685,5817121,239,13,42711486,52,42129598
142533,11,4,2020,8,14,6,3,5,2,0,1,1,0,0,0,0,0,794345,8797,5825262,294,13,33693583,52,49788854
142534,11,1,2020,8,14,6,3,2,6,0,0,1,0,0,0,0,0,795907,367,5831900,31,13,3657779,52,55654532
142535,11,3,2020,9,14,6,3,4,6,0,1,1,0,0,0,0,0,801384,8782,5831287,23,13,44577384,52,54804735
142536,11,12,2020,8,14,6,3,2,2,0,0,1,0,0,0,1,0,789808,1128,5833674,678,13,27761614,52,5757352
142537,11,1,2020,9,18,2,3,5,3,0,1,1,0,0,0,0,0,797752,8708,5827446,692,13,38892963,52,51562095
142538,11,4,2020,9,21,5,3,0,1,2,0,0,0,1,0,0,1,791413,1417,5826076,441,13,29456947,52,50676125
142539,11,2,2020,8,14,6,3,5,2,0,1,1,0,0,0,0,0,798022,2547,5824881,359,13,39059156,52,49247877
142540,11,1,2020,8,17,2,3,0,6,0,0,1,0,1,0,0,1,797237,8171,5831337,695,13,38484136,52,55078015
142541,11,6,2020,9,11,1,3,0,7,0,0,1,0,0,0,0,0,794722,2086,5820002,404,13,33781567,52,45053353
142542,11,12,2020,9,15,5,3,5,2,0,1,1,0,0,0,0,0,789906,9135,5835688,688,13,28083204,52,59373812
142543,11,12,2020,8,17,2,2,0,1,0,1,0,0,0,0,0,1,790638,435,5834420,836,13,29048874,52,5819816
142544,11,3,2020,8,14,6,3,5,3,0,0,1,0,1,0,0,0,795863,6659,5835597,2,13,36843386,52,58971033
142545,11,10,2020,9,22,7,3,5,2,2,0,1,0,0,0,0,0,813005,9759,5827608,713,13,61314286,52,50853402
142546,11,9,2020,9,20,4,2,5,7,2,1,1,0,0,0,0,0,809388,9909,5821483,175,13,55433491,52,45570156
142547,11,6,2020,8,17,2,3,5,3,0,1,1,0,0,0,0,0,795206,1296,5818159,403,13,34328784,52,43375098
142548,11,8,2020,8,13,6,3,5,3,0,1,1,0,0,0,0,0,802071,5243,5821975,432,13,44742082,52,46420692
142549,11,7,2020,8,13,6,3,1,5,0,1,1,0,0,0,0,0,794310,7582,5822133,13,13,33365723,52,46985617
142550,11,8,2020,9,12,6,3,6,2,0,0,1,1,0,0,0,0,801255,68,5821557,78,13,43506228,52,46091412
142551,11,4,2020,8,13,6,3,2,6,0,0,1,0,0,0,0,1,793276,1983,5826750,505,13,32253473,52,51180564
142552,11,3,2020,9,18,3,3,1,5,0,1,1,0,0,0,0,0,798347,9124,5832989,803,13,40265006,52,56498205
142553,11,1,2020,8,13,6,3,2,6,0,0,1,0,1,0,0,0,797332,9116,5827148,525,13,38249262,52,51317732
142554,11,4,2020,9,16,4,2,6,4,0,0,1,1,0,0,0,1,791443,4804,5825071,231,13,2941354,52,49773341
142555,11,11,2020,8,17,2,3,0,4,0,1,0,1,0,0,0,1,805656,7413,5828184,7,13,50572504,52,51785722
142556,11,11,2020,8,12,6,3,1,7,0,0,1,0,0,0,1,0,805011,4314,5828185,101,13,49624531,52,5182283
142557,11,3,2020,8,12,6,2,5,2,0,0,1,0,1,0,0,0,798083,8272,5836094,808,13,40155758,52,59295857
142558,11,3,2020,9,14,6,3,2,7,0,0,1,0,1,0,0,0,800637,8373,5832183,885,13,43560216,52,55649885
142559,11,8,2020,8,11,6,3,1,5,0,1,1,0,0,0,0,0,801352,6666,5824182,281,13,4388654,52,48438439
142560,11,1,2020,8,11,6,3,5,2,0,1,1,0,0,0,0,0,798049,6331,5827987,913,13,39377486,52,52031021
142561,11,9,2020,9,18,2,3,5,7,0,0,1,0,0,0,1,0,810449,5645,5821226,842,13,56965487,52,45280307
142562,11,1,2020,9,21,5,3,5,7,2,0,0,0,1,0,1,1,797248,9512,5829088,886,13,38299312,52,53061619
142563,11,10,2020,8,10,6,3,0,1,0,0,0,0,1,0,0,1,813978,578,5831195,546,13,63081263,52,54011607
142564,11,10,2020,9,16,1,3,5,3,0,1,1,0,0,0,0,0,811209,7827,5831793,538,13,59067945,52,54706308
142565,11,1,2020,9,13,5,3,5,3,0,0,1,0,1,0,0,0,795329,676,5826171,526,13,35218331,52,50550796
142566,11,10,2020,8,17,2,3,5,2,0,1,1,0,0,0,0,1,809084,8,5829215,133,13,55703334,52,52516636
142567,11,1,2020,8,10,6,3,6,4,0,0,1,1,0,0,0,0,797576,5522,5832757,387,13,39109522,52,56332091
142568,11,1,2020,9,20,7,3,1,5,2,1,1,0,0,0,0,0,798475,6385,5829094,315,13,40102786,52,52999458
142569,11,1,2020,9,14,4,3,5,3,0,0,1,0,0,0,0,1,796204,4772,5831517,22,13,369806,52,55295231
142570,11,12,2020,8,17,2,3,5,3,0,0,1,0,0,0,0,1,791703,5805,5839260,919,13,31042982,52,62480103
142571,11,2,2020,8,8,5,3,3,6,0,0,1,0,0,0,0,0,801968,751,5829058,345,13,45233316,52,52774846
142572,11,1,2020,8,7,5,3,0,5,0,1,0,0,0,0,1,0,797114,1113,5829009,763,13,38094048,52,52998047
142573,11,1,2020,9,11,6,3,1,5,0,1,0,0,0,0,1,1,798802,908,5828233,955,13,40505285,52,52210384
142574,11,8,2020,8,12,5,3,5,2,0,1,1,0,0,0,0,1,802702,7411,5820777,207,13,45559736,52,45311786
142575,11,1,2020,9,22,2,3,5,3,2,0,1,0,0,0,1,0,794496,3042,5830686,89,13,34394846,52,54643529
142576,11,3,2020,9,17,5,2,6,4,0,0,1,1,0,0,0,0,804334,2395,5841181,39,13,49822528,52,63508183
142577,11,1,2020,8,18,5,3,5,2,0,1,1,0,0,0,0,0,795247,5102,5826041,816,13,35087016,52,50438934
142578,11,4,2020,9,12,1,2,5,3,0,1,1,0,0,0,0,0,786933,1021,5825764,397,13,22847484,52,50633832
142579,11,2,2020,9,8,5,3,5,3,0,1,1,0,0,0,0,0,798947,2057,5825237,276,13,40449403,52,4951633
142580,11,5,2020,8,16,2,3,2,6,0,0,1,0,0,0,0,0,784861,1921,5831872,589,13,20326653,52,56218997
142581,11,1,2020,9,15,2,3,5,2,0,0,1,0,0,0,0,0,795248,2575,5826624,227,13,35139769,52,50960982
142582,11,10,2020,9,18,5,3,5,2,0,1,1,0,0,0,0,0,810190,6069,5831660,753,13,5755737,52,54645435
142583,11,11,2020,8,14,5,2,5,3,0,0,1,0,0,0,1,0,804062,2253,5827621,985,13,48178484,52,51371134
142584,11,9,2020,9,14,1,3,2,2,0,0,1,0,0,0,0,0,803112,9006,5820948,894,13,46177062,52,4544294
142585,11,4,2020,9,11,5,3,5,3,0,0,1,0,0,0,0,0,789360,4962,5826200,97,13,26451915,52,50897028
142586,11,9,2020,8,16,2,3,2,6,0,0,1,0,0,0,0,0,808576,499,5819231,484,13,54032937,52,43598139
142587,11,6,2020,8,20,5,3,2,2,1,0,1,0,0,0,0,0,793070,5167,5816630,762,13,31062455,52,42119536
142588,11,11,2020,9,12,7,3,0,2,0,1,1,0,0,0,0,1,804853,2076,5831718,252,13,49716123,52,54998249
142589,11,8,2020,9,8,4,3,0,2,0,1,1,0,0,0,0,0,803208,3949,5822725,478,13,4647855,52,47029988
142590,11,3,2020,8,16,2,3,1,5,0,1,1,0,0,0,0,0,798985,8269,5830044,877,13,40938149,52,53823537
142591,11,12,2020,8,20,5,3,0,3,1,0,1,0,1,0,0,0,791233,2844,5838487,847,13,30282081,52,61812305
142592,11,1,2020,9,9,6,3,0,1,0,0,0,0,1,0,0,1,797911,5516,5828063,617,13,3918136,52,52106425
142593,11,6,2020,8,19,5,3,5,3,0,1,1,0,0,0,0,0,790976,4666,5817443,504,13,2806249,52,42959923
142594,11,1,2020,9,18,3,3,3,7,0,1,0,0,0,0,0,0,794027,8998,5828242,357,13,33489804,52,52477457
142595,11,6,2020,9,11,2,2,3,6,0,1,0,0,0,0,0,0,787922,5256,5818466,518,13,23671279,52,44038713
142596,11,3,2020,9,16,5,3,0,3,0,0,1,0,1,0,0,0,799636,2726,5832820,359,13,42144766,52,56275575
142597,11,7,2020,8,19,5,2,5,2,0,1,1,0,0,0,0,0,794482,8013,5824874,446,13,33860409,52,49433784
142598,11,11,2020,9,19,4,3,2,6,2,0,1,0,0,0,1,1,803610,4955,5826395,604,13,47403002,52,50297122
142599,11,7,2020,8,15,2,3,5,2,0,1,0,0,0,0,1,0,798925,572,5821223,18,13,40057821,52,45919409
142600,11,5,2020,9,21,3,2,5,2,2,0,1,0,0,0,0,0,785968,8447,5829214,661,13,2172733,52,53777903
142601,11,2,2020,8,15,5,3,0,1,0,1,0,0,0,0,0,0,802954,3606,5827086,481,13,46502177,52,50952814
142602,11,1,2020,9,14,7,3,6,7,0,0,1,1,0,0,0,0,799476,6548,5827970,237,13,41472805,52,51936995
142603,11,1,2020,8,11,5,3,0,2,0,1,0,0,0,0,0,0,797699,8516,5827039,386,13,38778622,52,51199887
142604,11,1,2020,9,20,3,3,5,3,1,1,1,0,0,0,0,0,797045,527,5826532,24,13,37771301,52,5078079
142605,11,6,2020,8,17,5,3,2,7,0,0,1,0,1,0,0,0,789996,2909,5820161,365,13,26860746,52,45448622
142606,11,9,2020,9,3,7,2,1,5,2,0,1,0,1,0,0,0,802059,5685,5824705,563,13,44971808,52,48868402
142607,11,9,2020,9,7,4,3,6,4,0,0,1,1,0,0,0,1,810378,118,5819833,253,13,56731223,52,44035473
142608,11,11,2020,8,17,5,3,1,5,0,0,1,0,1,0,0,0,806921,1235,5825682,415,13,52199432,52,49472748
142609,11,4,2020,9,6,6,3,5,3,1,1,0,0,1,0,0,1,791876,3218,5826453,86,13,30170476,52,50989021
142610,11,11,2020,8,16,5,3,0,2,0,1,1,0,0,0,0,0,806852,6363,5832683,239,13,52744872,52,55750818
142611,11,3,2020,9,0,2,2,1,5,2,1,1,0,0,0,0,0,799544,6381,5831029,439,13,41848387,52,54675351
142612,11,8,2020,9,15,5,3,5,2,0,1,1,0,0,0,0,0,801586,6002,5820162,861,13,43866738,52,44822823
142613,11,3,2020,8,16,5,2,5,3,0,0,1,0,0,0,0,0,799475,7992,5835669,441,13,42166073,52,58838124
142614,11,7,2020,9,19,1,3,5,7,1,0,1,0,1,0,0,0,798477,563,5821892,324,13,39459496,52,46543731
142615,11,8,2020,9,17,4,3,2,6,0,0,1,0,0,0,0,1,802293,6928,5820670,924,13,44949995,52,45239159
142616,11,1,2020,8,14,2,3,5,2,0,1,0,0,0,1,0,0,799496,7332,5828788,317,13,41575977,52,52669175
142617,11,1,2020,9,19,3,3,5,2,1,1,0,0,0,0,0,0,799523,8781,5826694,191,13,4142734,52,50790621
142618,11,10,2020,8,16,5,2,6,6,0,1,0,1,0,0,0,0,811522,2375,5831530,454,13,59502566,52,54452696
142619,11,4,2020,8,16,5,3,5,7,0,1,0,0,1,0,0,0,792906,7064,5826965,523,13,31729494,52,51393174
142620,11,1,2020,9,16,6,3,5,2,0,1,1,0,0,0,0,0,798893,2785,5827354,624,13,40560284,52,51417192
142621,11,7,2020,8,16,5,3,5,2,0,1,0,0,1,0,0,0,797765,31,5823656,347,13,38571966,52,48163831