OBJECTID,LAND,BEZ,UJAHR,UMONAT,USTUNDE,UWOCHENTAG,UKATEGORIE,UART,UTYP1,ULICHTVERH,IstRad,IstPKW,IstFuss,IstKrad,IstGkfz,IstSonstige,USTRZUSTAND,LINREFX,LINREFY,XGCSWGS84,YGCSWGS84,,,,
142622,11,11,2020,9,16,2,3,8,1,0,0,1,0,0,0,0,0,803912,542,5828426,258,13,48032055,52,52100319
142623,11,12,2020,9,7,5,3,5,3,0,1,1,0,0,0,0,0,791560,9806,5838308,71,13,30748899,52,6163357
142624,11,1,2020,8,16,5,3,0,2,0,1,1,0,0,0,0,0,798447,5524,5830182,53,13,40159182,52,53976
142625,11,5,2020,9,16,1,3,5,2,0,0,1,0,0,0,0,0,780873,765,5828322,24,13,14158548,52,53242747
142626,11,11,2020,9,15,5,3,2,6,0,0,1,0,0,0,0,0,804163,5929,5829699,483,13,48517389,52,53227464
142627,11,12,2020,8,14,2,3,6,4,0,0,0,1,0,0,1,0,793349,1617,5833646,583,13,32969647,52,57358618
142628,11,8,2020,8,7,5,3,0,3,0,0,1,0,1,0,0,1,805575,184,5818590,921,13,49573807,52,43192499
142629,11,9,2020,9,10,6,3,5,2,0,1,1,0,0,0,0,0,804670,527,5822166,408,13,48572668,52,46447593
142630,11,2,2020,8,7,5,3,5,2,0,1,1,0,0,0,0,0,797478,5292,5824554,602,13,38231493,52,48984635
142631,11,12,2020,8,12,2,3,5,2,0,0,1,0,1,0,0,0,792912,2238,5833869,787,13,32346463,52,57582242
142632,11,1,2020,9,12,2,3,5,2,0,1,1,0,0,0,0,0,795483,4301,5828417,929,13,35644591,52,52556154
142633,11,2,2020,9,6,5,3,0,5,0,0,1,0,1,0,0,1,797553,6425,5824017,873,13,38293875,52,48499423
142634,11,2,2020,8,12,2,3,5,7,0,1,1,0,0,0,0,0,797457,4088,5825350,348,13,38271524,52,49699083
142635,11,7,2020,8,0,5,3,2,2,2,1,1,0,0,0,0,1,800302,124,5821985,974,13,42146215,52,46527678
142636,11,12,2020,9,1,7,3,3,6,2,1,1,0,0,0,0,0,792716,6413,5836930,827,13,32329144,52,60336825
142637,11,11,2020,9,15,4,3,4,6,0,1,0,0,0,0,0,0,806134,3778,5832015,607,13,51627137,52,55192897
142638,11,4,2020,8,11,2,2,5,2,0,0,1,0,1,0,0,0,793340,975,5829718,481,13,32610463,52,53837732
142639,11,5,2020,8,15,5,3,2,6,0,0,1,0,0,0,1,0,787582,402,5828025,375,13,23996937,52,52626735
142640,11,1,2020,8,7,5,3,6,7,0,0,0,1,0,0,1,0,794655,997,5826066,816,13,34218959,52,5049337
142641,11,10,2020,9,14,6,2,6,4,0,0,1,1,0,0,0,0,811232,625,5829529,76,13,5888863,52,52675788
142642,11,3,2020,8,14,5,3,1,5,0,1,1,0,0,0,0,0,795576,5705,5835066,248,13,3637346,52,58510698
142643,11,7,2020,8,0,5,3,5,3,2,0,1,0,0,0,0,1,798705,9571,5816009,141,13,39269657,52,41257641
142644,11,4,2020,9,16,2,3,5,3,0,1,1,0,0,0,0,0,793919,6434,5825518,39,13,33090111,52,50041404
142645,11,1,2020,9,20,5,3,5,2,2,1,1,0,0,0,0,0,794393,3803,5827610,607,13,33971042,52,51891412
142646,11,5,2020,8,14,5,3,2,6,0,0,1,0,0,0,0,1,785121,4665,5831162,785,13,20648593,52,55568973
142647,11,4,2020,9,15,1,3,0,1,0,0,1,0,1,0,0,0,790450,1825,5826694,14,13,28096045,52,51281249
142648,11,3,2020,9,13,5,3,5,2,0,1,1,0,0,0,0,0,797874,6333,5836022,591,13,39841355,52,59242586
142649,11,1,2020,8,11,2,3,5,3,0,0,1,0,0,0,0,0,798041,4138,5827396,565,13,39312432,52,51501402
142650,11,5,2020,8,14,5,3,5,3,0,1,1,0,0,0,0,0,789000,648,5829788,258,13,26234944,52,54132209
142651,11,1,2020,9,18,7,3,2,7,0,0,0,0,1,0,1,1,797854,7596,5828173,628,13,39107756,52,52208138
142652,11,10,2020,9,9,4,2,5,2,0,1,1,0,0,0,0,0,811232,8,5827786,675,13,58725653,52,51114364
142653,11,8,2020,8,10,2,3,5,3,0,1,1,0,0,0,0,0,799592,9374,5816418,432,13,40606481,52,41576049
142654,11,1,2020,8,13,5,3,5,2,0,0,1,0,0,0,0,0,795321,433,5828227,271,13,3538957,52,52394023
142655,11,11,2020,9,10,6,3,6,7,0,0,1,1,0,0,0,1,806296,9774,5826844,33,13,51389786,52,50548884
142656,11,1,2020,9,22,7,3,5,2,2,1,0,0,1,0,0,0,798234,4931,5829042,13,13,39743663,52,52965774
142657,11,6,2020,9,14,4,3,5,3,0,0,1,0,0,0,0,1,790829,9299,5821169,235,13,28171912,52,46307899
142658,11,8,2020,8,10,2,3,5,5,0,1,1,0,0,0,0,0,806586,5664,5817657,397,13,50971225,52,42299248
142659,11,5,2020,8,13,5,3,0,1,0,1,0,0,0,0,0,0,784056,4221,5832420,351,13,19189537,52,56752168
142660,11,6,2020,8,13,5,3,8,1,0,0,1,0,0,0,0,0,789653,753,5815580,141,13,25960148,52,41359564
142661,11,12,2020,9,12,6,3,0,3,0,1,0,0,1,0,0,1,791421,331,5838754,708,13,30582574,52,62041454
142662,11,7,2020,8,12,5,3,5,2,0,0,1,0,0,0,1,0,797337,8939,5820567,959,13,37669626,52,4541868
142663,11,8,2020,8,12,5,3,6,4,0,0,1,1,0,0,0,0,802580,1619,5823089,59,13,45589488,52,473907
142664,11,6,2020,9,15,2,3,5,3,0,0,1,0,0,0,0,0,790501,8668,5818059,442,13,27419922,52,4353735
142665,11,8,2020,9,18,5,2,2,6,0,0,1,0,0,0,0,0,799822,9323,5823662,717,13,41593834,52,48056941
142666,11,6,2020,8,11,5,3,6,2,0,0,0,1,0,1,0,0,793783,2732,5821190,929,13,3250847,52,46169363
142667,11,4,2020,9,13,1,2,3,6,0,0,1,0,0,0,1,0,793964,4794,5824928,9,13,33103874,52,49509814
142668,11,7,2020,9,9,5,3,5,3,0,1,1,0,0,0,0,0,794210,3321,5822753,262,13,33273003,52,47546945
142669,11,1,2020,8,10,2,3,1,5,0,1,1,0,0,0,0,0,800172,717,5826858,347,13,42394336,52,50902135
142670,11,12,2020,8,10,5,3,4,6,0,0,1,0,0,0,0,0,794309,519,5836347,666,13,34622569,52,59728076
142671,11,4,2020,9,12,7,3,2,6,0,1,1,0,0,0,0,1,791796,9908,5825874,61,13,30003207,52,5047467
142672,11,9,2020,9,8,4,3,0,1,0,1,0,0,0,0,0,1,808742,4717,5817407,91,13,54108642,52,41954453
142673,11,1,2020,8,10,2,2,5,3,0,0,1,0,1,0,0,0,796683,4237,5830127,775,13,37560818,52,5402368
142674,11,4,2020,8,9,5,3,2,6,0,0,1,0,0,0,0,0,791016,9,5823087,832,13,286124,52,4801803
142675,11,2,2020,9,8,6,3,3,6,0,0,1,0,1,0,0,1,800592,5939,5825709,203,13,42908351,52,49848967
142676,11,4,2020,8,8,5,3,5,2,0,1,1,0,0,0,0,0,789791,1122,5827395,278,13,27188644,52,51944888
142677,11,8,2020,9,11,2,3,5,3,0,0,1,0,0,0,0,0,801309,4673,5822235,949,13,43647279,52,46696276
142678,11,7,2020,9,16,5,3,2,2,0,0,1,0,0,0,0,0,797344,5681,5818664,392,13,37510004,52,43711952
142679,11,8,2020,8,7,5,3,5,2,0,1,0,0,0,1,0,0,800306,7508,5816730,757,13,41680919,52,41816889
142680,11,2,2020,8,7,5,2,5,3,0,0,1,0,0,0,0,0,798309,7499,5824992,139,13,39491272,52,49331474
142681,11,12,2020,9,13,2,3,5,3,0,1,1,0,0,0,0,0,791307,3389,5838640,3,13,30404562,52,61944762
142682,11,4,2020,9,17,5,3,6,4,0,1,0,1,0,0,0,0,792197,3821,5822341,427,13,30281636,52,47285804
142683,11,1,2020,8,5,5,3,5,2,2,1,1,0,0,0,0,0,798930,2817,5828390,939,13,40707771,52,52344071
142684,11,1,2020,9,11,1,2,5,2,0,1,1,0,0,0,0,0,797864,2622,5827633,13,13,39073323,52,51723131
142685,11,5,2020,9,16,4,3,6,4,0,0,1,1,0,0,0,1,787968,4152,5829844,88,13,24721941,52,54236915
142686,11,11,2020,8,10,2,3,6,4,0,0,1,1,0,0,0,0,803816,2534,5829074,119,13,47949759,52,52686342
142687,11,1,2020,9,12,3,3,5,3,0,1,1,0,0,0,0,0,797379,483,5827721,383,13,38368886,52,51828695
142688,11,4,2020,8,18,4,3,3,6,0,1,1,0,0,0,0,0,791287,866,5825003,313,13,29179017,52,49720761
142689,11,1,2020,9,0,7,3,0,2,2,0,1,0,1,0,0,0,796124,7189,5828424,232,13,36587654,52,52527011
142690,11,3,2020,9,11,4,2,5,3,0,0,1,0,0,1,0,1,799297,169,5835997,204,13,41932797,52,59141739
142691,11,8,2020,9,18,3,3,3,6,0,1,0,0,0,0,1,0,805607,2917,5818661,21,13,49627294,52,43253533
142692,11,1,2020,8,9,4,3,5,2,0,1,1,0,0,0,0,0,798120,3268,5829344,407,13,39602983,52,53243075
142693,11,5,2020,9,13,6,3,2,6,0,0,1,0,0,0,0,0,786281,2851,5829136,342,13,2217999,52,5369128
142694,11,2,2020,8,11,4,3,5,2,0,1,1,0,0,0,0,0,802599,3722,5827777,659,13,46043556,52,51592014
142695,11,7,2020,9,18,3,3,2,6,0,0,1,0,0,0,0,0,795709,8345,5822610,759,13,35461722,52,47338224
142696,11,3,2020,9,13,2,3,5,2,0,1,1,0,0,0,0,0,799547,4122,5837797,44,13,42463969,52,60741556
142697,11,6,2020,9,8,5,3,5,2,0,1,0,0,0,0,1,1,795509,1247,5818340,199,13,34789161,52,4352081
142698,11,1,2020,8,16,4,3,5,2,0,1,1,0,0,0,0,1,797013,6704,5831489,619,13,38168117,52,55226423
142699,11,3,2020,9,18,1,3,1,5,0,1,1,0,0,0,0,0,802764,9265,5831624,364,13,46637163,52,55030566
142700,11,4,2020,9,17,4,3,5,3,0,0,1,0,0,0,0,1,792980,6063,5826257,846,13,31775785,52,50754798
142701,11,5,2020,8,16,2,3,1,5,0,0,1,0,1,0,0,1,785411,3579,5832758,391,13,2121228,52,56984376
142702,11,9,2020,8,23,4,2,8,1,2,0,0,0,1,0,0,1,805675,2903,5821395,475,13,49977159,52,45700503
142703,11,8,2020,8,21,4,3,2,6,2,1,1,0,0,0,0,1,802669,1261,5818084,621,13,45266564,52,42900253
142704,11,1,2020,9,13,6,3,5,2,0,0,1,0,0,0,0,0,795408,5009,5825823,96,13,35304186,52,50234929
142705,11,9,2020,9,11,4,3,5,2,0,1,1,0,0,0,0,1,802662,1358,5824422,247,13,45830821,52,48581095
142706,11,2,2020,9,14,5,2,1,5,0,1,0,0,0,0,1,0,799856,833,5825998,924,13,41852735,52,50149175
142707,11,6,2020,9,17,4,3,2,6,0,0,1,0,0,0,0,0,793710,6275,5821026,407,13,32387375,52,4602578
142708,11,9,2020,9,22,5,3,5,2,2,0,1,0,0,0,0,0,807651,8776,5819367,12,13,52690216,52,4377166
142709,11,6,2020,9,17,1,3,5,2,0,1,1,0,0,0,0,0,795349,7342,5818442,672,13,34564432,52,4362128
142710,11,2,2020,9,9,3,3,2,7,0,0,1,0,0,0,1,0,802688,3599,5828127,659,13,46206138,52,51900778
142711,11,1,2020,9,14,7,3,3,6,0,1,1,0,0,0,0,0,798939,3892,5829623,342,13,40831965,52,53448241
142712,11,3,2020,9,15,4,3,3,6,0,1,1,0,0,0,0,0,802911,1195,5837599,97,13,47397993,52,60377406
142713,11,7,2020,9,14,6,3,5,2,0,1,1,0,0,0,0,0,794980,925,5823818,858,13,34498562,52,48460621
142714,11,9,2020,9,16,4,3,4,6,0,1,0,0,0,0,0,0,809678,2605,5821383,648,13,55848615,52,45464581
142715,11,1,2020,9,8,2,2,5,2,0,1,0,0,0,1,0,0,799648,8558,5827040,5,13,41642065,52,51093728
142716,11,11,2020,9,16,4,3,5,3,0,1,0,0,1,0,0,0,805881,6143,5834145,813,13,51451857,52,57116228
142717,11,7,2020,9,12,1,3,0,7,0,0,1,0,0,0,1,0,795672,8883,5824092,31,13,35538867,52,48668323
142718,11,4,2020,9,18,3,3,2,6,0,1,1,0,0,0,0,0,790975,926,5824822,844,13,28703819,52,49575655
142719,11,4,2020,9,21,6,3,0,1,2,0,0,0,1,0,0,0,793270,5882,5825637,89,13,32147212,52,50183451
142720,11,6,2020,9,17,2,3,2,6,0,0,1,0,0,0,0,0,790334,4739,5814651,252,13,26878638,52,40490683
142721,11,8,2020,9,12,3,3,1,5,0,1,1,0,0,0,0,0,801507,8609,5817671,192,13,43526487,52,42593802
142722,11,12,2020,9,9,6,3,5,2,0,1,1,0,0,0,0,0,793492,3133,5832428,305,13,33072481,52,56258789
142723,11,7,2020,9,20,2,2,4,6,1,0,1,0,0,0,0,0,796757,4301,5823863,378,13,3711102,52,48404266
142724,11,3,2020,9,7,6,3,6,7,0,1,0,1,0,0,0,0,799570,1358,5829303,191,13,41730243,52,53126645
142725,11,12,2020,9,15,4,3,4,6,0,0,1,0,0,0,0,0,787908,7357,5835939,179,13,25163291,52,59704534
142726,11,12,2020,9,10,2,3,6,3,0,0,1,1,0,0,0,0,790252,236,5835562,787,13,28580531,52,59242524
142727,11,9,2020,9,14,4,3,3,6,0,1,0,0,0,0,0,0,810605,6218,5820304,53,13,57108603,52,44444472
142728,11,9,2020,9,7,1,3,1,5,0,0,1,0,0,0,0,0,810700,8676,5819133,855,13,57139514,52,4339037
142729,11,8,2020,9,16,3,3,0,7,0,0,1,0,1,0,0,0,801642,31,5822561,223,13,44164753,52,46969476
142730,11,5,2020,9,18,6,2,6,4,0,0,1,1,0,0,0,0,787305,5171,5830193,943,13,23777411,52,54585575
142731,11,2,2020,9,18,2,3,1,5,0,1,1,0,0,0,0,0,800383,133,5827143,923,13,42729987,52,51146496
142732,11,11,2020,9,12,5,3,1,5,0,1,1,0,0,0,0,0,806038,9869,5826401,274,13,50970173,52,50166546
142733,11,7,2020,9,21,4,2,5,3,2,1,1,0,0,0,0,0,796050,3748,5822865,708,13,35984255,52,47548319
142734,11,2,2020,9,20,5,3,5,3,1,0,1,0,1,0,0,0,800787,2124,5825827,322,13,43204847,52,49944118
142735,11,6,2020,9,12,1,3,5,3,0,0,1,0,0,0,0,0,788247,8865,5818931,757,13,24188749,52,44438689
142736,11,8,2020,9,13,4,3,4,2,0,0,1,0,1,0,0,0,802918,1897,5818387,495,13,45659202,52,43157937
142737,11,2,2020,9,2,6,3,1,5,2,0,1,0,0,0,1,0,798282,7677,5824733,492,13,39428492,52,49101103
142738,11,4,2020,9,13,4,3,0,2,0,1,1,0,0,0,0,0,793988,5591,5826151,233,13,33247219,52,50605002
142739,11,11,2020,9,13,2,3,0,2,0,1,1,0,0,0,0,0,804370,7764,5830843,358,13,48926649,52,54241101
142740,11,2,2020,9,13,4,3,5,3,0,0,1,0,1,0,1,0,798312,9057,5825200,565,13,3951457,52,49518129
142741,11,6,2020,9,14,7,2,5,3,0,1,1,0,0,0,0,0,783928,7795,5815910,226,13,17594591,52,41955465
142742,11,7,2020,9,15,3,2,6,4,0,0,1,1,0,0,0,0,796305,2821,5820714,558,13,36167462,52,45606168
142743,11,7,2020,9,13,6,2,2,2,0,0,1,0,1,0,0,0,796053,6531,5825371,707,13,36211667,52,49794559
142744,11,1,2020,9,15,2,3,0,3,0,1,0,0,1,0,0,0,798916,6567,5827328,54,13,40592289,52,5139253
142745,11,1,2020,9,15,5,3,1,5,0,0,1,0,0,0,1,0,797946,2008,5828461,725,13,3926794,52,52461385
142746,11,9,2020,9,20,4,3,5,2,2,0,1,0,0,0,1,0,804385,8258,5821737,983,13,48116515,52,46079448
142747,11,1,2020,9,20,5,3,6,4,1,0,1,1,0,0,0,0,797633,8703,5832814,4,13,3919891,52,56379706
142748,11,2,2020,9,20,1,3,5,3,2,0,1,0,0,0,0,0,798943,7122,5825242,128,13,40444708,52,49520871
142749,11,6,2020,9,9,3,3,5,3,0,0,1,0,0,0,0,0,794197,2911,5816848,997,13,32733839,52,42254718
142750,11,9,2020,9,15,7,3,3,6,0,0,1,0,1,0,0,0,809160,972,5821551,172,13,55105284,52,45643995
142751,11,3,2020,9,11,4,3,0,7,0,1,0,0,0,0,0,0,800128,2524,5828992,342,13,42522485,52,52817321
142752,11,3,2020,9,7,6,3,5,2,0,1,1,0,0,0,0,0,799148,5499,5829204,984,13,41101761,52,5306177
142753,11,6,2020,9,18,7,2,5,3,0,1,1,0,0,0,0,0,789262,3862,5818040,434,13,25600084,52,43586001
142754,11,3,2020,9,11,2,3,5,3,0,0,1,0,0,0,1,0,799231,9995,5831526,286,13,41433483,52,55137877
142755,11,9,2020,9,14,6,3,0,3,0,0,1,0,0,0,1,0,806287,3092,5820686,25,13,50810026,52,45030605
142756,11,11,2020,9,12,2,3,5,2,0,0,1,0,1,0,0,0,804487,3172,5827335,8,13,48776786,52,51090926
142757,11,1,2020,9,13,5,3,6,4,0,0,1,1,0,0,0,0,795308,189,5827369,118,13,35293921,52,51625474
142758,11,1,2020,9,11,4,3,2,2,0,1,0,0,0,0,1,0,795699,743,5826298,223,13,35773141,52,50644328
142759,11,7,2020,9,19,5,3,5,7,1,0,1,0,0,0,0,0,798603,6366,5821887,605,13,39644847,52,46532584
142760,11,12,2020,9,16,1,3,2,6,0,0,1,0,0,0,0,0,793230,1484,5837707,379,13,33154021,52,6100528
142761,11,8,2020,9,11,3,3,2,6,0,0,1,0,0,0,0,0,803635,233,5818088,257,13,46683484,52,42849981
142762,11,5,2020,9,13,7,3,5,3,0,1,1,0,0,0,0,0,787007,8691,5830796,817,13,23391788,52,55141774
142763,11,10,2020,9,10,4,3,5,2,0,0,1,0,0,0,1,0,808468,3612,5831152,214,13,54978419,52,54287477
142764,11,3,2020,9,5,6,3,5,3,2,1,1,0,0,0,0,0,798140,3049,5835471,459,13,40182787,52,58734022
142765,11,9,2020,9,9,4,3,5,2,0,0,1,0,0,0,0,0,804106,1102,5823595,16,13,47875344,52,47759436
142766,11,8,2020,9,7,2,3,5,3,0,1,0,0,0,0,1,0,805759,7655,5816788,609,13,49679738,52,41566845
142767,11,5,2020,9,9,4,3,6,4,0,0,0,1,0,0,1,0,784033,8992,5828716,274,13,18839522,52,53432244
142768,11,7,2020,9,9,4,3,5,7,0,0,1,0,0,0,1,0,797654,738,5823925,329,13,38434051,52,48410957
142769,11,7,2020,9,9,2,3,0,1,0,1,0,0,0,0,0,0,795369,1943,5820978,263,13,34817167,52,4589323
142770,11,2,2020,9,11,5,2,1,5,0,1,1,0,0,0,0,0,799464,5833,5824930,863,13,41181679,52,49213314
142771,11,5,2020,9,8,4,3,2,2,0,0,1,0,0,0,0,0,782029,9981,5828289,466,13,15856821,52,53153618
142772,11,2,2020,9,13,1,3,5,3,0,1,1,0,0,0,0,0,801613,1096,5825284,262,13,4436865,52,49411783
142773,11,11,2020,9,17,3,2,0,1,0,1,0,0,0,0,0,0,803129,2822,5829953,661,13,47020435,52,53512894
142774,11,9,2020,9,16,6,3,5,2,0,1,1,0,0,0,0,0,810528,7228,5820028,523,13,5697022,52,44201918
142775,11,3,2020,9,18,2,2,5,2,0,0,1,0,1,0,0,0,802484,5332,5836784,983,13,46695634,52,5967149
142776,11,1,2020,9,14,6,3,0,2,0,1,1,0,0,0,0,0,795899,65,5831965,86,13,3657224,52,55713266
142777,11,9,2020,9,8,4,3,5,3,0,0,1,0,0,0,1,0,806543,3635,5820224,921,13,511433,52,44602792
142778,11,6,2020,9,12,2,3,5,2,0,0,1,0,0,0,0,0,794831,2538,5819322,13,13,33881515,52,44437538
142779,11,4,2020,9,8,4,2,2,6,0,0,1,0,0,0,1,0,792871,9509,5826981,32,13,31679789,52,51408943
142780,11,8,2020,9,15,1,3,1,5,0,1,1,0,0,0,0,0,801798,9377,5824371,184,13,44558844,52,48583108
142781,11,1,2020,9,15,3,2,5,2,0,0,1,0,1,0,0,0,793558,4246,5828923,473,13,32859935,52,5311334
142782,11,5,2020,9,17,6,3,0,1,1,1,0,0,0,0,0,0,785143,7829,5833946,451,13,20920728,52,58063592
142783,11,1,2020,9,11,1,3,0,1,0,1,0,0,0,0,0,0,795299,6652,5826465,751,13,35201237,52,50816137
142784,11,1,2020,9,18,3,3,5,3,0,1,1,0,0,0,0,0,796983,6063,5830179,319,13,38006741,52,54053532
142785,11,4,2020,9,18,6,3,0,2,0,0,1,0,1,0,0,0,793306,1271,5823623,479,13,32022081,52,48375698
142786,11,9,2020,9,16,2,3,1,5,0,1,1,0,0,0,0,0,806203,1133,5822531,828,13,50855787,52,46689405
142787,11,8,2020,9,16,5,2,0,7,0,1,0,0,0,0,0,1,800585,5167,5821182,39,13,42489914,52,45791803
142788,11,2,2020,9,8,4,3,0,1,0,1,0,0,0,0,0,0,797670,476,5825860,996,13,38630096,52,50145203
142789,11,5,2020,9,13,2,3,1,5,0,0,1,0,0,0,1,0,784312,6976,5827233,976,13,19122689,52,52088667
142790,11,11,2020,9,6,4,3,5,2,0,1,1,0,0,0,0,0,807248,8056,5824233,235,13,52546987,52,48155537
142791,11,1,2020,9,20,7,3,2,2,1,1,1,0,0,0,0,0,797997,355,5828902,547,13,39382623,52,52853729
142792,11,10,2020,9,15,2,3,0,2,0,1,0,0,0,0,1,0,807934,6064,5829198,18,13,54012811,52,52566483
142793,11,1,2020,9,12,6,3,5,7,0,1,1,0,0,0,0,0,797099,2189,5828837,981,13,38056808,52,52844875
142794,11,3,2020,9,14,2,3,5,3,0,1,1,0,0,0,0,0,800901,401,5832107,389,13,43940874,52,55566765
142795,11,3,2020,9,14,5,3,5,2,0,1,1,0,0,0,0,0,799851,3909,5837898,307,13,4292066,52,60815207
142796,11,11,2020,9,5,4,2,6,4,1,0,0,1,1,0,0,0,802618,361,5829319,628,13,46211274,52,52973029
142797,11,7,2020,9,18,5,3,1,5,0,1,1,0,0,0,0,0,794160,6886,5821892,47,13,33124179,52,4677758
142798,11,1,2020,9,20,1,3,5,7,2,0,1,0,0,0,1,0,798295,7016,5828773,347,13,39809522,52,52721603
142799,11,1,2020,9,16,2,3,2,6,0,0,1,0,0,0,0,0,798588,498,5826884,205,13,40070281,52,51012218
142800,11,9,2020,9,6,5,2,5,2,0,0,1,0,1,0,0,0,807440,41,5818120,131,13,52264924,52,42666082
142801,11,5,2020,9,14,3,2,1,7,0,0,1,0,0,0,1,0,786119,7871,5829357,92,13,2196161,52,53898422
142802,11,1,2020,9,18,5,3,2,6,0,0,1,0,0,0,1,0,793556,3609,5828903,332,13,32855123,52,53095396
142803,11,2,2020,9,19,1,3,5,3,0,1,0,0,0,0,1,0,797495,454,5824704,249,13,38269106,52,49117876
142804,11,4,2020,9,18,7,3,5,2,0,1,1,0,0,0,0,0,793283,7827,5825642,66,13,32166963,52,50186486
142805,11,4,2020,9,10,5,3,1,5,0,1,1,0,0,0,0,0,794360,1056,5826062,626,13,33785224,52,50505537
142806,11,2,2020,9,21,2,3,1,5,2,1,1,0,0,0,0,0,800534,884,5826653,374,13,42907641,52,50698481
142807,11,2,2020,9,11,6,3,5,2,0,1,1,0,0,0,0,0,800482,2319,5828442,679,13,42993047,52,52305143
142808,11,5,2020,9,8,2,3,5,3,0,1,1,0,0,0,0,0,780413,3213,5820867,227,13,12854814,52,46581653
142809,11,5,2020,9,12,5,3,0,1,0,0,0,0,1,0,0,0,784978,2372,5829177,987,13,20267584,52,53796916
142810,11,11,2020,9,12,3,3,5,2,0,1,1,0,0,0,0,0,805674,8649,5830065,756,13,50772105,52,53471192
142811,11,5,2020,9,18,5,3,3,6,1,0,1,0,1,0,0,0,785063,9112,5829470,76,13,2041868,52,54054934
142812,11,1,2020,9,15,1,2,0,6,0,1,1,0,0,0,0,0,798511,7916,5828735,195,13,4012368,52,52675576
142813,11,3,2020,9,9,5,3,5,3,0,0,1,0,1,0,0,0,799377,5844,5829516,645,13,41466458,52,53328552
142814,11,1,2020,9,12,3,2,5,3,0,0,1,0,0,0,1,0,799218,4358,5827580,27,13,41058306,52,51601622
142815,11,10,2020,9,8,7,2,6,4,0,0,0,1,0,0,1,0,810839,1141,5832064,331,13,58548418,52,54970134
142816,11,6,2020,9,10,5,3,6,3,0,0,1,1,0,0,0,0,788545,2731,5816883,298,13,2444827,52,42586437
142817,11,8,2020,9,9,3,3,2,2,0,0,1,0,1,0,0,0,802577,318,5823080,73,13,45584078,52,47382819
142818,11,8,2020,9,14,7,3,2,2,0,0,1,0,0,0,0,0,804769,552,5817845,87,13,48323781,52,42568994
142819,11,12,2020,9,12,3,3,1,5,0,1,0,0,0,0,1,0,789706,9759,5840692,215,13,28227126,52,63870088
142820,11,5,2020,9,10,6,3,0,6,0,0,1,0,0,0,1,0,787367,754,5829825,34,13,23836023,52,54251582
142821,11,1,2020,9,12,3,3,2,6,0,1,0,0,0,0,0,0,797206,6383,5827476,675,13,38093044,52,51618765
142822,11,3,2020,9,9,2,3,5,3,0,1,1,0,0,0,0,0,802495,2689,5833853,234,13,4644384,52,57043241
142823,11,1,2020,9,10,5,3,5,2,0,0,1,0,0,0,0,0,793681,2642,5828109,811,13,32968636,52,52377319
142824,11,7,2020,9,11,3,2,2,6,0,0,0,0,1,0,1,0,796829,7376,5820819,738,13,36946386,52,45671996
142825,11,4,2020,9,13,1,3,6,4,0,0,1,1,0,0,0,0,789084,9296,5826988,424,13,2611542,52,51617614
142826,11,7,2020,9,9,5,3,5,2,0,0,1,0,0,0,0,0,799790,7112,5813977,48,13,40677871,52,39376832
142827,11,2,2020,9,19,3,3,1,5,0,1,1,0,0,0,0,0,799275,391,5826110,794,13,41009349,52,50281347
142828,11,9,2020,9,21,6,2,7,7,2,0,0,0,1,0,0,0,815411,7356,5821903,18,13,64307585,52,45602324
142829,11,3,2020,9,17,2,2,5,2,0,1,1,0,0,0,0,0,799714,8286,5830083,633,13,42013288,52,53818231
142830,11,4,2020,9,23,6,3,5,3,2,1,1,0,0,0,0,0,791822,2237,5828728,439,13,30290608,52,53031726
142831,11,3,2020,9,11,3,3,3,2,0,1,1,0,0,0,0,0,797006,565,5833768,398,13,38360893,52,57269488
142832,11,5,2020,9,14,2,3,5,3,0,1,1,0,0,0,0,0,782300,9137,5828520,38,13,16274727,52,53346334
142833,11,2,2020,9,20,2,2,1,5,2,1,1,0,0,0,0,0,797775,2557,5826013,961,13,38797681,52,50276601
142834,11,1,2020,9,9,6,3,0,1,0,1,0,0,0,0,0,0,799035,5535,5828948,727,13,40912632,52,52838274
142835,11,7,2020,9,10,3,3,2,7,0,1,1,0,0,0,0,0,795536,2083,5824321,393,13,35358477,52,48881079
142836,11,4,2020,9,7,2,3,2,2,0,0,1,0,0,0,0,0,791910,5612,5828199,163,13,30373993,52,52552512
142837,11,12,2020,9,10,3,3,5,2,0,0,1,0,0,0,0,0,793539,8396,5835459,937,13,33410806,52,58973891
142838,11,5,2020,9,9,1,3,5,3,0,1,0,0,0,0,0,0,784405,3489,5828666,688,13,19381429,52,53368414
142839,11,2,2020,9,9,5,3,5,2,0,1,1,0,0,0,0,0,800426,4326,5827978,38,13,42869085,52,51891748
142840,11,7,2020,9,17,3,2,5,2,0,0,1,0,0,0,0,0,799775,2416,5813975,576,13,40655073,52,39376359
142841,11,5,2020,9,18,6,3,0,2,0,1,1,0,0,0,0,0,783972,6157,5823295,44,13,18286856,52,48574664
142842,11,5,2020,9,16,2,3,2,6,0,0,1,0,1,0,0,0,784134,1874,5827284,763,13,18864639,52,52143508
142843,11,11,2020,9,8,5,3,5,3,0,1,1,0,0,0,0,0,804656,1673,5827828,604,13,49069934,52,51523176