OBJECTID,LAND,BEZ,UJAHR,UMONAT,USTUNDE,UWOCHENTAG,UKATEGORIE,UART,UTYP1,ULICHTVERH,IstRad,IstPKW,IstFuss,IstKrad,IstGkfz,IstSonstige,USTRZUSTAND,LINREFX,LINREFY,XGCSWGS84,YGCSWGS84,,,,
143067,11,12,2020,9,13,6,2,5,2,0,1,1,0,0,0,0,0,785488,6813,5837375,181,13,21723959,52,61119603
143068,11,7,2020,9,13,6,3,2,6,0,0,1,0,0,0,0,0,795177,582,5825835,211,13,34965975,52,50257511
143069,11,1,2020,9,12,6,3,5,3,0,1,1,0,0,0,0,0,795998,6798,5830328,759,13,36572026,52,54241081
143070,11,10,2020,9,11,4,3,5,3,0,1,1,0,0,0,0,0,809057,3282,5828645,656,13,55611112,52,52007803
143071,11,1,2020,9,15,1,2,5,2,0,1,1,0,0,0,0,0,795228,9698,5826625,405,13,35111536,52,50963081
143072,11,6,2020,9,12,6,3,5,3,0,0,1,0,0,0,0,0,792759,4518,5815380,18,13,30496921,52,41014904
143073,11,11,2020,9,13,2,3,0,3,0,0,1,0,0,0,0,0,804202,6658,5830669,175,13,48663575,52,54094376
143074,11,5,2020,9,12,6,2,6,4,0,0,1,1,0,0,0,0,784901,8823,5830129,171,13,20236888,52,54653735
143075,11,8,2020,9,17,2,3,5,2,0,1,1,0,0,0,0,0,803101,3654,5822772,13,46325693,52,47077625,
143076,11,9,2020,9,17,2,3,2,4,0,0,1,1,0,0,0,0,806631,417,5822052,367,13,51440249,52,46235677
143077,11,1,2020,9,11,6,3,5,2,0,1,1,0,0,0,0,0,797204,6251,5827496,907,13,38091894,52,5163701
143078,11,1,2020,9,11,6,3,5,3,0,0,1,0,1,0,0,0,796203,7569,5831516,449,13,36979472,52,55294578
143079,11,1,2020,9,11,6,3,5,2,0,1,0,0,0,0,1,0,798529,4561,5828076,219,13,40090489,52,52083929
143080,11,1,2020,9,6,4,3,5,2,0,1,1,0,0,0,0,0,799729,4944,5827572,796,13,41808519,52,51566861
143081,11,5,2020,9,13,1,3,2,6,0,0,1,0,1,0,0,0,782922,3809,5826881,132,13,17049042,52,51844613
143082,11,12,2020,9,10,6,2,5,3,0,0,1,0,0,0,1,0,791318,4616,5838908,437,13,30444592,52,62184783
143083,11,2,2020,9,6,2,3,5,2,2,1,1,0,0,0,0,0,797749,362,5824034,295,13,38582718,52,48503473
143084,11,11,2020,9,16,2,2,1,5,0,0,1,0,0,0,0,0,807464,4309,5827352,172,13,53151358,52,5093862
143085,11,11,2020,9,10,6,3,5,2,0,0,1,0,0,0,1,0,804595,2823,5829937,923,13,4917368,52,5341706
143086,11,3,2020,9,12,2,3,0,1,0,1,0,0,0,0,0,0,799147,974,5830837,782,13,41246617,52,54525403
143087,11,6,2020,9,16,2,2,1,5,0,1,1,0,0,0,0,0,793037,803,5820886,982,13,31386626,52,45936948
143088,11,4,2020,9,15,6,3,5,3,0,1,1,0,0,0,0,0,792644,64,5827100,655,13,31355449,52,51528413
143089,11,9,2020,9,15,4,2,6,4,0,0,1,1,0,0,0,0,806456,821,5821542,625,13,51136186,52,45788663
143090,11,5,2020,9,15,6,3,5,3,0,1,1,0,0,0,0,0,782092,225,5828083,644,13,15930846,52,52965849
143091,11,6,2020,9,17,4,3,0,4,0,0,0,1,0,0,1,0,793727,313,5820573,867,13,32372047,52,45619197
143092,11,1,2020,9,15,6,3,5,2,0,0,1,0,0,0,0,0,795398,438,5830598,573,13,35713501,52,5451552
143093,11,3,2020,9,15,6,2,0,6,0,1,0,0,0,0,1,0,796879,6621,5833869,769,13,38184012,52,5736725
143094,11,4,2020,9,17,4,3,5,7,0,0,1,0,1,0,0,0,791278,5843,5830688,174,13,29663268,52,54817676
143095,11,9,2020,9,16,6,3,2,6,0,1,1,0,0,0,0,0,805791,7149,5820326,251,13,50050075,52,44735697
143096,11,3,2020,9,15,2,3,5,3,0,1,1,0,0,0,0,0,800095,1718,5830649,938,13,42623543,52,54304896
143097,11,1,2020,9,23,2,3,5,2,2,1,0,0,1,0,0,0,795119,2012,5828264,658,13,35095673,52,52438487
143098,11,1,2020,9,16,6,3,3,6,0,1,0,0,0,0,1,0,797275,8104,5831286,659,13,38535436,52,55030194
143099,11,12,2020,9,15,6,3,5,2,0,0,1,0,1,0,0,0,795063,7684,5832467,563,13,35387526,52,56209047
143100,11,1,2020,9,16,6,3,1,5,0,1,1,0,0,0,0,0,797911,2291,5827329,687,13,39115165,52,51448566
143101,11,9,2020,9,16,4,3,5,2,0,1,1,0,0,0,0,0,808889,3994,5819346,141,13,54503014,52,43683208
143102,11,4,2020,9,17,6,3,2,6,0,0,1,0,0,0,0,0,788876,992,5827207,289,13,25828841,52,51824852
143103,11,1,2020,9,15,6,3,5,2,0,0,1,0,0,0,1,0,796641,6147,5825771,146,13,37110824,52,5012069
143104,11,2,2020,9,17,6,3,5,2,0,1,0,0,1,0,0,0,799976,2563,5825340,495,13,41969942,52,49552391
143105,11,1,2020,9,16,4,3,0,2,0,1,1,0,0,0,0,0,798161,4688,5826612,329,13,39418569,52,50791873
143106,11,11,2020,9,17,6,3,5,2,0,1,1,0,0,0,0,0,803838,9394,5828668,486,13,47946036,52,52321522
143107,11,4,2020,9,15,4,3,5,2,0,0,1,0,0,0,1,0,793166,3158,5825622,964,13,31992723,52,50175674
143108,11,5,2020,9,17,6,2,5,3,0,0,1,0,1,0,0,0,782027,5015,5828467,757,13,15868278,52,53313611
143109,11,1,2020,9,14,2,2,6,4,0,1,0,1,0,0,0,0,798483,1778,5828386,619,13,4005034,52,52364693
143110,11,9,2020,9,9,2,2,5,3,0,1,1,0,0,0,0,0,811402,3366,5821151,15,13,58355995,52,45158286
143111,11,1,2020,9,14,6,3,3,6,0,1,1,0,0,0,0,0,794138,1367,5828450,849,13,33670265,52,52658411
143112,11,4,2020,9,14,6,2,6,4,0,0,1,1,0,0,0,0,793187,7759,5827780,725,13,32214337,52,52108866
143113,11,1,2020,9,19,6,3,6,7,2,0,1,1,0,0,0,0,799017,595,5827228,805,13,40731628,52,51297599
143114,11,11,2020,9,15,4,3,5,2,0,1,1,0,0,0,0,0,802435,18,5828903,872,13,45904486,52,52610547
143115,11,12,2020,9,12,1,3,5,2,0,1,1,0,0,0,0,0,792501,2723,5832841,275,13,31651046,52,5668233
143116,11,4,2020,9,19,6,3,5,3,0,1,1,0,0,0,0,0,790949,7785,5824836,539,13,28667832,52,49589282
143117,11,1,2020,9,21,2,2,6,4,2,0,1,1,0,0,0,0,798882,6118,5827918,243,13,40595243,52,5192298
143118,11,3,2020,9,14,3,3,6,7,0,1,0,1,0,0,0,0,797832,292,5834663,828,13,39656902,52,58026967
143119,11,11,2020,9,18,6,3,5,3,0,1,1,0,0,0,0,0,806803,155,5824850,89,13,51949653,52,48734149
143120,11,1,2020,9,19,2,3,5,3,1,1,0,0,1,0,0,0,796144,8085,5825693,635,13,3637418,52,50078193
143121,11,1,2020,9,7,3,2,0,1,0,0,0,0,1,0,0,0,794720,7814,5830418,814,13,34701137,52,54391081
143122,11,2,2020,9,18,3,3,2,6,1,0,1,0,0,0,0,0,800174,4167,5825044,847,13,42234319,52,49276495
143123,11,4,2020,9,8,6,3,0,3,0,1,0,0,0,0,0,0,793379,1757,5821960,219,13,31983026,52,46880718
143124,11,10,2020,9,13,2,3,5,2,0,0,1,0,0,0,0,0,811208,7023,5828860,238,13,58791724,52,52077754
143125,11,1,2020,9,18,6,3,5,3,0,1,1,0,0,0,0,0,797086,4375,5828041,863,13,379669,52,52131941
143126,11,1,2020,9,18,6,3,0,3,0,1,1,0,0,0,0,0,798934,3054,5826945,196,13,40583785,52,51047949
143127,11,6,2020,9,17,6,2,5,3,0,0,1,0,1,0,0,0,793727,4474,5818284,348,13,32170953,52,4356671
143128,11,12,2020,9,13,3,3,2,6,0,1,1,0,0,0,0,0,791844,9957,5836935,205,13,31046117,52,60387609
143129,11,4,2020,9,1,1,2,9,1,2,1,0,0,0,0,0,0,794002,5932,5824284,559,13,33103068,52,48930867
143130,11,5,2020,9,17,6,2,1,5,0,1,1,0,0,0,0,0,781599,8234,5819447,751,13,1447701,52,45247824
143131,11,9,2020,9,12,2,3,2,6,0,1,1,0,0,0,0,0,810477,1108,5820285,917,13,56918446,52,44435517
143132,11,4,2020,9,9,2,3,5,2,0,1,1,0,0,0,0,0,794161,8034,5827014,911,13,33578065,52,51369902
143133,11,11,2020,9,9,5,3,0,6,0,1,0,0,0,0,1,0,804183,4561,5826807,334,13,48282131,52,50634232
143134,11,9,2020,9,9,2,3,5,2,0,0,0,0,0,1,1,0,809391,8899,5821482,711,13,55437701,52,45569575
143135,11,4,2020,9,12,5,3,5,3,0,1,1,0,0,0,0,0,792286,5859,5830601,649,13,31137982,52,54686119
143136,11,10,2020,9,15,5,3,3,6,0,1,1,0,0,0,0,0,808739,251,5828071,176,13,55090172,52,51510996
143137,11,2,2020,9,15,5,3,5,3,0,1,1,0,0,0,0,0,799593,8873,5825830,63,13,41452431,52,50012217
143138,11,3,2020,9,17,5,3,5,3,0,1,1,0,0,0,0,0,799987,6062,5835268,633,13,42882999,52,58450672
143139,11,3,2020,9,13,5,3,4,5,0,0,0,0,0,0,1,0,802499,3241,5831571,171,13,46241794,52,54997646
143140,11,8,2020,9,19,5,3,5,2,1,1,0,0,0,0,1,0,800330,5769,5824358,16,13,42401752,52,48652401
143141,11,9,2020,9,10,3,3,0,2,0,1,1,0,0,0,0,0,808879,869,5818933,662,13,5445093,52,43314083
143142,11,9,2020,9,23,1,2,8,1,2,1,0,0,0,0,0,0,816520,508,5818015,393,13,65565803,52,42054554
143143,11,12,2020,9,23,5,3,1,5,2,0,1,0,0,0,0,0,793400,5663,5835502,27,13,33209536,52,59019136
143144,11,8,2020,9,17,2,3,2,7,0,0,1,0,0,1,0,0,801744,5532,5822358,612,13,442969,52,4678221
143145,11,1,2020,9,22,5,3,5,3,2,0,1,0,0,0,0,0,795395,622,5830587,844,13,35708407,52,54506056
143146,11,3,2020,9,7,3,3,5,2,0,0,1,0,0,0,1,0,802069,5397,5832773,724,13,45719298,52,56099331
143147,11,1,2020,9,21,5,3,0,1,2,0,0,0,1,0,0,0,794288,645,5831492,437,13,34160889,52,55376868
143148,11,11,2020,9,7,3,3,1,6,0,1,1,0,0,0,0,0,804458,753,5830468,882,13,49021661,52,53900561
143149,11,9,2020,9,20,5,3,2,6,2,0,1,0,0,0,0,0,809761,7363,5820705,166,13,55908146,52,4485181
143150,11,5,2020,9,7,3,3,0,1,0,0,0,0,1,0,0,0,783910,3487,5823428,851,13,18206802,52,48697878
143151,11,8,2020,9,20,5,3,2,6,2,0,1,0,0,0,0,0,801881,1532,5823595,55,13,44609321,52,47883351
143152,11,12,2020,9,15,2,3,2,6,0,0,1,0,0,0,0,0,794253,4133,5835440,186,13,34459351,52,58917631
143153,11,9,2020,9,7,2,2,5,3,0,1,1,0,0,0,0,0,809220,4642,5823021,359,13,55328761,52,46958191
143154,11,2,2020,9,7,3,3,5,3,0,1,1,0,0,0,0,0,801267,1424,5827424,411,13,44054237,52,51349144
143155,11,4,2020,9,19,5,3,6,2,1,0,1,1,0,0,0,0,791349,6555,5822555,281,13,29055785,52,47522807
143156,11,4,2020,9,16,2,3,3,6,0,0,1,0,1,0,0,0,790352,556,5827320,85,13,28007213,52,51847611
143157,11,2,2020,9,19,5,3,5,2,1,1,1,0,0,0,0,0,803425,201,5826919,534,13,47178602,52,50777016
143158,11,11,2020,9,18,5,3,5,2,0,1,1,0,0,0,0,0,807653,2067,5833600,18,13,54007038,52,56527258
143159,11,3,2020,9,18,5,3,1,6,0,1,1,0,0,0,0,0,799228,66,5831605,741,13,41435733,52,55209279
143160,11,10,2020,9,7,3,2,5,2,0,0,1,0,1,0,0,0,809347,4584,5834283,547,13,56562399,52,57043807
143161,11,1,2020,9,16,5,3,5,2,0,1,1,0,0,0,0,0,796212,9261,5830763,884,13,36925825,52,54619484
143162,11,11,2020,9,7,3,3,3,6,0,1,0,0,0,0,0,0,803810,1199,5828901,51,13,47924934,52,52531568
143163,11,7,2020,9,18,5,3,5,3,0,0,1,0,1,0,0,0,796297,3482,5823018,535,13,36360398,52,47671923
143164,11,7,2020,9,14,2,3,5,3,0,1,1,0,0,0,0,0,797024,2781,5820719,642,13,37222948,52,45571701
143165,11,3,2020,9,17,5,3,5,3,0,0,1,0,1,0,0,0,798164,7993,5833449,885,13,40037011,52,56920634
143166,11,8,2020,9,17,5,3,5,3,0,1,1,0,0,0,0,0,800693,8258,5822933,47,13,4280662,52,47355407
143167,11,7,2020,9,17,5,3,6,4,0,1,0,1,0,0,0,0,794648,8607,5824160,883,13,34041202,52,48785156
143168,11,6,2020,9,7,3,3,5,2,0,1,1,0,0,0,0,0,792465,2897,5821578,701,13,30608077,52,46587695
143169,11,2,2020,9,16,5,3,2,6,0,1,1,0,0,0,0,0,799689,4761,5825369,5,13,41551347,52,4959374
143170,11,1,2020,9,12,5,3,5,3,0,0,1,0,0,0,0,0,796973,7217,5828802,544,13,37869191,52,52819948
143171,11,4,2020,9,11,5,3,0,6,0,1,1,0,0,0,0,0,792982,4962,5822441,397,13,31442998,52,47333369
143172,11,2,2020,9,23,3,3,5,2,2,1,1,0,0,0,0,0,800283,4995,5827631,39,13,42627778,52,51588907
143173,11,2,2020,9,11,5,3,5,2,0,1,0,0,0,0,1,0,798843,6167,5825105,536,13,40285454,52,49403916
143174,11,4,2020,9,6,3,2,5,2,0,0,1,0,1,0,0,0,790328,4,5827555,284,13,27991659,52,52059777
143175,11,1,2020,9,23,3,3,5,2,2,1,1,0,0,0,0,0,795045,707,5829159,458,13,35066131,52,53244618
143176,11,2,2020,9,11,5,3,5,3,0,1,1,0,0,0,0,0,797805,869,5824909,476,13,38743896,52,4928489
143177,11,2,2020,9,21,2,3,2,7,2,1,1,0,0,0,0,0,802689,3395,5827317,61,13,46133889,52,51174685
143178,11,1,2020,9,7,2,3,0,2,0,1,1,0,0,0,0,0,798368,4737,5830148,158,13,40039885,52,53949949
143179,11,2,2020,9,10,5,3,5,3,0,0,1,0,0,0,1,0,801037,49,5825891,456,13,43577576,52,49987827
143180,11,1,2020,9,10,5,3,2,3,0,1,1,0,0,0,0,0,794748,8297,5830932,544,13,34787969,52,54850083
143181,11,6,2020,9,10,5,2,5,2,0,1,1,0,0,0,0,0,790239,77,5820060,834,13,272083,52,45345607
143182,11,8,2020,9,21,3,3,0,2,2,0,1,0,1,0,0,0,802472,9403,5820705,406,13,4521609,52,4526015
143183,11,5,2020,9,20,1,3,6,2,1,0,1,1,0,0,0,0,784769,1053,5828813,329,13,19928821,52,53480898
143184,11,6,2020,9,9,5,3,5,2,0,0,1,0,0,0,1,0,791452,7334,5816679,507,13,28694437,52,42249638
143185,11,1,2020,9,12,2,3,6,4,0,1,0,1,0,0,0,0,795660,3844,5826101,591,13,3569884,52,50470161
143186,11,3,2020,9,8,5,3,5,2,0,0,1,0,1,0,0,0,799049,6994,5830160,776,13,41042474,52,53923918
143187,11,1,2020,9,20,1,3,1,5,1,0,1,0,0,0,1,0,796987,5449,5829392,764,13,37942237,52,5334826
143188,11,7,2020,9,8,5,3,1,5,0,1,1,0,0,0,0,0,795983,3966,5825361,511,13,36107569,52,4978923
143189,11,4,2020,9,19,2,3,6,2,1,0,1,1,0,0,0,0,793459,7099,5823931,758,13,32274741,52,48643806
143190,11,5,2020,9,8,5,3,3,2,0,0,1,0,1,0,0,0,784736,8272,5828587,905,13,19862049,52,53280469
143191,11,1,2020,9,18,2,3,5,3,0,0,1,0,0,0,1,0,797902,7303,5831002,621,13,39431822,52,54741344
143192,11,2,2020,9,15,5,3,0,3,0,0,1,0,1,0,0,0,803320,9434,5826748,258,13,47009853,52,50629302
143193,11,1,2020,9,15,5,3,2,6,0,0,1,0,0,0,0,0,795175,7581,5826915,248,13,35059064,52,51225784
143194,11,5,2020,9,14,5,2,5,3,0,0,1,0,1,0,0,0,785149,336,5829601,828,13,20555103,52,54167994
143195,11,3,2020,9,18,3,3,6,4,0,1,0,1,0,0,0,0,800903,3989,5831251,59,13,43866207,52,54799116
143196,11,5,2020,9,18,1,2,5,2,1,0,1,0,0,0,0,0,783691,634,5830166,826,13,18459307,52,54750687
143197,11,12,2020,9,14,5,2,5,3,0,0,1,0,0,0,0,0,786538,9627,5833199,462,13,229096,52,5732058
143198,11,4,2020,9,11,2,3,2,2,0,0,1,0,0,0,0,0,790374,595,5827297,202,13,28036817,52,51825952
143199,11,12,2020,9,14,5,2,5,3,0,0,1,0,0,0,0,0,786832,538,5837501,135,13,23714134,52,61161771
143200,11,4,2020,9,14,5,3,5,2,0,1,1,0,0,0,0,0,792193,1386,5824636,28,13,30476531,52,49343104
143201,11,6,2020,9,20,3,3,2,6,2,1,1,0,0,0,0,0,794562,7535,5816348,219,13,33225643,52,4178613
143202,11,1,2020,9,14,3,3,2,6,0,1,0,0,0,0,0,0,795455,171,5831614,756,13,35887335,52,5542336
143203,11,6,2020,9,13,5,3,6,2,0,0,0,1,0,0,1,0,793530,6061,5820632,52,13,32088501,52,45681926
143204,11,7,2020,9,7,3,3,5,3,0,1,1,0,0,0,0,0,799341,48,5816110,466,13,40210311,52,41313752
143205,11,7,2020,9,13,5,3,1,5,0,0,1,0,0,0,0,0,798175,3911,5820930,938,13,38930879,52,45698429
143206,11,4,2020,9,12,5,2,5,3,0,0,1,0,0,0,0,0,791220,1329,5829730,927,13,29493386,52,53962644
143207,11,1,2020,9,6,3,3,5,7,1,1,1,0,0,0,0,0,796628,214,5826074,55,13,37118123,52,50392947
143208,11,12,2020,9,13,5,2,5,2,0,1,0,0,0,1,0,0,795445,475,5834157,816,13,36098923,52,57703522
143209,11,11,2020,9,13,2,3,6,4,0,0,1,1,0,0,0,0,805281,8097,5833240,947,13,5048631,52,56338934
143210,11,1,2020,9,8,5,3,3,2,0,1,0,0,1,0,0,0,798004,605,5826788,132,13,39203867,52,50958029
143211,11,1,2020,9,7,5,3,0,6,0,0,1,0,1,0,0,0,799077,9323,5828978,732,13,40977616,52,52862844
143212,11,4,2020,9,7,5,3,2,6,0,1,1,0,0,0,0,0,794209,2735,5823382,494,13,33326966,52,48111078
143213,11,1,2020,9,6,3,2,5,3,0,0,1,0,1,0,0,0,797878,3186,5827467,457,13,39079144,52,51573857
143214,11,11,2020,9,7,5,3,5,3,0,0,1,0,0,0,0,0,806468,9775,5826869,681,13,51644768,52,50562212
143215,11,4,2020,9,7,3,3,5,2,0,1,1,0,0,0,0,0,789269,1,5826827,304,13,26372065,52,51463401
143216,11,3,2020,9,5,3,3,2,6,0,0,1,0,0,0,1,0,796977,3683,5835831,931,13,38503586,52,5912075
143217,11,6,2020,9,6,5,3,2,2,0,0,1,0,1,0,0,0,793460,383,5817162,909,13,316803,52,4257572
143218,11,3,2020,9,6,5,3,2,6,0,0,1,0,0,0,0,0,799264,4716,5831802,221,13,41506104,52,55383425
143219,11,9,2020,9,0,3,2,8,1,2,1,0,0,0,0,0,0,802360,697,5825651,579,13,45499802,52,49699649
143220,11,12,2020,9,15,4,3,2,7,0,0,1,0,0,0,0,0,790310,6497,5835450,242,13,28656657,52,59138511
143221,11,7,2020,9,14,2,3,2,6,0,0,1,0,0,0,0,0,798081,4682,5814493,353,13,38219296,52,39932926
143222,11,1,2020,9,15,4,3,0,3,0,1,0,0,0,0,1,0,797414,5464,5830005,253,13,3862471,52,53874
143223,11,11,2020,9,10,4,2,6,7,0,1,0,1,0,0,0,0,806064,4504,5825785,712,13,50951004,52,4961343
143224,11,1,2020,9,21,4,3,2,6,2,0,1,0,0,0,1,0,797556,1526,5828685,641,13,38714754,52,526834
143225,11,1,2020,9,8,3,3,1,5,0,1,0,0,0,0,1,0,797755,524,5827486,961,13,38899772,52,51598071
143226,11,8,2020,9,14,4,3,4,6,0,0,0,0,1,0,1,0,800277,8016,5822220,16,13,42131757,52,46738921
143227,11,9,2020,9,0,3,3,2,6,2,0,1,0,1,0,0,0,805892,9734,5821809,118,13,50334431,52,46059052
143228,11,2,2020,9,7,3,3,5,2,0,1,1,0,0,0,0,0,800557,9546,5827589,121,13,43027202,52,51535903
143229,11,5,2020,9,8,4,3,6,7,0,1,0,1,0,0,0,0,789366,673,5828810,91,13,26687156,52,53236604
143230,11,4,2020,9,20,2,3,5,2,1,0,1,0,0,0,0,0,792323,1563,5826109,52,13,30796791,52,50656675
143231,11,12,2020,9,20,4,2,7,7,0,1,0,0,0,0,0,0,790577,5118,5841163,65,13,29551446,52,64246198
143232,11,9,2020,9,11,4,3,2,6,0,0,1,0,0,0,0,0,812370,976,5819597,503,13,59630244,52,43710802
143233,11,12,2020,9,14,2,3,3,6,0,0,1,0,1,0,0,0,795863,262,5832605,582,13,36575824,52,56289383
143234,11,12,2020,9,11,4,3,5,2,0,0,1,0,1,0,0,0,786672,5879,5838509,117,13,2356592,52,62073911
143235,11,4,2020,9,23,4,3,1,5,2,0,1,0,0,0,0,0,793438,4134,5826571,469,13,32476033,52,51011342
143236,11,8,2020,9,22,4,3,0,1,2,1,0,0,0,0,0,0,801327,367,5823499,685,13,43787704,52,47828009
143237,11,4,2020,9,8,3,3,5,3,0,1,1,0,0,0,0,0,791768,4073,5826432,773,13,30010137,52,50976583
143238,11,9,2020,9,18,1,3,2,6,0,0,1,0,0,0,0,0,802317,1015,5825319,253,13,45405621,52,494042
143239,11,12,2020,9,22,4,2,5,2,2,1,1,0,0,0,0,0,793420,7817,5832488,261,13,3297256,52,56316391
143240,11,12,2020,9,13,2,3,3,6,0,0,1,0,1,0,0,0,790147,547,5835788,408,13,28445461,52,59450403
143241,11,11,2020,9,7,2,3,5,2,0,1,1,0,0,0,0,0,807248,7127,5824230,248,13,52546575,52,48152865
143242,11,1,2020,9,21,4,3,1,5,2,1,1,0,0,0,0,0,798967,6916,5829007,272,13,4081816,52,52894472
143243,11,1,2020,9,16,1,3,1,5,0,1,1,0,0,0,0,0,799501,962,5828869,941,13,41589741,52,52742098
143244,11,4,2020,9,20,4,3,1,5,2,1,1,0,0,0,0,0,794451,382,5825878,556,13,33903036,52,50335605
143245,11,4,2020,9,20,4,3,5,2,2,0,1,0,1,0,0,0,793350,6495,5824513,7,13,32165816,52,49171356
143246,11,4,2020,9,20,4,3,5,3,2,1,1,0,0,0,0,0,793447,9674,5824501,629,13,32307679,52,49155304
143247,11,11,2020,9,8,3,3,5,2,0,1,1,0,0,0,0,0,806622,746,5827345,255,13,51914416,52,50979792
143248,11,4,2020,9,17,2,3,5,2,0,1,1,0,0,0,0,0,794395,694,5826083,269,13,33838414,52,50522156
143249,11,6,2020,9,18,4,2,5,2,0,0,1,0,0,0,0,0,793156,7807,5818220,612,13,31328308,52,43540188
143250,11,12,2020,9,5,6,3,5,2,2,1,1,0,0,0,0,1,793419,1364,5832489,631,13,32970261,52,56317708
143251,11,3,2020,9,14,4,2,6,4,0,1,0,1,0,0,0,0,798539,4324,5834207,425,13,40656321,52,57579121
143252,11,7,2020,9,5,2,3,0,1,2,0,0,0,1,0,0,1,794962,2084,5823926,502,13,34480605,52,48558128
143253,11,12,2020,9,9,4,3,2,6,0,0,1,0,1,0,0,0,793381,6278,5833132,998,13,32971982,52,5689647
143254,11,1,2020,9,19,5,3,2,6,2,1,1,0,0,0,0,0,797574,486,5828582,512,13,3873247,52,52589957
143255,11,9,2020,9,17,7,2,2,6,0,0,1,0,0,0,0,1,804332,7366,5821685,79,13,48033859,52,46035625
143256,11,7,2020,9,7,3,3,5,3,0,1,1,0,0,0,0,0,797229,6738,5822948,951,13,37722897,52,47558889
143257,11,5,2020,9,10,4,3,3,6,0,0,1,0,0,1,0,0,784290,4813,5828709,364,13,1921619,52,53412671
143258,11,3,2020,9,10,4,3,0,2,0,1,1,0,0,0,0,0,795859,8255,5836451,51,13,36914047,52,59737037
143259,11,7,2020,9,14,6,3,2,6,0,0,1,0,0,0,1,1,797050,9186,5822176,699,13,37391713,52,46876366
143260,11,1,2020,9,15,2,3,5,3,0,0,1,0,1,0,0,0,797910,6785,5830300,79,13,39380564,52,5411181
143261,11,5,2020,9,18,4,3,5,3,0,0,1,0,0,0,0,0,785157,467,5829596,16,13,20567006,52,54162341
143262,11,6,2020,9,6,5,3,6,2,1,0,1,1,0,0,0,0,795349,8209,5819990,967,13,34701412,52,45009229
143263,11,9,2020,9,17,2,3,1,5,0,1,1,0,0,0,0,0,812310,5462,5818693,815,13,59458518,52,42904375
143264,11,1,2020,9,17,3,3,1,5,0,1,1,0,0,0,0,0,797149,8584,5831377,31,13,38358312,52,55118074
143265,11,3,2020,9,8,5,3,2,7,0,1,1,0,0,0,0,0,802216,3919,5831192,826,13,45791361,52,54674243
143266,11,7,2020,9,13,7,3,5,3,0,0,1,0,0,0,0,1,796023,7468,5822813,357,13,35940517,52,47502833
143267,11,5,2020,9,19,3,3,2,2,0,0,1,0,0,0,0,0,787467,1465,5829880,375,13,23987967,52,54295919
143268,11,11,2020,9,14,5,2,0,7,0,1,0,0,0,1,0,0,807279,893,5825409,15,13,52701016,52,49207539
143269,11,11,2020,9,10,7,3,9,1,0,0,1,0,0,0,0,1,803752,7084,5826199,563,13,47593991,52,50113501
143270,11,11,2020,9,12,3,3,5,3,0,1,1,0,0,0,0,0,803420,1866,5828617,507,13,4732607,52,52299149
143271,11,1,2020,9,17,4,3,5,3,0,1,1,0,0,0,0,0,795227,9446,5832194,671,13,35604741,52,55955525
143272,11,5,2020,9,10,6,3,2,6,0,0,1,0,0,0,1,1,782464,4792,5820623,451,13,15845508,52,4625741
143273,11,8,2020,9,10,2,3,5,2,0,0,1,0,0,0,0,0,806351,44,5817141,16,13,50578613,52,41849633
143274,11,10,2020,9,12,4,2,0,1,0,0,0,0,1,0,0,0,815052,8224,5829571,597,13,64506089,52,52494459
143275,11,6,2020,9,9,4,3,5,2,0,1,1,0,0,0,0,0,794797,979,5819831,151,13,33876334,52,44895796
143276,11,3,2020,9,17,5,3,5,3,0,1,1,0,0,0,0,0,798212,6143,5835271,73,13,40271169,52,58550442
143277,11,6,2020,9,21,1,3,8,1,2,0,1,0,0,0,0,1,793116,3794,5817664,39,13,31220254,52,43043396
143278,11,8,2020,9,16,3,2,0,6,0,0,1,0,1,0,0,0,801216,5627,5821697,3,13,43462288,52,46218325
143279,11,9,2020,9,20,6,3,3,6,2,1,1,0,0,0,0,0,809293,7324,5822753,749,13,55411473,52,46714216
143280,11,2,2020,9,9,3,3,1,5,0,1,1,0,0,0,0,0,801402,602,5828748,859,13,44373245,52,5252878
143281,11,2,2020,9,18,4,3,5,2,0,1,1,0,0,0,0,0,799994,2811,5825445,364,13,42005857,52,49645399
143282,11,3,2020,9,8,6,3,2,6,0,0,1,0,0,0,0,1,803419,7903,5838393,33,13,48219615,52,61060875
143283,11,4,2020,9,14,4,3,6,4,0,0,1,1,0,0,0,0,791621,9893,5822439,71,13,29445453,52,4740409
143284,11,4,2020,9,11,2,3,0,4,0,0,1,1,0,0,0,0,793148,9904,5825617,413,13,31966783,52,50171628
143285,11,12,2020,9,13,4,2,1,5,0,1,1,0,0,0,0,0,793045,6452,5832671,639,13,32436919,52,56500984
143286,11,3,2020,9,8,4,3,5,3,0,1,1,0,0,0,0,0,801094,7633,5831490,419,13,44169272,52,55003083
143287,11,7,2020,9,17,4,2,5,3,0,0,1,0,0,0,0,0,797013,2991,5823565,509,13,37460173,52,48123344
143288,11,4,2020,9,8,6,3,2,6,0,0,1,0,0,1,1,1,788773,6895,5827647,601,13,25715248,52,52225078
143289,11,1,2020,9,14,2,3,1,5,0,1,1,0,0,0,0,0,798789,3291,5829846,347,13,40631439,52,5365636