OBJECTID,LAND,BEZ,UJAHR,UMONAT,USTUNDE,UWOCHENTAG,UKATEGORIE,UART,UTYP1,ULICHTVERH,IstRad,IstPKW,IstFuss,IstKrad,IstGkfz,IstSonstige,USTRZUSTAND,LINREFX,LINREFY,XGCSWGS84,YGCSWGS84,,,,
143290,11,8,2020,9,7,4,3,0,3,0,0,1,0,1,0,0,0,804521,5313,5818130,635,13,47986872,52,42838706
143291,11,4,2020,9,8,4,3,1,5,0,1,1,0,0,0,0,0,793265,7158,5823660,341,13,31965984,52,48410913
143292,11,9,2020,9,14,5,3,5,2,0,1,1,0,0,0,0,0,806227,787,5822178,22,13,50859548,52,46371106
143293,11,3,2020,9,13,1,3,0,7,0,0,1,0,1,0,0,0,798634,7978,5830288,993,13,40444062,52,54061599
143294,11,6,2020,9,10,3,3,1,5,0,1,1,0,0,0,0,0,795533,5785,5820184,487,13,34988147,52,45172776
143295,11,9,2020,9,23,6,2,0,1,2,0,0,0,1,0,0,0,808556,307,5821659,584,13,5422783,52,45775337
143296,11,2,2020,9,8,3,3,0,2,0,1,1,0,0,0,0,0,799292,2753,5826221,538,13,41044621,52,50379668
143297,11,3,2020,9,8,4,3,4,6,0,1,0,0,0,0,0,0,800016,795,5835478,679,13,42944969,52,5863733
143298,11,10,2020,9,5,6,3,9,1,2,0,1,0,0,0,1,1,809907,5564,5831583,371,13,57134071,52,54592196
143299,11,2,2020,9,14,4,3,6,7,0,0,1,1,0,0,0,0,797896,8137,5824883,557,13,38875137,52,49256694
143300,11,9,2020,9,6,2,3,1,7,1,0,1,0,0,0,0,0,808951,6006,5817172,856,13,54393486,52,41731996
143301,11,2,2020,9,12,4,3,5,7,0,1,1,0,0,0,0,0,802619,9407,5827843,51,13,46079722,52,51649484
143302,11,5,2020,9,15,5,3,3,6,0,0,1,0,0,0,0,0,785063,1451,5829466,443,13,20417183,52,54051103
143303,11,3,2020,9,20,7,3,5,3,2,0,1,0,0,0,0,1,800056,5227,5831262,25,13,42622018,52,54855656
143304,11,5,2020,9,8,3,3,2,6,0,0,1,0,1,0,0,0,782004,5507,5828457,531,13,15833665,52,5330563
143305,11,3,2020,9,8,4,3,1,3,0,1,1,0,0,0,0,0,802999,704,5833924,767,13,47191461,52,57079334
143306,11,10,2020,9,12,5,3,5,3,0,1,1,0,0,0,0,0,814055,3406,5829451,753,13,63029337,52,52444613
143307,11,8,2020,9,6,1,3,1,7,1,0,1,0,0,0,1,0,799667,9924,5817640,518,13,40825964,52,42667382
143308,11,2,2020,9,14,3,2,6,4,0,0,1,1,0,0,0,0,803549,1425,5827186,81,13,47384965,52,51009021
143309,11,1,2020,9,18,6,3,5,2,0,1,1,0,0,0,0,1,796590,6414,5826877,131,13,37134482,52,51114867
143310,11,3,2020,9,7,3,3,5,2,0,1,1,0,0,0,0,0,799231,7504,5829269,193,13,41229827,52,53114757
143311,11,2,2020,9,8,4,3,5,2,0,1,1,0,0,0,0,0,797880,96,5825062,838,13,38867884,52,49418264
143312,11,10,2020,9,13,6,3,0,7,0,0,0,0,1,0,0,1,813683,7303,5831114,147,13,62640254,52,53955647
143313,11,8,2020,9,14,4,2,5,2,0,0,1,0,1,1,0,0,803436,4786,5821901,107,13,46738337,52,46278449
143314,11,11,2020,9,5,2,3,2,2,1,0,1,0,0,0,0,1,803545,6542,5829729,627,13,47611958,52,53288927
143315,11,4,2020,9,9,4,3,1,7,0,0,1,0,0,0,0,0,791849,798,5823922,207,13,29908674,52,4872158
143316,11,7,2020,9,18,5,3,5,3,1,0,1,0,0,0,0,0,800391,7673,5814524,891,13,41607663,52,39834972
143317,11,1,2020,9,12,7,3,5,3,0,1,1,0,0,0,0,1,796938,9701,5830135,464,13,37937199,52,54016654
143318,11,7,2020,9,23,3,2,6,4,2,1,0,1,0,0,0,0,795405,1645,5825477,439,13,35268547,52,4992448
143319,11,7,2020,9,7,4,3,3,6,0,1,1,0,0,0,0,0,796316,4478,5823953,831,13,36471561,52,48509298
143320,11,4,2020,9,7,4,2,5,3,0,0,1,0,0,0,0,0,791257,7735,5824993,77,13,2913398,52,49713812
143321,11,2,2020,9,14,6,3,1,5,0,1,1,0,0,0,0,1,798199,6744,5826509,654,13,39465498,52,5069775
143322,11,1,2020,9,9,2,3,2,6,0,1,1,0,0,0,0,0,797200,52,5828330,11,13,38160304,52,52384105
143323,11,9,2020,9,6,4,2,7,7,1,0,0,0,1,0,0,0,818144,9442,5812626,995,13,67434993,52,37132157
143324,11,1,2020,9,17,5,3,5,7,0,1,1,0,0,0,0,0,796575,7636,5827815,637,13,37196275,52,51956951
143325,11,3,2020,9,16,4,1,5,2,0,0,1,0,1,0,0,0,803007,585,5842059,688,13,47948793,52,64369854
143326,11,4,2020,9,16,6,3,1,7,0,0,1,0,0,0,0,0,793441,9826,5824100,551,13,3226357,52,48796075
143327,11,11,2020,9,10,2,2,5,3,0,1,1,0,0,0,0,0,806475,5405,5826861,951,13,51653696,52,50554915
143328,11,7,2020,9,7,3,3,0,2,0,1,0,0,0,0,1,0,796045,133,5822843,27,13,35974568,52,47528489
143329,11,6,2020,9,12,6,3,5,3,0,0,1,0,0,0,0,1,792683,4355,5819785,15,13,3077104,52,44968125
143330,11,3,2020,9,18,2,3,1,5,0,1,0,0,0,0,1,0,800376,1354,5831892,913,13,43149029,52,55403521
143331,11,1,2020,9,7,3,3,2,6,1,1,0,0,0,0,1,0,795730,5487,5828205,178,13,35988864,52,52352043
143332,11,1,2020,9,13,5,3,5,3,0,0,1,0,0,0,0,0,795330,343,5826170,691,13,35219677,52,50549995
143333,11,5,2020,9,8,7,3,9,1,0,0,1,0,0,0,0,1,786266,7329,5829150,204,13,22159787,52,53704473
143334,11,4,2020,9,11,3,2,0,7,0,1,0,0,0,0,0,0,793027,416,5822301,638,13,31496666,52,47205669
143335,11,2,2020,9,9,3,3,5,2,0,1,1,0,0,0,0,0,798795,163,5824940,355,13,40199482,52,49258507
143336,11,12,2020,9,9,6,3,5,2,0,1,0,0,0,0,1,1,794902,632,5832456,384,13,3514951,52,56207756
143337,11,9,2020,9,7,4,3,5,2,0,1,1,0,0,0,0,0,807092,5428,5821909,18,13,52103678,52,46081456
143338,11,8,2020,9,14,3,3,5,2,0,1,1,0,0,0,0,0,802459,6221,5820696,802,13,45195771,52,45253175
143339,11,7,2020,9,17,5,3,6,6,0,1,0,1,0,0,0,0,796434,5079,5824890,716,13,36728254,52,49342721
143340,11,9,2020,9,20,1,3,1,5,2,0,1,0,0,0,0,1,810856,5372,5821403,658,13,57578915,52,45415635
143341,11,7,2020,9,16,3,3,5,3,0,0,1,0,0,0,0,0,799819,98,5812662,447,13,40603186,52,38196853
143342,11,8,2020,9,16,1,3,3,6,0,1,1,0,0,0,0,0,802024,4,5823524,476,13,4481258,52,47811749
143343,11,12,2020,9,17,3,3,5,3,0,0,1,0,0,0,1,0,791698,3934,5839250,602,13,31034431,52,62471133
143344,11,2,2020,9,13,5,3,5,3,0,0,1,0,1,0,0,0,802443,6484,5827416,85,13,45781905,52,51276575
143345,11,4,2020,9,13,7,3,6,4,0,0,1,1,0,0,0,1,790780,8825,5827380,889,13,28642003,52,518793
143346,11,11,2020,9,16,3,3,2,3,0,1,0,0,1,0,0,0,807033,3977,5823511,691,13,52164353,52,47520989
143347,11,6,2020,9,17,3,3,0,5,1,0,1,0,0,0,0,0,793495,1861,5818075,138,13,31811906,52,43391626
143348,11,2,2020,9,7,6,3,5,3,0,0,1,0,1,0,0,1,797694,4064,5825806,122,13,38660341,52,50094709
143349,11,8,2020,9,14,2,3,6,7,0,0,1,1,0,0,0,0,800852,3006,5824321,81,13,43164501,52,48591096
143350,11,4,2020,9,8,4,3,5,3,0,1,0,0,1,0,0,0,792623,202,5825440,18,13,31178811,52,50040821
143351,11,6,2020,9,16,3,2,5,2,0,1,1,0,0,0,0,0,791324,5694,5820636,738,13,28851453,52,45804163
143352,11,5,2020,9,16,5,2,6,7,0,0,1,1,0,0,0,0,784590,1674,5829492,741,13,19723914,52,54099406
143353,11,4,2020,9,12,1,2,5,3,0,0,1,0,0,0,0,0,792622,1891,5824190,184,13,31067537,52,48920432
143354,11,6,2020,9,15,3,3,3,6,0,0,1,0,0,1,0,0,793824,9961,5815600,742,13,32078328,52,41155693
143355,11,10,2020,9,15,6,2,0,3,0,1,1,0,0,0,0,1,813215,6679,5825960,118,13,614672,52,4936406
143356,11,8,2020,9,8,3,3,5,3,0,1,1,0,0,0,0,0,800940,5664,5822309,571,13,43112515,52,46782598
143357,11,6,2020,9,15,3,3,3,6,0,0,1,0,0,0,0,0,794321,9106,5820469,942,13,33235431,52,45494046
143358,11,4,2020,9,5,6,3,5,3,2,1,1,0,0,0,0,1,792000,176,5825973,405,13,30310144,52,50552375
143359,11,3,2020,9,14,4,3,5,3,0,0,1,0,0,0,0,0,797409,68,5833972,939,13,3897306,52,57430792
143360,11,1,2020,9,7,6,3,0,1,0,1,0,0,0,0,0,1,798321,7044,5829357,373,13,39900144,52,53243679
143361,11,10,2020,9,9,3,3,5,2,0,0,1,0,1,0,0,0,812011,7189,5830583,307,13,60133095,52,53575939
143362,11,4,2020,9,15,3,3,1,5,0,0,1,0,0,0,0,0,791041,2886,5823091,92,13,28649815,52,48019605
143363,11,9,2020,9,7,6,2,5,3,1,0,1,0,1,0,0,1,809220,8548,5823023,457,13,55329528,52,46960049
143364,11,5,2020,9,13,4,3,5,3,0,1,1,0,0,0,0,0,784419,6446,5831933,211,13,19682226,52,56296434
143365,11,1,2020,9,15,2,3,6,7,0,1,0,1,0,0,0,0,794117,6342,5828026,193,13,33602572,52,52278839
143366,11,1,2020,9,13,4,3,0,4,0,0,0,1,1,0,0,0,799051,945,5828479,945,13,40894564,52,5241718
143367,11,9,2020,9,16,5,3,5,3,0,0,0,0,1,0,0,0,809407,4491,5819686,631,13,55294184,52,43959072
143368,11,1,2020,9,23,7,3,5,2,2,1,1,0,0,0,0,1,794325,1072,5828366,234,13,33937581,52,52572468
143369,11,6,2020,9,13,3,3,2,6,0,0,1,0,0,0,0,0,787491,1431,5818198,525,13,23015336,52,43821133
143370,11,11,2020,9,10,5,3,3,6,0,0,1,0,1,0,0,0,803713,6914,5826365,44,13,47551781,52,50263989
143371,11,11,2020,9,17,6,3,6,4,2,0,1,1,0,0,0,1,804832,1409,5830159,299,13,49542101,52,53602226
143372,11,4,2020,9,15,2,3,5,2,0,1,1,0,0,0,0,0,792737,4079,5826109,662,13,31405449,52,50635011
143373,11,4,2020,9,14,3,2,0,7,0,1,0,0,0,0,0,0,789764,6,5828387,115,13,27235307,52,52835523
143374,11,4,2020,9,13,6,3,5,2,0,0,1,0,0,0,0,1,791850,9401,5825215,53,13,30024659,52,49880501
143375,11,6,2020,9,13,4,3,5,3,0,1,1,0,0,0,0,0,794861,7744,5820057,668,13,33991223,52,45095368
143376,11,11,2020,9,19,2,2,5,3,1,1,1,0,0,0,0,0,804919,367,5829941,614,13,49649848,52,53402266
143377,11,1,2020,9,12,3,3,5,3,0,0,1,0,0,0,0,0,797820,1031,5830765,41,13,39289025,52,54532901
143378,11,11,2020,9,10,5,3,5,3,0,0,1,0,0,0,0,0,804989,5942,5833003,565,13,50034734,52,56142559
143379,11,7,2020,9,18,5,2,5,2,0,0,1,0,0,0,0,0,799790,6495,5813977,43,13,4067778,52,39376831
143380,11,1,2020,9,12,7,3,0,1,0,0,0,0,0,0,1,1,796387,6111,5826621,631,13,36813436,52,50896871
143381,11,7,2020,9,12,3,3,2,7,0,0,0,0,1,0,1,0,797090,2442,5821234,747,13,37365582,52,46029858
143382,11,2,2020,9,20,2,3,2,2,2,0,1,0,0,0,1,0,799847,8501,5824796,773,13,41732433,52,49072083
143383,11,7,2020,9,11,4,3,0,2,0,0,1,0,0,0,1,0,796016,8905,5824955,31,13,36120643,52,49423039
143384,11,1,2020,9,9,5,3,5,2,0,1,1,0,0,0,0,0,799727,6864,5827760,913,13,41822809,52,51735578
143385,11,3,2020,9,22,5,3,5,3,2,0,1,0,1,0,0,0,800398,6034,5831684,194,13,43163183,52,55215202
143386,11,4,2020,9,19,7,2,5,2,2,0,1,0,0,0,0,1,793340,4901,5823072,473,13,32024058,52,47879894
143387,11,1,2020,9,21,3,3,3,6,2,1,1,0,0,0,0,0,798501,4051,5829050,291,13,40136704,52,52958586
143388,11,7,2020,9,14,3,3,6,2,0,0,1,1,0,0,0,0,800193,3547,5813587,411,13,41232936,52,39005524
143389,11,3,2020,9,13,3,2,5,3,0,1,0,0,0,0,1,0,801385,2666,5830663,486,13,44521378,52,54245834
143390,11,1,2020,9,12,6,3,5,3,0,0,1,0,1,0,0,1,795136,528,5826498,689,13,34963787,52,50854517
143391,11,12,2020,9,16,2,3,5,3,0,1,1,0,0,0,0,0,789977,6078,5840997,963,13,28652783,52,64129739
143392,11,8,2020,9,14,3,3,5,3,0,0,1,0,0,0,0,0,803360,7028,5817393,254,13,46217919,52,42242277
143393,11,1,2020,9,12,6,3,2,6,0,0,1,0,0,0,0,0,793724,788,5829920,93,13,33191522,52,53997831
143394,11,1,2020,9,17,2,3,2,6,0,0,1,0,0,0,1,0,796771,698,5829643,732,13,37647365,52,53584982
143395,11,2,2020,9,20,3,2,6,4,2,0,1,1,0,0,0,0,798684,2054,5825570,741,13,40093059,52,49829636
143396,11,9,2020,9,8,5,3,5,2,0,0,1,0,0,0,0,0,803871,8565,5823193,455,13,47494902,52,47412564
143397,11,7,2020,9,7,5,3,5,2,0,1,1,0,0,0,0,0,800188,8986,5813819,919,13,41247231,52,39214181
143398,11,11,2020,9,14,7,2,5,1,0,0,1,0,1,0,0,1,803513,6383,5826607,746,13,47280082,52,50492648
143399,11,11,2020,9,9,3,3,3,6,0,1,1,0,0,0,0,0,807240,3422,5824294,855,13,52540242,52,48211237
143400,11,1,2020,9,14,3,2,5,3,0,1,1,0,0,0,0,0,797623,9441,5827016,838,13,38665082,52,51183818
143401,11,1,2020,9,8,6,3,2,6,0,0,1,0,0,0,0,1,795192,642,5827240,593,13,35111883,52,51516548
143402,11,6,2020,9,13,3,3,5,3,0,0,1,0,0,0,0,0,787734,3425,5818268,344,13,23378131,52,4387094
143403,11,9,2020,9,14,6,3,2,6,0,0,1,0,0,1,0,1,809691,641,5821178,143,13,55849187,52,45279653
143404,11,6,2020,9,10,2,3,5,2,0,1,1,0,0,0,0,0,787136,364,5817205,235,13,22409543,52,42949203
143405,11,3,2020,9,13,4,3,1,5,0,1,1,0,0,0,0,0,798706,9779,5833761,133,13,40862627,52,57169896
143406,11,9,2020,9,13,3,3,5,2,0,1,1,0,0,0,0,0,812068,9428,5821345,521,13,5935192,52,45294458
143407,11,8,2020,9,17,5,3,0,4,0,1,0,1,0,0,0,0,803774,3052,5821639,833,13,47210285,52,46025504
143408,11,8,2020,9,17,1,2,1,5,0,1,1,0,0,0,0,0,802489,9415,5824178,873,13,45555922,52,48372501
143409,11,1,2020,9,11,3,3,1,5,0,1,1,0,0,0,0,0,794876,4652,5827729,678,13,34691496,52,5197205
143410,11,8,2020,9,8,5,3,6,4,0,0,1,1,0,0,0,0,801761,592,5816758,971,13,43815461,52,4176219
143411,11,2,2020,9,12,5,2,5,2,0,1,1,0,0,0,0,0,797769,74,5824598,133,13,38662037,52,49007815
143412,11,9,2020,9,12,7,3,5,2,0,0,1,0,0,0,0,1,811166,3823,5821712,341,13,58062187,52,45674634
143413,11,4,2020,9,9,3,3,2,6,0,0,1,0,1,0,0,1,793929,2062,5825958,817,13,33143035,52,50435708
143414,11,7,2020,9,12,3,3,1,7,0,0,1,0,0,0,0,0,799737,7177,5813181,65,13,40529045,52,38666231
143415,11,12,2020,9,14,6,3,3,6,0,0,1,0,0,0,0,1,793386,9377,5833167,209,13,32982821,52,56926852
143416,11,6,2020,9,13,4,3,5,2,0,0,1,0,1,0,0,0,793305,3214,5816954,971,13,31435179,52,42397604
143417,11,6,2020,9,7,2,3,6,4,0,1,0,1,0,0,0,0,790294,663,5814805,472,13,26833649,52,40631058
143418,11,7,2020,9,13,4,3,5,3,0,1,1,0,0,0,0,0,799457,38,5819622,312,13,40694662,52,44455332
143419,11,8,2020,9,12,3,3,5,3,0,1,1,0,0,0,0,0,802401,6289,5824055,553,13,45415082,52,4826686
143420,11,5,2020,9,22,5,3,1,5,2,0,1,0,0,0,1,0,785347,3842,5829283,48,13,20819406,52,53871796
143421,11,8,2020,9,6,1,3,5,2,0,0,1,0,0,0,0,0,802016,9847,5817396,281,13,44248161,52,42319314
143422,11,1,2020,9,14,3,3,5,2,0,0,1,0,0,0,0,0,794554,769,5829051,586,13,34334827,52,53174473
143423,11,10,2020,9,15,2,3,5,3,0,0,1,0,0,0,0,0,810879,2063,5827012,669,13,5813508,52,50440864
143424,11,10,2020,9,7,4,3,2,2,0,1,1,0,0,0,0,0,811161,7352,5828836,341,13,5872049,52,52059019
143425,11,12,2020,9,11,3,2,5,2,0,1,1,0,0,0,0,0,789872,7656,5835744,253,13,28037797,52,59425446
143426,11,1,2020,9,17,5,3,5,3,0,0,1,0,0,0,1,0,794356,8433,5831082,748,13,34224865,52,55005925
143427,11,1,2020,9,16,1,3,6,4,0,0,1,1,0,0,0,0,797353,601,5832396,327,13,38748429,52,56020656
143428,11,9,2020,9,16,3,3,5,3,0,1,1,0,0,0,0,0,810080,2812,5820403,604,13,56347379,52,44563502
143429,11,2,2020,9,23,6,3,5,3,2,0,1,0,0,0,0,0,797595,6937,5825328,356,13,38472659,52,49671831
143430,11,7,2020,9,8,3,3,4,6,0,1,0,0,0,0,0,0,796006,246,5824977,127,13,36106973,52,49443423
143431,11,1,2020,9,11,3,3,5,2,0,1,1,0,0,0,0,0,795541,657,5828196,544,13,35709624,52,52354578
143432,11,4,2020,9,6,6,3,5,2,2,1,0,0,0,0,1,1,792918,8034,5826768,788,13,31729952,52,51216158
143433,11,2,2020,9,17,4,3,6,7,0,0,0,1,0,0,1,0,799374,6011,5826179,853,13,411618,52,50337787
143434,11,7,2020,9,6,2,3,6,2,0,0,1,1,0,0,0,0,796012,9164,5824976,596,13,36116722,52,49442586
143435,11,4,2020,9,12,4,3,2,6,0,0,1,0,0,0,0,0,793253,8011,5826901,85,13,32233901,52,51317442
143436,11,9,2020,9,17,4,3,2,6,0,0,1,0,0,0,0,0,814210,772,5821957,14,13,62549999,52,45719771
143437,11,6,2020,9,16,5,3,2,2,0,1,1,0,0,0,0,0,789511,6218,5817491,477,13,25918156,52,4308065
143438,11,3,2020,9,20,7,3,0,3,2,0,1,0,1,0,0,1,798880,506,5830395,914,13,40814901,52,54143966
143439,11,11,2020,9,15,3,2,1,5,0,0,1,0,0,0,1,0,804506,6187,5830182,862,13,49065809,52,53641541
143440,11,2,2020,9,16,4,2,5,2,0,1,1,0,0,0,0,0,802440,239,5827414,984,13,4577648,52,51275789
143441,11,2,2020,9,16,6,3,6,7,0,0,1,1,0,0,0,0,799727,261,5825475,338,13,41616057,52,4968695
143442,11,10,2020,9,17,2,2,2,6,0,0,1,0,1,0,0,0,809849,3698,5832643,514,13,57147461,52,55545553
143443,11,3,2020,9,18,6,2,9,1,1,1,0,0,0,0,0,0,798738,3434,5831821,12,13,40734094,52,55429152
143444,11,6,2020,9,7,3,3,5,3,0,1,1,0,0,0,0,0,789690,834,5818445,97,13,26263727,52,43926905
143445,11,8,2020,9,10,3,2,6,2,0,0,1,1,0,0,0,0,802272,8363,5818946,988,13,44763438,52,43695119
143446,11,4,2020,9,13,6,3,5,2,0,0,1,0,1,0,0,1,793979,6649,5826176,451,13,33236379,52,50628088
143447,11,1,2020,9,13,4,3,5,3,0,0,1,0,0,0,0,0,796939,5306,5830138,75,13,37938317,52,54019568
143448,11,5,2020,9,5,2,3,6,7,2,1,0,1,0,0,0,1,783629,3493,5829144,805,13,18281273,52,53837541
143449,11,2,2020,9,9,4,3,5,2,0,1,0,0,1,0,0,0,801289,4047,5827406,16,13,44085291,52,51331556
143450,11,6,2020,9,14,5,3,1,5,0,1,1,0,0,0,0,0,793509,7471,5821453,721,13,32130139,52,46419645
143451,11,1,2020,9,15,7,3,6,2,0,0,1,1,0,0,0,1,796125,7412,5830769,912,13,36798167,52,54629626
143452,11,8,2020,9,7,3,3,3,6,0,0,0,0,1,1,0,1,803321,481,5822850,682,13,46655904,52,4713593
143453,11,6,2020,9,10,3,3,0,1,0,1,0,0,0,0,0,0,794979,52,5815659,76,13,33775272,52,41145924
143454,11,1,2020,9,10,3,3,0,2,0,0,1,0,0,0,1,0,794573,1585,5828438,766,13,34308579,52,52624092
143455,11,2,2020,9,10,6,3,5,2,0,1,1,0,0,0,0,1,802554,365,5826728,542,13,45882062,52,50654194
143456,11,8,2020,9,15,2,3,5,3,0,1,1,0,0,0,0,0,806346,9537,5816438,908,13,50508414,52,41220595
143457,11,7,2020,9,9,3,3,5,2,0,1,0,0,0,0,1,0,799460,597,5820510,623,13,40779014,52,45251408
143458,11,1,2020,9,6,5,3,5,3,1,1,1,0,0,0,0,0,796943,4811,5826780,757,13,37644274,52,51009282
143459,11,6,2020,9,19,1,3,6,2,2,0,1,1,0,0,0,1,795347,6295,5819988,847,13,34698009,52,45007447
143460,11,1,2020,9,17,3,3,6,4,0,1,0,1,0,0,0,0,793714,8374,5828473,368,13,3305009,52,5270142
143461,11,12,2020,9,16,4,3,5,2,0,1,1,0,0,0,0,0,791915,579,5831506,331,13,30671947,52,55517033
143462,11,1,2020,9,13,5,2,6,7,0,1,0,1,0,0,0,0,794167,5161,5827734,254,13,33650062,52,52014442
143463,11,4,2020,9,17,3,3,0,7,0,1,1,0,0,0,0,0,792818,2372,5827186,363,13,31618931,52,51595899
143464,11,2,2020,9,12,6,3,5,2,0,1,0,0,0,0,0,1,798791,1637,5824943,946,13,40193931,52,49261944
143465,11,1,2020,9,18,2,3,2,6,1,0,1,0,0,0,0,0,797279,11,5831283,885,13,38539894,52,55027533
143466,11,7,2020,9,18,3,3,3,6,0,1,1,0,0,0,0,0,797340,283,5819407,411,13,37569826,52,44378231
143467,11,3,2020,9,14,5,3,5,3,0,0,1,0,0,0,1,0,800111,187,5831695,316,13,42741554,52,55241015
143468,11,9,2020,9,8,7,3,0,1,0,0,0,0,1,0,0,1,810591,73,5819883,389,13,57048169,52,44068313
143469,11,5,2020,9,19,3,3,0,6,2,0,1,0,1,0,0,0,784997,1273,5829394,493,13,20313931,52,53990046
143470,11,1,2020,9,17,3,3,5,3,0,0,1,0,0,0,0,0,796834,1625,5826359,739,13,37446124,52,50637833
143471,11,10,2020,9,10,6,3,2,7,0,0,1,0,1,0,0,1,808927,6074,5827356,471,13,55300855,52,50859815
143472,11,6,2020,9,8,2,3,5,3,0,1,1,0,0,0,0,0,790549,6362,5821755,378,13,27811538,52,46848298
143473,11,9,2020,9,0,4,3,9,7,2,0,1,0,0,0,0,0,808485,603,5819041,24,13,53882755,52,43432742
143474,11,2,2020,9,17,3,3,5,2,0,1,1,0,0,0,0,0,797753,7872,5826069,549,13,38771116,52,50327601
143475,11,7,2020,9,17,5,3,5,3,0,1,0,0,0,0,0,0,795183,7428,5823919,643,13,34805298,52,48540007
143476,11,8,2020,9,21,1,2,2,6,2,0,1,0,0,0,0,0,801240,297,5821611,632,13,43489413,52,46140495
143477,11,1,2020,9,16,3,2,5,3,0,0,1,0,0,0,0,0,795717,81,5828196,358,13,35969358,52,52344828
143478,11,6,2020,9,9,6,3,2,6,0,0,1,0,0,0,0,1,792125,6912,5820352,331,13,30002278,52,45506432
143479,11,2,2020,9,10,3,3,0,5,0,1,1,0,0,0,0,0,798880,5548,5824656,108,13,40299386,52,48999042
143480,11,4,2020,9,17,3,3,3,6,0,0,0,0,0,0,1,0,791888,1446,5826460,987,13,3018854,52,50995471
143481,11,8,2020,9,13,7,3,2,6,0,1,1,0,0,0,0,1,801284,5159,5823824,847,13,4375418,52,48121823
143482,11,3,2020,9,19,3,2,5,3,2,1,0,0,1,0,0,0,802285,5158,5832336,119,13,45997075,52,55695127
143483,11,9,2020,9,17,3,3,5,2,0,1,0,0,1,0,0,0,810038,2416,5819410,397,13,56193585,52,43675796
143484,11,1,2020,9,8,6,3,5,3,0,1,1,0,0,0,0,1,796943,2094,5826780,714,13,37643871,52,51009258
143485,11,4,2020,9,7,2,3,6,4,0,1,0,1,0,0,0,1,793898,8,5823936,79,13,32919973,52,48624698
143486,11,3,2020,9,7,4,3,5,3,0,1,1,0,0,0,0,0,798435,2936,5835602,139,13,40628687,52,58834981
143487,11,7,2020,9,1,3,2,9,1,2,0,1,0,0,0,0,0,795338,7224,5821007,97,13,34775077,52,45921508
143488,11,8,2020,9,16,5,3,2,6,0,0,1,0,1,0,0,0,801477,851,5823245,15,13,43985588,52,47591437
143489,11,11,2020,9,14,1,2,5,3,0,1,1,0,0,0,0,0,805842,3369,5831853,577,13,5118283,52,55064087
143490,11,1,2020,9,15,3,3,5,2,0,1,1,0,0,0,0,0,794535,1211,5828207,398,13,3423218,52,52418741
143491,11,4,2020,9,15,4,3,5,3,0,1,1,0,0,0,0,0,791833,8128,5829752,349,13,30397554,52,53949017
143492,11,1,2020,9,13,6,3,1,5,0,1,1,0,0,0,0,1,799853,3017,5827762,574,13,42007527,52,51730162
143493,11,12,2020,9,8,3,3,5,3,0,0,1,0,0,0,0,0,786244,4649,5834744,908,13,22609696,52,58721663
143494,11,2,2020,9,17,3,3,6,4,0,0,1,1,0,0,0,0,799813,9829,5825702,28,13,4176417,52,49885366
143495,11,3,2020,9,14,6,3,0,7,0,0,0,0,0,0,1,1,804484,2922,5840941,323,13,50021481,52,63284933
143496,11,2,2020,9,13,4,3,6,2,0,0,1,1,0,0,0,0,800600,9992,5825194,641,13,42874262,52,49387285
143497,11,6,2020,9,11,2,3,1,5,0,0,1,0,0,0,0,0,794437,4462,5821144,418,13,33464452,52,46092459
143498,11,1,2020,9,11,4,3,5,2,0,1,0,0,0,0,1,0,795899,484,5831964,981,13,36571346,52,55713205
143499,11,7,2020,9,15,5,3,4,5,0,1,1,0,0,0,0,0,795393,7988,5823283,168,13,35057346,52,47958092
143500,11,1,2020,9,7,6,2,5,2,0,1,1,0,0,0,0,1,796967,9432,5827045,819,13,37703864,52,5124555
143501,11,2,2020,9,12,4,3,6,4,0,0,1,1,0,0,0,0,800654,9499,5827575,159,13,43168449,52,51518043
143502,11,4,2020,9,12,2,3,2,6,0,0,1,0,0,0,0,0,793959,3608,5825920,987,13,33183994,52,50400172
143503,11,4,2020,9,13,4,3,3,6,0,1,1,0,0,0,0,0,793701,381,5826078,522,13,32818403,52,50555305
143504,11,9,2020,9,16,5,3,5,2,0,0,1,0,0,0,0,0,811040,974,5816919,413,13,57432305,52,41386541
143505,11,1,2020,9,23,7,3,6,2,2,0,1,1,0,0,0,1,793685,4885,5828127,353,13,32976393,52,52392817
143506,11,5,2020,9,14,3,3,2,6,0,0,1,0,0,0,0,0,786722,2608,5828228,811,13,22750089,52,52854436
143507,11,11,2020,9,17,6,3,5,3,0,0,1,0,0,0,0,0,803238,8032,5829620,344,13,47151001,52,53208058
143508,11,10,2020,9,15,2,3,5,7,0,0,1,0,0,0,1,0,810871,5203,5830931,895,13,5849008,52,53953473
143509,11,6,2020,9,16,3,3,2,6,0,1,0,0,0,0,1,0,791318,738,5820656,29,13,28844601,52,45822003
143510,11,6,2020,9,13,6,3,2,6,0,0,1,0,0,0,1,0,793095,5347,5816656,112,13,31101361,52,42140922
143511,11,12,2020,9,12,4,3,2,6,0,0,1,0,0,0,1,0,795428,9246,5836387,676,13,36274023,52,59703244
143512,11,9,2020,9,20,2,3,9,1,2,0,0,0,1,0,0,0,806093,7103,5819155,607,13,50385824,52,43669611