OBJECTID,LAND,BEZ,UJAHR,UMONAT,USTUNDE,UWOCHENTAG,UKATEGORIE,UART,UTYP1,ULICHTVERH,IstRad,IstPKW,IstFuss,IstKrad,IstGkfz,IstSonstige,USTRZUSTAND,LINREFX,LINREFY,XGCSWGS84,YGCSWGS84,,,,
143513,11,7,2020,9,8,4,3,3,5,0,1,1,0,0,0,0,0,795720,6795,5824969,957,13,35686933,52,49452475
143514,11,11,2020,9,18,5,3,5,3,0,1,1,0,0,0,0,0,806580,6788,5833458,8,13,52416549,52,56460487
143515,11,1,2020,9,18,7,3,3,6,1,0,1,0,1,0,0,1,799528,3257,5828110,452,13,41561356,52,52059838
143516,11,5,2020,9,12,3,3,6,2,0,0,1,1,0,0,0,0,784705,9694,5828611,89,13,19818734,52,53303587
143517,11,8,2020,9,16,3,3,5,2,0,1,1,0,0,0,0,0,799653,3787,5816431,802,13,40696283,52,41584725
143518,11,1,2020,9,10,6,3,2,6,0,0,1,0,0,0,0,1,798131,7173,5829895,858,13,39669193,52,53736754
143519,11,10,2020,9,11,2,3,5,5,0,0,1,0,0,0,0,0,809742,6731,5832093,442,13,5693927,52,55058674
143520,11,4,2020,9,19,7,3,5,3,2,0,1,0,0,0,0,1,791908,3135,5828208,66,13,30371471,52,52560613
143521,11,1,2020,9,8,3,3,0,6,0,1,0,0,0,0,0,0,794545,2085,5829059,209,13,34322467,52,53181786
143522,11,1,2020,9,16,3,3,0,3,0,1,1,0,0,0,0,0,798559,8744,5826813,386,13,40021877,52,50950305
143523,11,2,2020,9,14,3,3,5,2,0,1,1,0,0,0,0,0,797833,5347,5824902,21,13,38783859,52,49276699
143524,11,2,2020,9,14,6,3,3,6,0,1,0,0,0,0,0,1,799442,4498,5825663,528,13,41215034,52,49871256
143525,11,11,2020,9,7,2,3,6,4,0,0,1,1,0,0,0,0,804247,3672,5830341,74,13,48699242,52,53797818
143526,11,2,2020,9,16,3,3,5,7,0,0,1,0,0,0,0,0,801821,9755,5825758,408,13,44718327,52,49825219
143527,11,12,2020,9,12,6,2,5,3,0,0,1,0,1,0,0,1,796595,9848,5833588,48,13,37741486,52,57130574
143528,11,4,2020,9,17,2,3,5,2,0,0,1,0,1,0,0,0,794465,6723,5825855,207,13,33921964,52,50313903
143529,11,1,2020,9,20,3,3,5,7,2,0,1,0,0,0,0,0,796871,895,5831556,18,13,37964395,52,55293861
143530,11,2,2020,9,12,5,3,0,1,0,1,1,0,0,0,0,0,802318,611,5827476,536,13,45602898,52,51337719
143531,11,8,2020,9,15,7,3,2,6,0,0,1,0,0,0,0,1,801284,5666,5823824,864,13,43754256,52,48121835
143532,11,1,2020,9,9,3,2,2,2,0,0,1,0,0,0,0,0,799882,5081,5827802,189,13,42054011,52,51764064
143533,11,9,2020,9,16,3,3,2,6,0,0,1,0,0,0,0,0,808760,8115,5821605,354,13,54523245,52,45715172
143534,11,3,2020,9,9,6,3,5,3,0,0,1,0,1,0,0,1,799709,2193,5832504,313,13,42223513,52,55988278
143535,11,7,2020,9,6,4,3,5,3,0,0,1,0,0,0,0,0,800040,9837,5814704,886,13,41109754,52,40015541
143536,11,1,2020,9,18,3,3,2,6,0,0,1,0,0,0,0,0,795275,8281,5826627,717,13,35180585,52,50962617
143537,11,2,2020,9,17,5,3,6,4,0,0,1,1,0,0,0,0,800658,4592,5827574,637,13,43173558,52,51517382
143538,11,6,2020,9,14,4,3,0,4,0,0,0,1,0,0,1,0,789546,3356,5817862,771,13,26001226,52,43411694
143539,11,1,2020,9,18,3,3,5,3,0,0,1,0,1,0,0,0,797708,4019,5831748,497,13,39212961,52,55420547
143540,11,4,2020,9,18,5,3,3,6,0,1,1,0,0,0,0,0,793533,7353,5826475,852,13,32607653,52,50920497
143541,11,8,2020,9,13,1,3,0,5,0,1,0,0,0,0,1,0,801096,5155,5817106,222,13,42872502,52,42110045
143542,11,8,2020,9,17,3,3,2,6,0,0,1,0,1,0,0,0,801696,7622,5823726,587,13,44350494,52,48010992
143543,11,1,2020,9,13,5,3,5,7,0,0,0,0,1,0,1,0,798022,9455,5830083,927,13,39526162,52,53911282
143544,11,1,2020,9,13,7,3,2,6,0,0,1,0,0,0,0,1,795779,1087,5831876,912,13,36387096,52,55640775
143545,11,8,2020,9,17,3,3,1,5,0,1,1,0,0,0,0,0,805443,446,5817253,36,13,49258499,52,42001046
143546,11,6,2020,9,15,3,3,5,2,0,0,1,0,0,0,0,0,788837,3663,5819591,62,13,25110649,52,44998683
143547,11,1,2020,9,7,6,3,2,6,0,0,1,0,0,0,0,1,796932,5567,5830176,34,13,37931396,52,54053369
143548,11,1,2020,9,13,2,2,6,4,0,0,0,1,0,0,1,0,797282,7886,5831280,611,13,38545156,52,55024393
143549,11,4,2020,9,2,4,3,5,3,2,1,1,0,0,0,0,0,792725,1237,5826087,538,13,31385456,52,50615836
143550,11,8,2020,9,18,3,3,2,2,0,0,1,0,1,0,0,0,801446,7857,5820650,327,13,43705627,52,45267464
143551,11,2,2020,9,16,5,3,2,6,0,0,1,0,0,0,0,0,797118,6145,5824073,186,13,37660046,52,48572695
143552,11,6,2020,9,10,1,3,5,3,0,1,1,0,0,0,0,0,793274,6101,5818923,121,13,31562781,52,44163655
143553,11,2,2020,9,15,3,3,5,3,0,1,0,0,0,0,0,0,801612,494,5826024,495,13,44434773,52,50075298
143554,11,1,2020,9,19,6,3,2,6,2,0,1,0,0,0,0,1,796264,2509,5826263,55,13,3660029,52,50582142
143555,11,4,2020,9,8,3,3,5,2,0,1,0,0,0,1,0,0,792078,1448,5828573,632,13,30653204,52,52879239
143556,11,1,2020,9,18,1,3,5,2,1,1,1,0,0,0,0,1,796643,2152,5826640,567,13,37190639,52,50899952
143557,11,9,2020,9,16,3,3,5,2,0,1,1,0,0,0,0,0,802535,475,5824559,968,13,4565736,52,48711554
143558,11,4,2020,9,9,6,3,5,2,0,1,0,0,0,1,0,1,790024,888,5825236,71,13,27344124,52,49997271
143559,11,7,2020,9,8,3,3,2,6,0,0,1,0,0,1,0,0,793974,3813,5822305,167,13,32887112,52,47157953
143560,11,9,2020,9,18,3,2,0,1,0,0,0,0,1,0,0,0,805853,1589,5821777,247,13,50273092,52,46032716
143561,11,1,2020,9,6,6,3,5,3,1,0,1,0,0,0,0,1,794393,8889,5827610,293,13,33971761,52,51891102
143562,11,1,2020,9,21,4,2,2,2,2,1,0,0,0,0,0,0,797160,435,5827685,961,13,38043848,52,51808883
143563,11,12,2020,9,12,2,2,5,7,0,0,1,0,1,0,0,0,793350,91,5832401,15,13,32862075,52,56242066
143564,11,1,2020,9,12,4,3,3,6,0,0,0,0,1,0,1,0,798170,4794,5830041,852,13,39739274,52,53865497
143565,11,7,2020,9,15,4,3,2,6,0,0,1,0,1,0,0,0,795038,5044,5825685,892,13,34748445,52,50131179
143566,11,4,2020,9,12,5,3,5,3,0,1,1,0,0,0,0,0,792875,3777,5824762,128,13,3148964,52,49419585
143567,11,1,2020,9,21,7,3,2,5,2,0,1,0,0,0,0,1,794480,566,5826092,239,13,33964059,52,50525611
143568,11,8,2020,9,15,3,3,5,3,0,1,1,0,0,0,0,0,801245,4448,5819770,981,13,43330933,52,44490376
143569,11,1,2020,9,15,4,3,2,7,0,1,1,0,0,0,0,0,797261,8859,5829749,466,13,38377402,52,53653046
143570,11,2,2020,9,16,6,2,6,4,0,0,1,1,0,0,0,0,803120,3812,5827108,9,13,46748023,52,5096296
143571,11,5,2020,9,20,2,3,0,7,2,1,0,0,0,0,0,0,789667,618,5829233,852,13,2716733,52,53599761
143572,11,4,2020,9,17,3,3,1,5,0,1,1,0,0,0,0,0,790653,1259,5827350,37,13,28451582,52,51858751
143573,11,1,2020,9,13,6,3,5,2,0,1,1,0,0,0,0,1,794402,8698,5830548,728,13,3424521,52,54524727
143574,11,4,2020,9,18,2,3,1,5,1,1,1,0,0,0,0,0,794108,7338,5825965,223,13,33407337,52,50431777
143575,11,3,2020,9,7,3,3,0,7,0,1,0,1,0,0,0,0,801185,5494,5831980,644,13,44347229,52,55437456
143576,11,6,2020,10,21,6,3,5,7,2,0,1,0,0,0,0,0,794748,2301,5820259,524,13,33842439,52,45282445
143577,11,11,2020,10,16,4,3,0,1,0,1,0,0,0,0,0,1,804787,4252,5826285,917,13,49121518,52,50133204
143578,11,1,2020,10,18,3,2,5,2,0,0,1,0,0,0,1,0,794490,3273,5830675,284,13,34385028,52,54633449
143579,11,8,2020,10,18,3,3,5,3,2,0,1,0,0,0,1,1,800680,821,5824253,344,13,42905465,52,48539214
143580,11,2,2020,10,16,6,3,2,6,0,0,1,0,0,0,0,0,797617,5084,5826423,22,13,38602532,52,50651884
143581,11,10,2020,10,17,4,3,1,5,0,0,1,0,0,0,1,0,811091,5306,5831572,307,13,58873399,52,5451481
143582,11,6,2020,10,16,6,3,4,6,0,0,1,0,1,0,0,0,793380,6223,5820710,658,13,31875307,52,45760447
143583,11,1,2020,10,13,3,2,5,3,0,0,0,0,1,0,0,0,797609,2316,5828369,677,13,38764487,52,52397279
143584,11,1,2020,10,19,7,3,0,1,2,0,0,0,0,0,1,0,795260,1642,5826605,144,13,35155569,52,5094323
143585,11,3,2020,10,17,3,3,5,2,1,1,1,0,0,0,0,0,801022,5187,5842286,518,13,45044528,52,64683587
143586,11,9,2020,10,20,6,2,0,1,2,1,0,0,0,0,0,0,806783,4516,5820227,156,13,51495655,52,44591331
143587,11,7,2020,10,13,6,3,6,4,0,0,1,1,0,0,0,0,799330,6315,5819051,779,13,40457627,52,43950863
143588,11,3,2020,10,12,4,3,6,4,0,0,1,1,0,0,0,0,798840,6861,5834952,746,13,41166742,52,58230649
143589,11,3,2020,10,13,3,3,5,7,0,1,1,0,0,0,0,0,799104,843,5830031,888,13,41110822,52,53805404
143590,11,3,2020,10,15,6,3,5,3,0,1,1,0,0,0,0,0,803049,2221,5832687,663,13,47152233,52,55967763
143591,11,9,2020,10,7,4,3,5,3,0,0,1,0,1,0,0,0,809220,7222,5823022,745,13,55329268,52,46959418
143592,11,12,2020,10,14,6,3,5,3,0,1,1,0,0,0,0,0,794848,796,5833266,14,13,3514229,52,5693655
143593,11,8,2020,10,7,4,3,2,6,0,0,1,0,0,0,1,1,801000,6894,5822169,522,13,43188121,52,46653754
143594,11,8,2020,10,9,6,3,5,3,0,0,1,0,0,0,1,0,800333,1444,5824344,674,13,42404307,52,48640172
143595,11,4,2020,10,14,7,2,2,6,0,1,0,0,1,0,0,0,788976,5591,5827064,178,13,2596274,52,51691273
143596,11,8,2020,10,13,3,3,5,3,0,1,1,0,0,0,0,0,801169,2593,5820609,163,13,43294746,52,45245865
143597,11,1,2020,10,2,6,3,0,7,2,0,1,0,0,0,0,0,795530,4035,5830896,949,13,35934089,52,54775831
143598,11,8,2020,10,6,6,3,5,2,0,0,1,0,0,0,0,0,800309,711,5816740,967,13,41686175,52,41825878
143599,11,7,2020,10,11,4,3,1,7,0,0,1,0,0,0,0,0,798476,1714,5819896,383,13,39279773,52,44754654
143600,11,9,2020,10,17,3,2,3,6,0,0,1,0,1,0,0,0,809448,3071,5818669,94,13,55259997,52,43045613
143601,11,1,2020,10,8,6,3,5,2,0,1,1,0,0,0,0,0,798311,6691,5826965,845,13,39670904,52,51100544
143602,11,1,2020,10,0,4,3,9,1,2,0,0,0,0,0,1,1,793987,2611,5832025,356,13,33764846,52,5587087
143603,11,7,2020,10,7,6,3,0,1,0,0,0,0,1,0,0,0,795046,5469,5825696,681,13,34761215,52,50140417
143604,11,3,2020,10,9,7,2,5,3,0,0,1,0,0,0,0,0,803000,7028,5842048,459,13,47937622,52,64360175
143605,11,8,2020,10,19,5,3,8,1,1,0,1,0,0,0,0,1,803303,2628,5818307,332,13,46216594,52,43064752
143606,11,1,2020,10,14,3,2,6,4,0,0,1,1,0,0,0,0,797258,9847,5833188,475,13,38681033,52,56735854
143607,11,4,2020,10,18,3,3,1,5,1,1,1,0,0,0,0,0,792147,7729,5825671,927,13,30500765,52,50274197
143608,11,11,2020,10,10,6,3,5,2,0,1,1,0,0,0,0,0,808724,6645,5834238,674,13,55642211,52,5703895
143609,11,6,2020,10,19,4,3,2,2,2,0,1,0,0,0,1,1,794750,8311,5821244,811,13,3393324,52,46165562
143610,11,2,2020,10,17,3,3,6,4,0,0,1,1,0,0,0,0,798898,9536,5825231,962,13,40378063,52,4951421
143611,11,12,2020,10,13,7,3,5,3,0,0,1,0,1,0,0,0,795817,7537,5833165,101,13,36558775,52,56793409
143612,11,11,2020,10,21,5,2,0,4,2,0,0,1,1,0,0,1,806578,9041,5827731,989,13,51885641,52,51328855
143613,11,10,2020,10,6,3,3,0,2,0,1,1,0,0,0,0,0,806486,7774,5829658,538,13,51927827,52,53060642
143614,11,5,2020,10,14,6,3,2,6,0,0,1,0,0,0,0,0,785199,1951,5828307,571,13,20517792,52,5300495
143615,11,12,2020,10,8,4,3,1,5,0,1,1,0,0,0,0,0,796566,7264,5833575,267,13,37697259,52,57120324
143616,11,4,2020,10,14,3,3,2,6,0,0,1,0,1,0,0,0,786187,7476,5825987,48,13,21771488,52,50872996
143617,11,5,2020,10,14,6,3,5,2,0,0,1,0,0,0,0,0,789200,7285,5829288,826,13,26485675,52,53673842
143618,11,8,2020,10,16,4,3,3,6,0,1,1,0,0,0,0,1,801954,6418,5824578,349,13,44806218,52,48760183
143619,11,2,2020,10,19,1,3,6,4,2,0,1,1,0,0,0,0,800561,5651,5828457,387,13,43110955,52,52313954
143620,11,7,2020,10,14,6,3,5,3,0,1,1,0,0,0,0,0,793895,8907,5822922,224,13,32826263,52,47715341
143621,11,1,2020,10,20,6,3,1,5,2,1,1,0,0,0,0,0,797263,5387,5831297,294,13,38518342,52,55040397
143622,11,6,2020,10,18,5,2,5,3,2,1,1,0,0,0,0,1,796305,2932,5818282,923,13,35951828,52,43426394
143623,11,9,2020,10,17,3,3,0,1,0,1,0,0,0,0,0,1,811714,3999,5822076,993,13,5890015,52,45970189
143624,11,11,2020,10,20,3,2,6,4,2,0,1,1,0,0,0,0,804608,1902,5831075,275,13,49296914,52,54435689
143625,11,3,2020,10,14,6,3,5,2,0,1,1,0,0,0,0,0,802266,1648,5831575,458,13,45899364,52,55014431
143626,11,7,2020,10,17,4,3,2,6,0,1,1,0,0,0,0,1,794647,3341,5825769,274,13,3418122,52,50227062
143627,11,2,2020,10,14,6,3,2,6,0,0,1,0,0,0,1,0,800385,8265,5827830,826,13,42796128,52,51762033
143628,11,8,2020,10,6,3,3,4,2,0,1,0,0,0,0,1,0,802488,8869,5823679,178,13,45509038,52,47924681
143629,11,4,2020,10,4,1,3,5,3,2,0,1,0,0,0,0,0,794160,9223,5827011,645,13,33576482,52,51367022
143630,11,2,2020,10,1,1,3,0,1,2,0,0,0,0,0,1,0,802638,3132,5826998,747,13,46029936,52,50891721
143631,11,3,2020,10,13,6,3,0,3,0,1,1,0,0,0,0,0,798695,1071,5833810,87,13,40849572,52,57214427
143632,11,3,2020,10,15,4,3,2,6,0,1,1,0,0,0,0,0,797073,2092,5834935,995,13,3856432,52,58312425
143633,11,2,2020,10,13,1,3,0,1,0,0,0,0,1,0,0,0,800787,7463,5825571,538,13,43182533,52,49714822
143634,11,2,2020,10,17,1,3,6,4,1,0,0,1,1,0,0,0,801689,3609,5825867,803,13,44533475,52,49930604
143635,11,8,2020,10,13,6,3,5,7,0,0,1,0,0,0,0,0,799844,4077,5823656,647,13,41624816,52,48050321
143636,11,1,2020,10,20,6,3,2,7,2,1,1,0,0,0,0,0,795567,6946,5829436,485,13,35858993,52,53464634
143637,11,1,2020,10,16,4,3,3,6,0,0,1,0,1,0,0,1,794321,584,5828361,12,13,33931177,52,52568103
143638,11,9,2020,10,6,3,3,2,6,2,0,1,0,0,0,0,1,809787,6643,5820484,946,13,55925756,52,44652984
143639,11,1,2020,10,9,3,3,3,6,0,0,1,0,1,0,0,0,795052,64,5827184,91,13,34902078,52,51474176
143640,11,11,2020,10,13,6,3,5,3,0,1,1,0,0,0,0,0,804613,2639,5829088,578,13,49122286,52,52654828
143641,11,5,2020,10,17,4,2,2,6,1,0,1,0,0,0,0,1,784536,6103,5831354,39,13,19804653,52,5577104
143642,11,7,2020,10,13,6,2,0,7,0,0,1,0,1,0,0,0,797841,944,5822205,79,13,38554042,52,46858785
143643,11,3,2020,10,17,3,3,3,6,0,1,1,0,0,0,0,0,800125,6647,5830972,847,13,42697548,52,54592649
143644,11,4,2020,10,17,7,3,5,2,1,1,1,0,0,0,0,0,792818,8514,5823222,637,13,31271356,52,48042507
143645,11,4,2020,10,16,3,3,4,2,1,1,1,0,0,0,0,0,791481,7679,5825983,491,13,29549635,52,5058913
143646,11,11,2020,10,13,6,3,2,6,0,0,1,0,0,0,0,0,804958,7313,5829956,243,13,4970953,52,53413157
143647,11,11,2020,10,16,6,3,0,7,0,1,0,0,0,0,0,0,805870,245,5824434,561,13,50541809,52,48413362
143648,11,6,2020,10,8,4,3,3,6,0,1,1,0,0,0,0,0,791597,166,5821685,832,13,29342951,52,46730146
143649,11,1,2020,10,15,3,3,5,3,0,1,1,0,0,0,0,0,794653,1342,5830528,323,13,34611386,52,54492906
143650,11,2,2020,10,23,2,3,5,3,2,1,0,0,0,0,0,0,797906,7645,5825273,399,13,3892461,52,49605599
143651,11,10,2020,10,12,6,3,1,7,0,0,1,0,0,0,0,0,811426,8135,5827420,326,13,58977396,52,50774954
143652,11,1,2020,10,16,6,3,2,6,0,0,1,0,0,0,0,0,795179,4299,5826956,2,13,35068091,52,51262295
143653,11,2,2020,10,14,4,3,0,6,0,0,0,0,1,1,0,1,796819,582,5826051,147,13,37397193,52,50362005
143654,11,5,2020,10,11,2,2,5,2,0,0,0,0,1,0,1,0,786750,798,5829272,365,13,22882072,52,53788549
143655,11,1,2020,10,12,6,3,0,1,0,0,0,1,1,0,0,0,797010,4082,5826597,353,13,37726235,52,50841237
143656,11,1,2020,10,8,4,3,5,7,0,1,1,0,0,0,0,1,793181,3962,5831957,273,13,32573504,52,55853285
143657,11,12,2020,10,11,6,3,1,5,0,0,1,0,0,0,0,0,792952,224,5835508,331,13,32550164,52,59048952
143658,11,2,2020,10,14,7,3,3,6,0,1,0,0,0,0,0,0,798919,8533,5825586,935,13,40440611,52,49831249
143659,11,7,2020,10,7,5,3,0,7,0,1,1,0,0,0,0,0,795024,562,5823837,371,13,34564276,52,48474859
143660,11,1,2020,10,0,2,3,5,2,2,1,1,0,0,0,0,0,794572,165,5828351,917,13,34299207,52,525463
143661,11,4,2020,10,11,6,3,5,2,0,1,1,0,0,0,0,0,790330,525,5827542,665,13,27993568,52,52048354
143662,11,2,2020,10,9,4,3,5,2,0,1,1,0,0,0,0,0,799725,4778,5826049,584,13,41665462,52,50201758
143663,11,1,2020,10,18,2,3,5,2,1,1,1,0,0,0,0,1,797571,8762,5831890,295,13,39024897,52,55555111
143664,11,7,2020,10,21,5,3,5,3,2,1,0,0,0,0,0,0,795498,9485,5824721,773,13,35339267,52,49242007
143665,11,3,2020,10,16,4,2,6,4,0,0,1,1,0,0,0,1,801914,6937,5830337,241,13,45270038,52,53924113
143666,11,6,2020,10,8,5,3,0,1,0,0,0,0,1,0,0,0,792664,2722,5821319,295,13,30877398,52,46344487
143667,11,11,2020,10,6,4,3,5,2,1,0,1,0,0,0,0,1,805720,7274,5831817,617,13,51000724,52,55038685
143668,11,1,2020,10,13,5,3,6,7,0,0,1,1,0,0,0,0,794739,612,5831240,555,13,34800944,52,55126719
143669,11,2,2020,10,15,7,3,5,3,0,1,1,0,0,0,0,0,798324,1612,5825388,793,13,39547957,52,49686236
143670,11,8,2020,10,20,5,3,2,6,2,0,1,0,0,0,0,1,800949,743,5822289,178,13,43124144,52,46763813
143671,11,9,2020,10,19,2,3,0,4,2,0,0,1,1,0,0,1,809553,5758,5819127,99,13,55456659,52,43449358
143672,11,3,2020,10,17,5,3,5,3,0,1,1,0,0,0,0,0,802756,1285,5831731,77,13,4663402,52,5512732
143673,11,1,2020,10,20,4,3,5,3,2,0,1,0,0,0,0,1,795884,719,5831928,984,13,36547062,52,55681716
143674,11,2,2020,10,16,2,3,5,2,0,1,0,0,0,0,1,1,800718,1279,5827874,25,13,43288304,52,51782642
143675,11,9,2020,10,17,5,2,5,3,0,0,1,0,1,0,0,0,805742,906,5818812,998,13,49840047,52,43382166
143676,11,4,2020,10,15,4,3,1,5,0,1,1,0,0,0,0,0,791532,2283,5826907,267,13,29704685,52,51414589
143677,11,6,2020,10,17,1,3,1,1,0,1,1,0,0,0,0,0,789480,2487,5819073,196,13,26009129,52,4450039
143678,11,2,2020,10,17,5,3,1,5,0,1,1,0,0,0,0,0,801592,9916,5825659,605,13,44373088,52,4974932
143679,11,4,2020,10,10,6,3,0,6,0,0,1,0,0,0,1,0,793954,5639,5826194,13,33201053,52,50645172,
143680,11,9,2020,10,9,5,1,5,2,0,1,0,0,0,1,0,0,812132,8645,5820049,421,13,59324592,52,44129326
143681,11,8,2020,10,8,2,3,5,2,0,1,0,0,0,0,1,0,803727,8755,5817997,424,13,46811074,52,42763426
143682,11,2,2020,10,9,3,3,1,5,0,1,1,0,0,0,0,0,801460,4985,5827607,622,13,44354902,52,51502676
143683,11,5,2020,10,17,5,3,6,7,0,0,1,1,0,0,0,0,787515,355,5829899,126,13,24060012,52,54310203
143684,11,8,2020,10,22,7,3,5,3,2,1,1,0,0,0,0,0,801397,552,5823746,531,13,43912316,52,48045416
143685,11,2,2020,10,18,5,3,0,1,2,0,0,0,1,0,0,1,803208,3044,5826817,458,13,46850706,52,50697586
143686,11,7,2020,10,15,2,3,0,7,0,1,0,0,0,0,0,1,796051,1974,5823250,873,13,36019656,52,47893543
143687,11,9,2020,10,11,3,3,2,2,0,0,1,0,0,0,0,0,810633,334,5821021,486,13,57215953,52,45085835
143688,11,12,2020,10,16,5,2,5,2,0,0,1,0,1,0,0,0,793586,466,5834643,614,13,33407106,52,58239596
143689,11,5,2020,10,18,4,3,0,6,1,0,0,0,1,0,1,1,787963,7722,5829867,573,13,2471715,52,54258216
143690,11,2,2020,10,15,5,3,6,7,0,0,0,1,0,0,1,0,803083,4307,5825984,729,13,46591486,52,49958161
143691,11,1,2020,10,19,3,3,5,2,2,1,1,0,0,0,0,1,796641,944,5826645,407,13,37189203,52,5090436
143692,11,1,2020,10,7,3,3,2,6,0,1,1,0,0,0,0,0,798241,8966,5829023,231,13,3975286,52,52948533
143693,11,2,2020,10,11,1,3,5,3,0,1,1,0,0,0,0,0,798334,1359,5825630,643,13,39584269,52,49902478
143694,11,1,2020,10,16,1,3,5,2,0,1,1,0,0,0,0,0,796642,9584,5826641,545,13,37190349,52,50900843
143695,11,5,2020,10,15,5,3,5,3,0,0,1,0,1,0,0,0,785658,2525,5828040,24,13,21169703,52,52741227
143696,11,5,2020,10,19,6,3,0,2,1,0,1,0,0,0,1,0,784761,393,5830440,578,13,20056972,52,54940286
143697,11,2,2020,10,15,4,3,0,2,0,0,1,0,0,0,0,0,803014,4601,5825746,29,13,46468478,52,49748047
143698,11,9,2020,10,14,2,3,0,5,0,1,1,0,0,0,0,0,812409,6656,5820094,696,13,59734733,52,44154094
143699,11,1,2020,10,9,3,3,5,2,0,1,1,0,0,0,0,0,796952,6725,5826777,71,13,37657449,52,51005478
143700,11,7,2020,10,15,5,3,5,2,0,1,1,0,0,0,0,0,795238,1583,5824306,362,13,34919459,52,48883732
143701,11,6,2020,10,13,4,2,0,1,0,1,0,0,0,0,0,1,793742,8526,5820572,327,13,32394715,52,45616981
143702,11,8,2020,10,8,3,3,2,6,0,0,1,0,0,1,0,0,801144,9895,5820637,408,13,43261686,52,45272519
143703,11,12,2020,10,14,5,3,5,3,0,0,1,0,1,0,0,0,795463,6623,5832475,79,13,35976475,52,56194737
143704,11,3,2020,10,14,5,3,2,6,0,0,1,0,0,0,0,0,799607,1218,5834004,702,13,42208862,52,57338742
143705,11,7,2020,10,17,4,3,6,4,0,0,1,1,0,0,0,0,795644,3004,5823559,58,13,35449639,52,48192319
143706,11,8,2020,10,22,3,3,1,5,2,0,1,0,1,0,0,1,800768,6158,5822097,58,13,42840998,52,46601583
143707,11,3,2020,10,14,5,3,5,2,0,1,1,0,0,0,0,0,798057,6299,5837198,756,13,40216569,52,60286816
143708,11,7,2020,10,16,2,3,5,2,0,1,1,0,0,0,0,1,794964,1236,5824294,122,13,34515952,52,48887572
143709,11,11,2020,10,20,1,3,0,1,2,1,0,0,0,0,0,0,804561,6342,5830770,984,13,49200577,52,54165571
143710,11,1,2020,10,2,7,3,5,2,2,1,1,0,0,0,0,0,795901,195,5831965,323,13,36574275,52,55713404
143711,11,9,2020,10,19,2,3,0,3,2,0,1,0,1,0,0,1,810660,7958,5821947,341,13,57342365,52,4591399
143712,11,9,2020,10,14,5,3,5,3,0,0,1,0,0,0,0,0,812119,1841,5820813,348,13,59375888,52,44814691
143713,11,5,2020,10,19,6,2,5,2,2,0,1,0,1,0,0,0,781981,7593,5828468,404,13,15801076,52,53316558
143714,11,1,2020,10,12,4,3,5,2,0,1,1,0,0,0,0,1,796653,7509,5831082,747,13,37602481,52,54881322
143715,11,7,2020,10,16,2,3,4,2,0,0,1,0,0,0,0,1,797810,2361,5819434,942,13,38261673,52,44377334
143716,11,11,2020,10,14,5,3,5,3,0,1,1,0,0,0,0,0,806411,7212,5825657,698,13,51449169,52,49479216
143717,11,3,2020,10,8,4,2,5,2,0,1,1,0,0,0,0,0,800318,9481,5831543,434,13,43033322,52,55093429
143718,11,1,2020,10,23,3,3,5,5,2,0,1,0,1,0,0,1,799358,6586,5826317,34,13,41150716,52,50461624
143719,11,8,2020,10,13,5,3,6,2,0,0,1,1,0,0,0,0,800299,8854,5816743,82,13,41672026,52,41828974
143720,11,3,2020,10,17,7,2,0,7,0,1,0,0,0,0,0,0,798733,2217,5832862,329,13,40820292,52,56362816
143721,11,12,2020,10,22,5,3,0,3,2,0,1,0,1,0,0,1,793389,51,5832514,299,13,32928861,52,56341418
143722,11,3,2020,10,14,2,3,5,3,0,0,1,0,0,0,1,0,802580,3609,5833491,696,13,46536031,52,56714473
143723,11,5,2020,10,15,7,2,5,3,0,0,1,0,0,0,0,0,780017,1486,5827866,621,13,12861635,52,52878245
143724,11,11,2020,10,19,2,3,1,5,2,1,1,0,0,0,0,1,804530,4624,5830788,115,13,49156325,52,54182667
143725,11,6,2020,10,11,5,2,0,1,0,1,0,0,0,0,0,0,792477,797,5820808,465,13,3055894,52,4589652
143726,11,4,2020,10,12,5,3,5,3,0,0,1,0,1,0,0,0,791148,3488,5824726,761,13,28949908,52,49480277
143727,11,7,2020,10,11,4,3,5,2,0,1,0,0,0,1,0,0,798709,7237,5816024,209,13,39276523,52,41270943
143728,11,1,2020,10,16,2,3,5,3,1,1,1,0,0,0,0,1,799080,2823,5829017,503,13,40984557,52,52897467
143729,11,10,2020,10,12,5,3,5,3,0,1,1,0,0,0,0,0,810027,5514,5833616,144,13,57500293,52,56407029
143730,11,6,2020,10,6,4,3,2,6,2,0,1,0,0,0,0,1,790838,1315,5817586,558,13,2787204,52,4309553
143731,11,1,2020,10,21,3,3,1,5,2,0,1,0,0,0,0,1,797517,8287,5832692,467,13,39017324,52,56277107
143732,11,4,2020,10,15,5,3,5,2,0,1,1,0,0,0,0,0,794169,4052,5823922,268,13,33316061,52,48597105
143733,11,1,2020,10,9,7,3,2,6,0,0,1,0,0,0,1,0,796296,504,5828522,31,13,36848195,52,5260562