OBJECTID,LAND,BEZ,UJAHR,UMONAT,USTUNDE,UWOCHENTAG,UKATEGORIE,UART,UTYP1,ULICHTVERH,IstRad,IstPKW,IstFuss,IstKrad,IstGkfz,IstSonstige,USTRZUSTAND,LINREFX,LINREFY,XGCSWGS84,YGCSWGS84,,,,
143954,11,1,2020,10,1,7,3,1,5,2,1,1,0,0,0,0,1,797943,2939,5831363,801,13,3952387,52,55062874
143955,11,8,2020,10,19,4,3,6,7,2,0,1,1,0,0,0,1,802920,523,5818377,619,13,45661039,52,43148983
143956,11,3,2020,10,9,6,2,0,7,0,1,0,0,0,0,0,1,799026,7715,5831811,229,13,41157366,52,55404555
143957,11,10,2020,10,9,6,2,0,3,0,0,0,0,0,0,1,0,811137,3853,5830925,837,13,58880259,52,53932872
143958,11,5,2020,10,16,6,3,2,4,0,0,1,1,0,0,1,1,784568,9616,5828853,803,13,19638009,52,53527641
143959,11,1,2020,10,14,3,3,1,5,0,1,1,0,0,0,0,0,796599,1326,5831923,899,13,37597312,52,55638296
143960,11,3,2020,10,13,5,3,0,1,0,0,0,0,1,0,0,1,798667,7676,5830301,927,13,40493695,52,54071386
143961,11,7,2020,10,18,1,3,5,3,2,1,1,0,0,0,0,1,796440,6162,5824889,29,13,36737098,52,49341112
143962,11,3,2020,10,16,1,3,5,3,0,0,1,0,1,0,0,0,797878,2722,5836018,8,13,3984637,52,59238988
143963,11,5,2020,10,8,6,3,6,2,0,0,1,1,0,0,0,1,784459,2848,5828663,328,13,19460443,52,53362587
143964,11,7,2020,10,15,4,3,6,2,0,0,1,1,0,0,0,1,796235,171,5823947,593,13,36351664,52,48508116
143965,11,2,2020,10,10,6,2,2,6,0,0,1,0,1,0,0,1,798594,5082,5824699,791,13,39883257,52,49053851
143966,11,1,2020,10,11,7,3,5,2,0,1,1,0,0,0,0,0,797473,2907,5826793,496,13,3842378,52,50991836
143967,11,1,2020,10,23,6,3,0,7,2,0,1,0,0,0,0,1,796833,8107,5829570,743,13,37732153,52,53516174
143968,11,2,2020,10,13,3,3,5,2,0,0,1,0,1,0,0,0,800404,8679,5825789,98,13,42639849,52,49930917
143969,11,11,2020,10,8,6,3,1,5,0,0,1,0,1,0,0,1,802805,7017,5828747,245,13,46434951,52,5244959
143970,11,7,2020,10,19,6,3,0,2,1,0,1,0,0,0,1,1,795971,14,5824531,281,13,36015605,52,49045671
143971,11,4,2020,10,11,6,3,0,7,0,1,0,0,0,0,0,1,791051,2159,5826350,846,13,28949194,52,50941449
143972,11,4,2020,10,20,7,3,5,3,2,0,1,0,0,0,0,0,789992,273,5826317,665,13,27390367,52,50968098
143973,11,1,2020,10,17,7,2,0,1,0,1,0,0,0,0,0,0,798683,6756,5829471,16,13,40442412,52,5332585
143974,11,8,2020,10,20,3,3,0,4,2,0,0,1,1,0,0,0,803267,7017,5822668,107,13,46560377,52,46975276
143975,11,11,2020,10,11,6,3,5,2,0,1,0,0,0,1,0,0,805043,1997,5831482,353,13,4997379,52,54776191
143976,11,11,2020,10,18,6,3,0,3,0,0,1,0,1,0,0,1,803872,7202,5830409,585,13,48154822,52,53880124
143977,11,1,2020,10,10,3,3,6,2,0,0,1,1,0,0,0,0,795125,5889,5828253,103,13,35104036,52,52427783
143978,11,12,2020,10,11,5,3,0,6,0,0,0,0,1,0,1,1,793424,4842,5832485,178,13,32977733,52,56313428
143979,11,4,2020,10,17,1,2,1,1,1,0,1,0,1,0,0,1,789694,2899,5823233,58,13,26684261,52,48218507
143980,11,1,2020,10,10,1,3,3,6,0,1,1,0,0,0,0,0,795145,3467,5828554,584,13,35159832,52,52696968
143981,11,4,2020,10,16,4,3,2,6,0,0,1,0,0,0,0,1,792524,1026,5824499,218,13,30950618,52,4920273
143982,11,6,2020,10,12,6,3,0,3,0,0,1,0,1,0,0,0,789601,17,5817096,268,13,26015275,52,42721588
143983,11,1,2020,10,9,6,3,6,4,0,1,0,1,0,0,0,0,798055,4008,5828841,255,13,39462441,52,52795616
143984,11,2,2020,10,9,3,3,0,1,0,0,0,0,1,0,0,1,799776,8396,5824824,169,13,41630623,52,4910054
143985,11,3,2020,10,6,6,3,5,3,0,1,1,0,0,0,0,1,803233,1339,5838056,58,13,4791394,52,60769478
143986,11,8,2020,10,18,5,3,3,6,1,1,1,0,0,0,0,1,800483,2311,5823561,721,13,42554105,52,47930123
143987,11,1,2020,10,17,2,3,5,3,0,1,1,0,0,0,0,0,797496,6804,5827946,18,13,38561187,52,52023662
143988,11,11,2020,10,19,2,3,5,3,2,0,1,0,0,0,0,0,806199,2809,5832523,301,13,51769388,52,55644252
143989,11,6,2020,10,10,5,3,2,6,0,0,1,0,0,0,0,1,793386,4845,5816217,826,13,3148956,52,41732417
143990,11,11,2020,10,13,1,3,5,2,0,0,1,0,0,0,0,1,805963,223,5833692,593,13,51529797,52,5670547
143991,11,7,2020,10,22,1,3,5,2,2,0,1,0,0,0,0,0,795012,3801,5825657,996,13,34707599,52,50107585
143992,11,4,2020,10,17,4,3,2,6,0,0,1,0,0,0,0,1,791057,4969,5829729,31,13,29254119,52,53969883
143993,11,8,2020,10,6,6,3,0,1,1,0,0,0,1,0,0,1,800464,7486,5823631,851,13,42533291,52,47994
143994,11,8,2020,10,14,6,3,5,3,0,1,1,0,0,0,0,0,803004,5053,5819365,919,13,45874457,52,44030125
143995,11,1,2020,10,19,3,3,1,5,2,1,1,0,0,0,0,0,799395,7056,5826409,907,13,41213486,52,50542839
143996,11,11,2020,10,13,6,3,1,5,0,1,0,0,1,0,0,0,806578,9963,5827730,69,13,518856,52,51327129
143997,11,1,2020,10,15,5,3,3,6,0,1,0,0,0,0,0,1,797850,328,5826890,475,13,38985941,52,51058209
143998,11,6,2020,10,14,2,2,1,5,0,0,1,0,0,0,0,0,793457,954,5816097,988,13,3158384,52,41621152
143999,11,1,2020,10,15,2,2,5,2,0,1,1,0,0,0,0,0,799976,575,5826926,74,13,42113249,52,50973595
144000,11,3,2020,10,12,4,3,5,2,0,1,1,0,0,0,0,1,801152,3766,5831614,834,13,44265268,52,55111413
144001,11,6,2020,10,15,7,2,0,1,0,0,0,0,1,0,0,1,794254,1469,5821096,622,13,33191228,52,46059486
144002,11,11,2020,10,13,7,3,2,6,0,0,1,0,0,0,0,0,805079,16,5833064,826,13,50172083,52,56192446
144003,11,2,2020,10,20,4,3,5,7,2,0,1,0,0,0,0,1,798881,3496,5825085,2,13,40339027,52,4938346
144004,11,6,2020,10,13,6,3,2,6,0,0,1,0,0,0,0,0,791466,5085,5816152,736,13,2866875,52,41776647
144005,11,1,2020,10,9,6,3,5,2,0,1,1,0,0,0,0,1,794534,95,5828200,599,13,3423007,52,52412702
144006,11,10,2020,10,19,6,3,2,6,1,0,1,0,0,0,0,1,810834,4293,5830937,517,13,58436092,52,53960626
144007,11,1,2020,10,0,7,3,5,2,2,1,0,0,0,0,0,0,799730,882,5827547,138,13,41808246,52,51543786
144008,11,7,2020,10,10,7,3,2,6,0,1,1,0,0,0,0,0,794297,1303,5822136,9,13,33345972,52,46988932
144009,11,11,2020,10,18,4,3,1,5,1,1,1,0,0,0,0,1,805110,3437,5833581,804,13,50265483,52,56654032
144010,11,10,2020,10,14,6,3,6,4,0,0,1,1,0,0,0,1,809207,5461,5830217,945,13,55978005,52,53408323
144011,11,3,2020,10,13,6,3,5,2,0,0,1,0,0,0,0,1,800172,3045,5836586,611,13,43274213,52,59621808
144012,11,10,2020,10,19,6,2,6,4,2,0,1,1,0,0,0,1,813196,6899,5828891,625,13,61715113,52,51992072
144013,11,4,2020,10,15,3,3,1,7,0,0,1,0,0,0,0,0,793355,8468,5825423,873,13,32253603,52,49987011
144014,11,2,2020,10,19,5,3,2,6,2,0,1,0,0,0,0,1,801444,7711,5826020,941,13,44188114,52,5008138
144015,11,1,2020,10,17,2,3,1,5,0,1,1,0,0,0,0,0,797094,2126,5829269,409,13,38088006,52,53231873
144016,11,7,2020,10,8,2,3,1,5,0,0,1,0,0,0,1,0,799881,4334,5821883,476,13,41519768,52,46458903
144017,11,1,2020,10,6,6,3,3,6,0,1,1,0,0,0,0,1,795480,973,5831264,908,13,35892858,52,55108401
144018,11,1,2020,10,8,5,2,5,2,0,0,1,0,1,0,0,1,796167,7635,5825980,864,13,36433444,52,50334422
144019,11,10,2020,10,9,4,3,5,3,0,0,1,0,0,0,0,1,808496,4522,5831145,501,13,55019086,52,54279871
144020,11,6,2020,10,12,7,2,5,2,0,1,1,0,0,0,0,0,788843,7306,5816229,301,13,24829522,52,41984343
144021,11,2,2020,10,18,7,3,5,2,2,1,1,0,0,0,0,0,800115,2323,5825741,481,13,42210169,52,49904172
144022,11,11,2020,10,7,4,2,5,2,0,0,1,0,0,0,1,1,804594,897,5829941,49,13,491734,52,53419883
144023,11,3,2020,10,14,6,3,6,4,0,0,1,1,0,0,0,0,799738,311,5831970,261,13,42218071,52,55507989
144024,11,1,2020,10,8,6,3,0,1,0,1,0,0,0,0,0,0,795225,3485,5829078,911,13,35323977,52,53162653
144025,11,1,2020,10,14,6,3,0,1,0,0,0,0,1,0,0,0,797910,1638,5830310,398,13,39380669,52,54120451
144026,11,1,2020,10,23,3,3,8,1,2,1,0,0,0,0,0,0,795776,8917,5826685,598,13,35921881,52,50987359
144027,11,1,2020,10,9,6,2,5,3,0,1,1,0,0,0,0,0,796933,839,5830171,544,13,3793288,52,54049274
144028,11,4,2020,10,12,5,3,5,7,0,1,1,0,0,0,0,1,791820,463,5824312,842,13,29900245,52,49073332
144029,11,2,2020,10,19,1,3,3,6,2,0,1,0,1,0,0,1,800810,3417,5826995,282,13,43344339,52,50989717
144030,11,2,2020,10,16,1,3,5,3,0,0,1,0,0,0,0,1,802520,7043,5827279,315,13,45882674,52,51149716
144031,11,1,2020,10,11,3,3,5,7,0,1,1,0,0,0,0,0,797384,869,5831902,827,13,38750997,52,55576559
144032,11,1,2020,10,16,6,3,6,7,1,1,0,1,0,0,0,0,797296,7571,5832216,253,13,38649487,52,55862316
144033,11,7,2020,10,13,5,3,5,3,0,0,1,0,0,0,0,1,799184,1763,5819062,752,13,40243795,52,43968714
144034,11,12,2020,10,18,2,2,6,7,1,0,1,1,0,0,0,0,795160,5612,5832476,451,13,35530693,52,56211769
144035,11,8,2020,10,0,2,3,1,5,2,1,1,0,0,0,0,0,801276,4072,5824006,881,13,43758726,52,48285432
144036,11,3,2020,10,14,6,3,5,3,0,1,1,0,0,0,0,0,800120,8711,5831861,252,13,42770795,52,55389214
144037,11,8,2020,10,8,4,3,1,5,0,1,1,0,0,0,0,1,801183,6954,5823791,936,13,43603195,52,48097886
144038,11,9,2020,10,8,4,3,5,3,0,0,1,0,0,0,1,1,808642,4435,5819166,303,13,54124277,52,43535977
144039,11,8,2020,10,6,6,3,5,3,1,0,1,0,0,0,1,1,801537,4505,5820657,887,13,43839326,52,4526924
144040,11,5,2020,10,2,7,2,1,1,2,0,1,0,1,0,0,1,780586,3348,5827872,315,13,13698957,52,52854082
144041,11,11,2020,10,15,7,2,5,3,0,0,1,0,0,0,0,0,805049,855,5827914,609,13,49656182,52,51578254
144042,11,10,2020,10,14,3,3,5,3,0,0,1,0,0,0,0,0,806579,1529,5828417,972,13,51949214,52,51943632
144043,11,7,2020,10,14,6,3,5,3,0,0,1,0,1,0,0,0,796101,7871,5824938,263,13,36243836,52,49403403
144044,11,2,2020,10,7,6,3,6,2,2,0,1,1,0,0,0,1,802545,7689,5826732,961,13,45869837,52,50658632
144045,11,9,2020,10,9,3,3,6,3,0,0,1,1,0,0,0,0,804167,3692,5822894,76,13,47901408,52,47128404
144046,11,1,2020,10,15,6,3,5,2,0,0,1,0,0,0,0,1,796252,8102,5828525,32,13,36784913,52,52610668
144047,11,2,2020,10,10,5,3,2,6,0,0,1,0,1,0,0,1,802496,9155,5827520,388,13,4586964,52,51367108
144048,11,11,2020,10,10,1,3,5,3,0,0,1,0,1,0,0,0,805286,493,5834270,929,13,50587989,52,5726177
144049,11,6,2020,10,17,1,3,2,6,0,0,1,0,1,0,0,0,793616,7925,5820818,938,13,32231414,52,45844834
144050,11,5,2020,10,14,4,2,2,7,0,0,1,0,0,0,1,1,782730,8251,5828543,693,13,16908855,52,53345258
144051,11,8,2020,10,6,6,3,5,2,1,1,1,0,0,0,0,1,801293,4589,5820444,318,13,43462092,52,45091265
144052,11,4,2020,10,9,6,3,0,1,0,1,0,0,0,0,0,0,792605,6912,5821791,542,13,30832826,52,46770985
144053,11,12,2020,10,15,4,3,2,6,0,0,1,0,0,0,0,1,790185,465,5835901,811,13,28511327,52,59550041
144054,11,1,2020,10,5,6,2,5,2,2,1,1,0,0,0,0,1,795703,6221,5828178,9,13,35946883,52,52329222
144055,11,5,2020,10,12,7,3,8,1,0,0,1,0,0,0,0,0,780947,779,5829127,713,13,14335455,52,5396117
144056,11,4,2020,10,18,6,3,5,7,1,0,1,0,0,0,0,1,791958,235,5823190,132,13,30004855,52,48059447
144057,11,2,2020,10,13,3,3,2,6,0,0,1,0,0,0,0,0,800521,2112,5827049,857,13,4292452,52,51054569
144058,11,7,2020,10,5,6,3,5,2,2,0,1,0,0,0,0,1,794957,1156,5825649,55,13,34625672,52,50103001
144059,11,3,2020,10,19,6,2,5,3,1,0,1,0,0,0,1,1,799725,9438,5832497,169,13,42247465,52,55980954
144060,11,2,2020,10,23,2,2,5,3,2,0,1,0,1,0,0,0,799559,8871,5825859,293,13,41405123,52,50040285
144061,11,1,2020,10,15,6,3,5,2,0,1,0,0,0,0,1,0,797282,6165,5832214,175,13,38628504,52,55861226
144062,11,8,2020,10,5,5,3,9,1,2,0,1,0,0,0,0,1,802970,4527,5822824,385,13,46138313,52,47131839
144063,11,2,2020,10,14,1,3,2,2,0,0,1,0,1,0,0,1,800352,7738,5827172,512,13,42688142,52,51173786
144064,11,1,2020,10,20,1,3,0,5,2,1,1,0,0,0,0,0,796296,6967,5829537,274,13,36939608,52,53515398
144065,11,2,2020,10,17,4,3,0,1,1,0,0,0,1,0,0,1,801257,6975,5827899,118,13,44083341,52,51775153
144066,11,10,2020,10,14,5,3,6,7,0,0,1,1,0,0,0,0,810600,9293,5825068,133,13,57545115,52,48714114
144067,11,12,2020,10,13,6,3,6,4,0,0,1,1,0,0,0,1,793501,7264,5836111,36,13,33412431,52,59559903
144068,11,2,2020,10,15,6,3,5,3,0,1,1,0,0,0,0,0,797930,1892,5825275,946,13,38959241,52,49606603
144069,11,7,2020,10,19,3,3,5,2,2,1,1,0,0,0,0,0,797201,975,5819542,414,13,37378942,52,44506767
144070,11,10,2020,10,17,5,3,6,4,1,0,0,1,0,0,1,1,810670,5964,5831999,465,13,58294618,52,54921619
144071,11,2,2020,10,14,5,3,5,2,0,1,1,0,0,0,0,1,803092,7981,5826031,535,13,46609503,52,49999592
144072,11,1,2020,10,12,2,3,1,5,0,1,1,0,0,0,0,1,796801,1438,5829979,987,13,37720684,52,53884795
144073,11,7,2020,10,13,2,2,5,2,0,0,1,0,1,0,0,0,794954,471,5825646,879,13,34621551,52,5010075
144074,11,6,2020,10,17,3,3,2,6,0,0,1,0,0,0,0,0,795157,4429,5818829,103,13,3431651,52,43978074
144075,11,8,2020,10,18,5,3,2,6,2,0,1,0,0,0,0,1,800858,322,5822504,644,13,43008974,52,46961994
144076,11,10,2020,10,19,5,3,5,2,2,0,1,0,0,0,1,1,812372,965,5823980,52,13,60044482,52,47638389
144077,11,4,2020,10,15,2,3,5,2,0,0,1,0,1,0,0,0,792093,8196,5825764,588,13,30429633,52,50360154
144078,11,7,2020,10,13,7,3,6,4,0,0,1,1,0,0,0,0,799537,7689,5813171,276,13,40235244,52,3866839
144079,11,1,2020,10,16,7,3,5,7,0,1,1,0,0,0,0,0,796111,452,5831187,793,13,36814417,52,55004991
144080,11,5,2020,10,18,4,2,5,2,1,0,1,0,1,0,0,1,782880,7021,5826893,17,13,16988792,52,51857432
144081,11,9,2020,10,9,5,3,5,2,0,1,1,0,0,0,0,0,812047,5744,5821194,743,13,59306489,52,4516056
144082,11,6,2020,10,10,6,3,2,6,0,1,0,0,0,0,0,0,793802,682,5821183,722,13,3253542,52,46161891
144083,11,2,2020,10,15,6,3,5,2,0,1,1,0,0,0,0,0,802065,394,5827160,95,13,45203057,52,51068857
144084,11,10,2020,10,15,3,3,5,2,0,1,1,0,0,0,0,0,811333,594,5831843,474,13,59254624,52,54743983
144085,11,1,2020,10,17,6,3,5,2,0,1,1,0,0,0,0,0,795877,3553,5831961,117,13,36539096,52,5571092
144086,11,9,2020,10,12,5,2,5,3,0,0,1,0,0,0,1,0,811388,9297,5820131,862,13,58241329,52,44245614
144087,11,3,2020,10,17,2,3,5,3,0,1,1,0,0,0,0,0,801157,9171,5831113,889,13,44227985,52,54662105
144088,11,8,2020,10,12,2,3,1,5,0,1,1,0,0,0,0,0,800514,4672,5824917,755,13,42722215,52,49143868
144089,11,9,2020,10,17,6,2,5,2,0,1,0,0,0,1,0,0,812018,4104,5820699,478,13,59217452,52,44718399
144090,11,2,2020,10,1,5,3,1,5,2,0,1,0,0,0,1,1,799133,7967,5824551,818,13,40661893,52,4889169
144091,11,6,2020,10,9,4,3,3,6,0,0,1,0,0,1,0,1,790157,8785,5819785,566,13,27065227,52,45103132
144092,11,7,2020,10,16,7,3,0,3,0,0,1,0,1,0,0,0,799167,341,5819064,1,13,40218764,52,43970771
144093,11,1,2020,10,17,7,3,2,6,0,1,1,0,0,0,0,0,795141,6211,5831070,216,13,353778,52,54952227
144094,11,4,2020,10,7,4,3,2,6,0,0,1,0,0,0,1,1,790031,7143,5830649,816,13,27826253,52,54849817
144095,11,3,2020,10,9,5,3,0,6,0,0,1,0,1,0,0,1,799739,2254,5829402,289,13,41987703,52,53206175
144096,11,7,2020,10,11,4,3,2,6,0,0,1,0,0,0,0,1,800295,9397,5822031,495,13,42141399,52,46568815
144097,11,3,2020,10,19,7,3,2,6,2,0,1,0,1,0,0,0,800348,379,5830852,489,13,43014111,52,54472496
144098,11,1,2020,10,11,7,3,5,2,0,1,1,0,0,0,0,0,795657,7853,5829732,367,13,3601775,52,53724979
144099,11,1,2020,10,19,4,3,2,1,2,0,1,0,0,0,0,1,795600,932,5831707,718,13,36109979,52,55498783
144100,11,4,2020,10,10,5,3,6,7,0,0,1,1,0,0,0,0,791747,4742,5825158,238,13,29867698,52,49835099
144101,11,11,2020,10,9,6,2,5,3,0,1,1,0,0,0,0,0,803420,1456,5828617,506,13,47326009,52,5229915
144102,11,8,2020,10,15,6,3,5,3,0,0,1,0,1,0,0,0,802383,7262,5824039,413,13,45387335,52,48253385
144103,11,1,2020,10,14,3,3,0,1,0,0,0,0,1,0,0,0,795680,474,5830934,481,13,36157474,52,54801355
144104,11,11,2020,10,13,5,3,5,2,0,0,1,0,0,0,0,1,806114,957,5830155,72,13,51425932,52,53527169
144105,11,8,2020,10,20,2,3,3,6,2,0,1,0,0,0,0,0,804223,327,5818426,5,13,47576507,52,43120072
144106,11,9,2020,10,22,1,2,5,2,2,0,1,0,1,0,0,0,803840,7085,5820983,619,13,47248002,52,45433657
144107,11,2,2020,10,15,5,3,5,3,0,1,0,0,1,0,0,1,803731,4886,5825285,586,13,47479488,52,49295506
144108,11,8,2020,10,15,4,3,5,3,0,0,1,0,0,0,0,1,803378,7169,5822531,707,13,46710904,52,46846858
144109,11,9,2020,10,18,5,3,5,3,1,1,1,0,0,0,0,1,809523,3773,5818331,399,13,55338731,52,42737969
144110,11,8,2020,10,11,7,3,2,6,0,0,1,0,0,0,0,0,801239,128,5821615,802,13,43488074,52,46144298
144111,11,7,2020,10,15,7,3,5,3,0,0,1,0,0,0,0,0,798893,7851,5816073,817,13,39550765,52,41305364
144112,11,11,2020,10,14,3,3,5,2,0,1,1,0,0,0,0,0,804587,552,5826362,866,13,48835014,52,5021333
144113,11,5,2020,10,17,5,3,5,2,0,0,1,0,0,0,1,1,784833,3981,5829015,39,13,20040641,52,53658391
144114,11,2,2020,10,19,6,3,0,1,1,0,0,0,1,0,0,1,802642,5826,5828239,925,13,46149091,52,52003941
144115,11,9,2020,10,16,2,3,3,6,0,0,1,0,0,0,0,1,810606,9184,5821048,217,13,57179692,52,45111292
144116,11,4,2020,10,17,6,2,4,6,0,1,0,0,0,0,0,1,789777,8386,5824191,561,13,26890284,52,49073396
144117,11,11,2020,10,10,5,3,1,1,0,0,1,0,0,0,0,1,805403,234,5826782,38,13,50071134,52,50543739
144118,11,12,2020,10,17,5,3,5,3,0,1,1,0,0,0,0,1,790440,4327,5835176,252,13,28823681,52,58885954
144119,11,1,2020,10,8,6,3,5,2,0,1,1,0,0,0,0,0,795969,4151,5831564,768,13,36639155,52,5535063
144120,11,3,2020,10,10,3,3,0,3,0,1,0,0,0,0,0,0,801175,705,5836561,353,13,44748823,52,59543694
144121,11,4,2020,10,11,5,3,5,3,0,1,1,0,0,0,0,1,789820,4284,5826329,183,13,2713887,52,50987558
144122,11,5,2020,10,19,1,3,0,6,2,0,1,0,1,0,0,1,784644,2083,5828835,715,13,19747099,52,53507494
144123,11,12,2020,10,10,1,3,6,4,0,0,0,1,0,0,1,0,793322,9843,5832402,167,13,32821086,52,56244482
144124,11,4,2020,10,17,4,3,2,6,0,0,1,0,0,0,0,1,790506,9558,5826458,417,13,28158892,52,51066898
144125,11,2,2020,10,16,5,3,3,6,0,1,1,0,0,0,0,1,801949,525,5829026,843,13,45202201,52,52747675
144126,11,2,2020,10,8,6,3,0,2,0,1,0,0,0,0,1,0,799523,8218,5824930,156,13,41268606,52,4920943
144127,11,1,2020,10,6,6,2,0,1,1,1,0,0,0,0,0,0,797688,3425,5829240,45,13,3895871,52,53173501
144128,11,10,2020,10,23,3,3,0,1,2,1,0,0,0,0,0,0,811345,753,5830359,776,13,59132471,52,53413749
144129,11,6,2020,10,16,5,3,0,6,0,0,1,0,1,0,0,1,793313,9628,5818860,579,13,31615022,52,44105477
144130,11,3,2020,10,17,5,3,0,3,0,1,0,0,0,0,1,0,801977,5711,5838348,48,13,46092078,52,61100993
144131,11,1,2020,10,18,2,3,5,2,1,1,1,0,0,0,0,0,794674,7412,5831455,317,13,34725417,52,55322716
144132,11,6,2020,10,15,1,2,0,7,0,0,1,0,0,0,0,1,788601,5525,5817816,629,13,24611362,52,43420256
144133,11,6,2020,10,7,1,3,1,5,0,0,1,0,0,0,0,0,794128,9444,5819097,243,13,32831398,52,44273864
144134,11,4,2020,10,18,4,3,2,2,1,0,1,0,1,0,0,1,791914,1043,5826239,14,13,30207215,52,50795087
144135,11,10,2020,10,16,5,3,5,3,0,1,1,0,0,0,0,1,811305,5268,5831187,377,13,5915188,52,54157642
144136,11,8,2020,10,12,1,3,5,3,0,0,1,0,0,0,0,1,801325,1158,5819536,651,13,43426669,52,44275948
144137,11,1,2020,10,16,1,3,2,7,0,1,1,0,0,0,0,0,794040,55,5828328,474,13,33516011,52,52553974
144138,11,5,2020,10,13,4,3,1,5,0,0,1,0,0,0,0,1,787965,4233,5829859,221,13,24718854,52,54250641
144139,11,9,2020,10,16,5,3,5,2,0,0,1,0,1,0,0,1,804920,9866,5822559,297,13,48976792,52,46785729
144140,11,8,2020,10,15,6,3,5,3,0,0,1,0,0,0,0,0,804808,8621,5816772,762,13,48284458,52,41605675
144141,11,2,2020,10,18,3,3,3,6,2,1,1,0,0,0,0,0,802567,7095,5827388,399,13,45961644,52,51244881
144142,11,1,2020,10,15,5,3,0,1,0,1,0,0,0,0,0,1,797710,5505,5827790,472,13,38861543,52,51872561
144143,11,1,2020,10,17,5,3,2,6,0,0,1,0,0,0,1,1,796024,868,5831419,676,13,36707768,52,55217556
144144,11,4,2020,10,14,2,2,3,5,0,1,1,0,0,0,0,0,790174,7283,5829359,756,13,27923884,52,53685657
144145,11,1,2020,10,16,2,3,2,6,0,0,1,0,0,0,0,0,797275,9667,5831267,539,13,38533954,52,55013047
144146,11,1,2020,10,18,6,2,4,2,1,1,1,0,0,0,0,1,798530,9623,5828072,975,13,40092411,52,52080938
144147,11,1,2020,10,10,4,3,5,2,0,1,1,0,0,0,0,1,797091,3342,5828086,218,13,37978058,52,52171434
144148,11,2,2020,10,23,7,3,2,6,2,0,1,0,0,0,0,0,798614,4954,5825579,887,13,39991495,52,49841649
144149,11,3,2020,10,13,7,3,0,7,0,0,1,0,1,0,0,0,802339,9477,5829200,761,13,45791772,52,5288192
144150,11,10,2020,10,21,4,3,6,2,2,0,1,1,0,0,0,1,808858,7844,5830990,272,13,55537245,52,54120233
144151,11,12,2020,10,15,5,2,5,3,0,1,1,0,0,0,0,0,793327,5874,5835646,932,13,33114948,52,5915297
144152,11,12,2020,10,12,6,3,0,1,0,0,0,0,1,0,0,1,793651,4522,5836852,432,13,33698568,52,60216139
144153,11,5,2020,10,14,6,3,0,1,0,1,0,0,0,0,0,1,783757,671,5823994,944,13,18030761,52,49213389
144154,11,12,2020,10,15,3,3,5,3,0,1,1,0,0,0,0,0,794352,3176,5836313,59,13,34682498,52,59694738
144155,11,12,2020,10,15,5,3,6,4,0,0,1,1,0,0,0,1,792117,4076,5833101,902,13,31109265,52,56936584
144156,11,1,2020,10,13,6,2,6,4,0,0,1,1,0,0,0,1,798537,4352,5828988,936,13,4018415,52,52901616
144157,11,5,2020,10,20,6,3,2,6,2,0,1,0,0,0,0,1,784779,9842,5828800,117,13,19943684,52,53468484
144158,11,3,2020,10,15,3,3,2,6,0,0,1,0,0,0,0,0,802504,5028,5829270,937,13,4603999,52,52935689
144159,11,2,2020,10,17,5,3,0,4,1,1,0,1,0,0,0,1,799080,6076,5826296,223,13,40740414,52,50458218
144160,11,9,2020,10,11,2,3,2,6,0,0,1,0,1,0,0,0,805903,6633,5819003,322,13,50093191,52,43543757
144161,11,8,2020,10,11,2,1,6,4,0,0,0,1,0,1,0,0,804174,3033,5819438,685,13,47596757,52,44030408
144162,11,2,2020,10,9,5,3,5,2,0,1,1,0,0,0,0,1,801467,9503,5827265,789,13,44334883,52,51195875
144163,11,5,2020,10,9,4,2,0,3,0,1,1,0,0,0,0,1,788058,4872,5829192,275,13,24797879,52,53647777
144164,11,1,2020,10,19,7,3,5,3,2,0,1,0,0,0,0,0,794532,8667,5831573,585,13,3452726,52,55436409
144165,11,8,2020,10,16,7,3,2,7,0,0,1,0,0,0,1,0,800569,7193,5823888,338,13,42710516,52,48218122
144166,11,9,2020,10,7,4,3,6,2,1,0,1,1,0,0,0,1,810851,5787,5815788,881,13,57049781,52,40384149
144167,11,9,2020,10,9,5,3,6,2,0,0,1,1,0,0,0,0,810025,6459,5820454,588,13,5627198,52,4461229
144168,11,12,2020,10,9,6,3,1,5,0,0,1,0,0,0,0,0,795106,9983,5836340,198,13,35795884,52,59678164
144169,11,4,2020,10,20,6,3,1,1,2,0,1,0,0,0,1,1,792083,9321,5824696,93,13,30321401,52,49402797
144170,11,4,2020,10,11,3,3,0,1,0,0,0,0,1,0,0,0,793309,3282,5822246,612,13,31905676,52,4714121
144171,11,9,2020,10,13,5,3,0,1,0,1,0,0,0,0,0,1,810823,97,5821366,2,13,57526357,52,45383791
144172,11,7,2020,10,18,1,3,5,3,2,0,1,0,0,0,0,1,796355,9299,5825092,489,13,36630802,52,4952786
144173,11,4,2020,10,18,1,3,2,6,2,0,1,0,0,0,0,0,788260,6207,5827800,42,13,24974349,52,52388896