OBJECTID,LAND,BEZ,UJAHR,UMONAT,USTUNDE,UWOCHENTAG,UKATEGORIE,UART,UTYP1,ULICHTVERH,IstRad,IstPKW,IstFuss,IstKrad,IstGkfz,IstSonstige,USTRZUSTAND,LINREFX,LINREFY,XGCSWGS84,YGCSWGS84,,,,
144395,11,4,2020,10,21,6,3,2,6,2,0,1,0,0,0,0,1,792461,4182,5824086,186,13,30822303,52,48835816
144396,11,9,2020,10,7,3,3,1,5,0,1,0,0,0,0,1,0,810697,458,5819283,762,13,57147841,52,43524929
144397,11,4,2020,10,20,6,3,9,1,2,0,1,1,0,0,0,1,793523,9259,5825789,314,13,3253271,52,50305575
144398,11,1,2020,10,20,6,3,0,1,2,1,0,0,0,0,0,1,798528,5915,5829003,996,13,40172505,52,52915599
144399,11,12,2020,10,17,3,3,5,3,0,0,1,0,0,0,1,0,790140,8828,5835776,637,13,28435343,52,5944018
144400,11,11,2020,10,21,4,3,5,3,2,0,1,0,0,0,0,0,806901,7184,5832618,583,13,52811066,52,55690107
144401,11,6,2020,10,19,6,3,6,2,2,0,1,1,0,0,0,1,794703,28,5818070,674,13,33583436,52,43322671
144402,11,7,2020,10,19,6,3,6,2,2,0,1,1,0,0,0,1,796058,849,5823338,617,13,36037559,52,47971826
144403,11,10,2020,10,17,3,3,0,2,0,0,1,0,0,0,1,0,812177,7172,5831100,83,13,60425655,52,54030191
144404,11,5,2020,10,13,3,3,0,4,0,0,0,1,0,0,1,0,785358,2131,5830176,266,13,2091206,52,54672075
144405,11,2,2020,10,9,6,3,5,7,0,0,1,0,1,0,0,1,802307,2907,5827985,711,13,45633336,52,51794688
144406,11,1,2020,10,19,6,3,5,3,2,1,1,0,0,0,0,1,797876,688,5827467,187,13,39076724,52,51573705
144407,11,11,2020,10,19,3,3,5,2,2,1,0,0,1,0,0,0,804862,3286,5831321,34,13,4969307,52,54641735
144408,11,8,2020,10,19,5,3,5,3,2,1,1,0,0,0,0,0,801325,5356,5819483,44,13,43422486,52,4422823
144409,11,7,2020,10,15,5,3,1,5,0,1,1,0,0,0,0,0,795666,4392,5824477,37,13,35563529,52,4901355
144410,11,11,2020,10,14,6,3,6,2,0,0,1,1,0,0,0,1,806846,17,5824116,281,13,51945187,52,48073358
144411,11,1,2020,10,14,6,3,2,6,0,0,1,0,0,0,0,1,799988,179,5827427,911,13,42175531,52,51422773
144412,11,7,2020,10,16,3,3,1,5,0,1,1,0,0,0,0,0,797317,307,5821724,638,13,37742435,52,46456648
144413,11,4,2020,10,14,4,3,0,1,0,0,0,0,1,0,0,1,790711,7284,5827743,645,13,28572077,52,52208197
144414,11,4,2020,10,13,6,3,4,6,0,0,1,0,0,0,0,0,793065,6732,5830273,773,13,32254696,52,54350338
144415,11,11,2020,10,16,3,3,3,6,0,0,1,0,0,1,0,0,807318,1523,5824802,338,13,52701245,52,48661673
144416,11,10,2020,10,11,4,3,0,7,0,1,0,0,0,0,0,1,810632,2513,5827984,446,13,57863093,52,51325784
144417,11,10,2020,10,11,6,3,0,6,0,0,1,0,0,0,1,0,809604,3928,5828577,382,13,56408461,52,51915588
144418,11,6,2020,10,10,6,3,3,6,0,1,1,0,0,0,0,0,792500,282,5817218,661,13,30277329,52,42677107
144419,11,1,2020,10,16,3,3,5,3,0,0,1,0,0,0,0,0,796279,5402,5830398,124,13,36991148,52,54287995
144420,11,3,2020,10,18,3,3,5,3,2,0,1,0,1,0,0,0,803792,34,5839341,198,13,48855166,52,61889586
144421,11,7,2020,10,7,6,3,5,7,0,0,1,0,0,0,1,1,797420,1847,5820800,922,13,37811121,52,45623031
144422,11,8,2020,10,9,6,3,0,6,0,0,1,0,0,0,0,1,802490,5225,5818949,275,13,45082899,52,43685134
144423,11,1,2020,10,7,3,3,5,3,0,1,1,0,0,0,0,0,796983,6117,5830179,325,13,3800675,52,54053537
144424,11,2,2020,10,10,5,3,0,2,0,1,1,0,0,0,0,1,800865,2094,5828319,39,13,43544671,52,52173519
144425,11,11,2020,10,9,5,2,5,3,0,0,1,0,0,0,0,1,806901,9659,5832618,829,13,52811453,52,55690313
144426,11,2,2020,10,9,6,3,2,7,0,1,1,0,0,1,0,1,803063,7653,5827241,136,13,4667697,52,51085353
144427,11,4,2020,10,9,6,3,1,5,0,1,1,0,0,0,0,0,793992,8401,5825413,32,13,33188331,52,49943012
144428,11,12,2020,10,16,3,3,0,1,0,1,0,0,0,0,0,0,790510,2628,5835338,855,13,28940728,52,59027997
144429,11,7,2020,10,7,4,3,1,5,0,1,0,0,0,1,0,0,797872,8645,5820795,109,13,38474842,52,45593168
144430,11,5,2020,10,10,2,3,5,2,0,0,1,0,0,0,0,0,784655,9027,5829703,647,13,19838653,52,5428507
144431,11,3,2020,10,19,6,3,5,2,2,0,1,0,0,0,0,1,800120,3031,5833867,357,13,4295141,52,57187364
144432,11,1,2020,10,7,6,2,0,7,0,1,0,0,0,0,0,1,794119,8094,5828236,889,13,33624403,52,52467598
144433,11,4,2020,10,15,3,3,2,6,0,0,1,0,0,0,0,0,793008,1683,5826100,954,13,3180247,52,50612669
144434,11,5,2020,10,15,3,2,4,6,0,0,1,0,0,0,0,0,784004,8599,5823202,454,13,18326324,52,48489969
144435,11,5,2020,10,14,6,3,2,6,0,0,1,0,0,0,0,1,784921,6814,5829490,922,13,20211259,52,5408045
144436,11,4,2020,10,7,6,3,0,2,1,1,0,0,0,0,1,1,790710,1375,5825857,98,13,28405,52,5051778
144437,11,2,2020,10,6,6,3,2,6,1,0,1,0,0,0,0,0,799855,1335,5825758,205,13,41829666,52,49933459
144438,11,8,2020,10,14,3,3,2,2,0,0,1,0,0,0,0,0,803168,9857,5822295,169,13,46381612,52,46646492
144439,11,9,2020,10,17,3,3,0,3,2,1,0,0,0,0,1,0,806393,494,5821056,942,13,50999795,52,45356884
144440,11,5,2020,10,12,6,3,5,2,0,0,1,0,0,0,0,1,786563,9506,5830551,272,13,2271767,52,54945001
144441,11,6,2020,10,5,6,3,0,7,2,0,0,0,1,0,0,1,794286,3183,5820861,692,13,33217732,52,45847149
144442,11,8,2020,10,17,5,3,5,3,2,1,1,0,0,0,0,0,801400,138,5821124,362,13,43679975,52,45694928
144443,11,3,2020,10,7,5,3,5,3,0,1,1,0,0,0,0,1,797194,6168,5835575,562,13,38800344,52,58879083
144444,11,7,2020,10,0,6,3,2,7,2,0,1,0,0,0,0,1,799454,8068,5820511,423,13,40770591,52,45252442
144445,11,3,2020,10,11,6,3,1,5,0,0,1,0,0,0,0,0,800378,353,5832257,696,13,43184831,52,55730379
144446,11,7,2020,10,14,3,3,6,4,0,0,1,1,0,0,0,0,794814,6855,5823199,634,13,34199702,52,47914503
144447,11,1,2020,10,17,4,3,6,2,1,0,1,1,0,0,0,0,797923,7232,5827953,578,13,3918939,52,52007124
144448,11,12,2020,10,9,2,3,5,2,0,1,0,0,0,1,0,1,795445,814,5834160,123,13,36100257,52,57705549
144449,11,2,2020,10,18,6,2,5,3,2,1,1,0,0,0,0,1,800040,7759,5826343,659,13,42155071,52,50448023
144450,11,10,2020,10,11,6,3,2,6,0,0,0,0,1,0,1,0,811156,7107,5830746,59,13,58891877,52,5377114
144451,11,2,2020,10,6,3,3,2,3,0,0,1,0,0,0,0,0,801337,172,5828711,608,13,4427349,52,52499017
144452,11,1,2020,10,8,5,3,5,2,0,1,1,0,0,0,0,1,799657,7984,5827045,438,13,41655691,52,51098106
144453,11,3,2020,10,12,6,3,0,3,0,1,0,0,0,0,1,0,801852,152,5831396,23,13,45274314,52,54876561
144454,11,12,2020,10,18,2,3,2,6,2,0,1,0,0,0,0,1,790672,3996,5835987,71,13,29236339,52,59601021
144455,11,1,2020,10,13,6,3,2,6,0,0,1,0,0,0,0,0,795486,8828,5828204,5,13,35630657,52,52364203
144456,11,12,2020,10,14,6,2,5,3,0,0,1,0,0,0,1,1,794328,9527,5835710,638,13,34594565,52,59155982
144457,11,12,2020,10,16,4,3,2,6,1,0,1,0,1,0,0,0,792259,8278,5833412,174,13,31346145,52,57207086
144458,11,1,2020,10,14,6,3,5,2,0,0,1,0,1,0,0,1,795538,7747,5828196,802,13,3570628,52,52354933
144459,11,8,2020,10,14,6,3,2,2,0,0,1,0,0,0,1,1,801212,986,5817164,813,13,43048533,52,42156154
144460,11,5,2020,10,15,6,3,2,6,0,0,1,0,0,0,0,0,784830,1916,5829230,995,13,20054437,52,53852184
144461,11,2,2020,10,15,6,3,0,5,1,0,1,0,1,0,0,1,799756,5106,5826037,547,13,4170996,52,50189264
144462,11,12,2020,10,6,5,3,5,2,1,0,1,0,0,1,0,1,792647,7006,5835833,678,13,32130665,52,59357001
144463,11,5,2020,10,16,6,3,2,7,0,0,1,0,1,0,0,1,789828,6688,5829259,986,13,27406389,52,53614627
144464,11,8,2020,10,16,6,3,5,3,0,0,1,0,1,0,0,1,802044,1,5822141,53,13,44716737,52,46571089
144465,11,5,2020,10,13,3,3,6,2,0,0,1,1,0,0,0,0,786962,1661,5829581,364,13,23219549,52,54054458
144466,11,9,2020,10,6,4,3,1,5,0,1,1,0,0,0,0,1,807764,3555,5822130,948,13,53109817,52,46242416
144467,11,2,2020,10,9,2,3,5,3,0,1,1,0,0,0,0,1,802851,6144,5826924,139,13,46336477,52,50813015
144468,11,2,2020,10,17,6,3,5,7,2,1,0,0,0,0,1,1,801464,8936,5828060,698,13,44402412,52,5190853
144469,11,4,2020,10,17,6,3,0,3,1,1,1,0,0,0,0,1,791345,5556,5821989,792,13,29000374,52,47016063
144470,11,10,2020,10,13,5,3,1,5,0,0,1,0,0,0,0,1,811188,7179,5828474,304,13,58726265,52,51733046
144471,11,3,2020,10,17,6,2,4,1,0,0,1,0,0,0,0,1,800996,9482,5833688,504,13,44224808,52,5697865
144472,11,2,2020,10,12,3,3,1,5,0,1,1,0,0,0,0,0,798323,821,5826242,319,13,39622831,52,50451372
144473,11,1,2020,10,15,5,3,6,7,0,0,0,1,0,0,1,0,798405,2625,5829214,773,13,40010162,52,53111285
144474,11,8,2020,10,23,3,3,5,3,2,0,1,0,0,0,0,1,801398,4445,5821866,263,13,43744474,52,46360009
144475,11,1,2020,10,7,4,3,5,2,1,1,1,0,0,0,0,0,799483,2108,5828847,47,13,41561431,52,52722939
144476,11,7,2020,10,18,5,3,1,5,1,1,1,0,0,0,0,0,795579,4204,5816081,281,13,34692658,52,41492025
144477,11,4,2020,10,12,5,3,2,6,0,0,1,0,0,0,0,0,792011,7446,5825947,878,13,30325134,52,50528864
144478,11,9,2020,10,21,3,2,0,1,2,0,0,0,1,0,0,1,813876,5792,5821794,599,13,62045522,52,45593392
144479,11,4,2020,10,11,3,3,5,2,0,1,1,0,0,0,0,0,792831,3915,5824347,716,13,31388612,52,49050436
144480,11,2,2020,10,20,6,2,6,2,2,0,1,1,0,0,0,1,798440,6577,5826525,811,13,39820954,52,50699055
144481,11,1,2020,10,19,5,3,3,5,2,0,1,0,1,0,0,0,798259,5751,5830634,85,13,39923487,52,54392162
144482,11,6,2020,10,23,2,3,3,6,2,1,1,0,0,0,0,0,794521,2691,5819136,342,13,33410385,52,44287798
144483,11,9,2020,10,20,3,3,9,1,2,0,1,0,0,0,0,1,809747,9641,5820508,847,13,55869744,52,44676653
144484,11,3,2020,10,11,3,3,2,6,0,0,1,0,0,0,0,0,800448,3299,5831508,513,13,43220407,52,55054993
144485,11,7,2020,10,9,6,3,5,3,0,1,1,0,0,0,0,1,794981,1599,5824062,578,13,34520476,52,48679087
144486,11,3,2020,10,13,5,3,0,7,0,0,1,0,0,0,0,0,798429,6547,5832314,539,13,40324514,52,55888449
144487,11,3,2020,10,13,5,2,4,6,0,0,1,0,0,0,0,1,796880,2844,5833869,104,13,38184868,52,5736662
144488,11,7,2020,10,13,5,3,5,3,0,1,0,0,0,0,0,0,793630,934,5822673,567,13,3241537,52,47506681
144489,11,4,2020,10,12,5,3,5,3,0,0,1,0,0,0,0,0,793162,5557,5826882,531,13,32098126,52,51305028
144490,11,11,2020,10,18,2,3,5,3,2,0,1,0,0,0,0,0,806594,7517,5827752,873,13,51910845,52,51346681
144491,11,1,2020,10,13,4,3,2,2,0,1,1,0,0,0,0,0,796960,7949,5826702,83,13,37662758,52,50938487
144492,11,9,2020,10,12,5,3,2,2,0,0,1,0,0,0,0,0,806885,1935,5821184,106,13,51732803,52,45443271
144493,11,10,2020,10,12,5,3,5,3,0,0,1,0,1,0,0,0,807643,3768,5830813,842,13,53734421,52,54030871
144494,11,12,2020,10,23,2,3,5,3,2,0,1,0,0,0,0,0,792342,842,5833912,89,13,31511319,52,57651539
144495,11,4,2020,10,10,3,3,5,7,0,1,1,0,0,0,0,1,792729,5404,5826185,73,13,31400579,52,50703626
144496,11,7,2020,10,6,6,3,5,2,2,0,1,0,0,0,0,1,797824,7444,5822576,57,13,38563207,52,47192676
144497,11,1,2020,10,12,5,3,0,2,0,1,0,0,1,0,0,0,795130,6908,5827081,683,13,35007608,52,51377419
144498,11,5,2020,10,10,5,3,2,7,0,0,1,0,0,0,0,1,787581,1543,5828025,71,13,23995132,52,52627102
144499,11,1,2020,10,8,5,3,3,6,0,1,1,0,0,0,0,1,797378,2091,5828938,959,13,38475888,52,52920178
144500,11,11,2020,10,12,5,2,5,2,0,1,1,0,0,0,0,0,803356,1336,5830074,944,13,47364932,52,53608975
144501,11,2,2020,10,12,5,3,5,3,0,0,1,0,0,0,0,0,798426,281,5824780,79,13,3964304,52,49135032
144502,11,8,2020,10,22,2,3,5,2,2,1,1,0,0,0,0,0,801016,9429,5823888,169,13,43367078,52,48193336
144503,11,3,2020,10,15,4,3,2,6,0,0,1,0,0,0,0,1,801343,5706,5829649,52,13,44368088,52,53338895
144504,11,9,2020,10,18,5,3,5,3,2,1,1,0,0,0,0,0,808648,5022,5819159,509,13,54132534,52,43529547
144505,11,8,2020,10,15,5,2,0,7,0,1,0,0,0,0,0,1,801944,3346,5823069,31,13,44654425,52,47408182
144506,11,7,2020,10,10,5,2,2,2,0,0,1,0,1,0,0,0,797621,8669,5816599,333,13,37732961,52,41845741
144507,11,4,2020,10,10,5,3,5,7,0,1,1,0,0,0,0,0,791512,5492,5826316,126,13,29623987,52,50885689
144508,11,10,2020,10,17,2,3,5,3,1,1,1,0,0,0,0,0,810607,3876,5825514,421,13,57596189,52,49113689
144509,11,6,2020,10,14,4,3,5,2,0,0,1,0,1,0,0,0,796056,2872,5817531,47,13,35520048,52,42765873
144510,11,5,2020,10,15,6,3,2,6,0,0,1,0,0,0,0,1,785419,251,5830447,447,13,21025136,52,54912014
144511,11,3,2020,10,10,5,3,1,5,0,1,1,0,0,0,0,0,799057,3303,5829842,291,13,4102503,52,53638026
144512,11,4,2020,10,8,2,3,6,7,0,1,0,1,0,0,0,1,791019,8198,5827153,104,13,28973224,52,51662346
144513,11,2,2020,10,21,3,3,5,3,2,1,1,0,0,0,0,0,799559,584,5825858,439,13,41404601,52,50039535
144514,11,4,2020,10,14,6,3,2,6,0,0,1,0,0,0,0,1,790115,8716,5825349,896,13,27487642,52,50093908
144515,11,6,2020,10,9,5,3,1,6,0,0,1,0,0,0,0,0,794745,6231,5819883,617,13,3380544,52,44945605
144516,11,7,2020,10,18,2,3,5,2,1,0,1,0,0,0,0,1,794592,1238,5821848,529,13,33753609,52,46715322
144517,11,6,2020,10,15,5,2,0,7,0,1,1,0,0,0,0,1,792269,135,5818679,95,13,30066207,52,43998726
144518,11,7,2020,10,8,5,3,1,5,0,1,1,0,0,0,0,0,797292,6788,5821261,966,13,37665079,52,46043248
144519,11,5,2020,10,7,5,3,5,2,0,1,1,0,0,0,0,1,784350,1636,5828098,776,13,19251709,52,528621
144520,11,8,2020,10,23,5,3,1,5,2,0,1,0,1,0,0,0,801656,9306,5821522,308,13,44092714,52,4603745
144521,11,1,2020,10,22,5,3,2,6,2,0,1,0,0,0,0,0,797169,922,5831918,545,13,38436288,52,55602381
144522,11,2,2020,10,11,2,3,5,2,0,1,0,0,0,0,1,0,798333,2558,5825618,414,13,39581881,52,49891565
144523,11,3,2020,10,18,4,2,5,2,2,1,1,0,0,0,0,0,800193,9661,5830930,274,13,42794121,52,54550727
144524,11,1,2020,10,9,2,3,2,6,0,0,0,0,0,0,1,1,798039,4897,5830076,969,13,39549859,52,5390414
144525,11,1,2020,10,17,6,3,0,2,1,1,0,0,1,0,0,1,795229,5879,5826625,582,13,3511246,52,50963207
144526,11,8,2020,10,20,5,3,5,3,2,0,0,0,1,0,1,0,801192,68,5822115,133,13,43464976,52,46594424
144527,11,6,2020,10,15,5,3,6,7,0,1,0,1,0,0,0,0,788593,9249,5819384,405,13,24735567,52,4482626
144528,11,2,2020,10,9,2,3,2,6,0,0,1,0,0,0,0,0,803205,7485,5826819,95,13,46847179,52,50699962
144529,11,5,2020,10,19,6,2,2,6,2,0,1,0,0,0,0,1,783890,5877,5823465,604,13,18180909,52,48731859
144530,11,1,2020,10,19,5,3,0,1,2,1,0,0,0,0,0,0,798432,1319,5830182,313,13,40136536,52,53977079
144531,11,4,2020,10,15,3,3,3,6,0,0,1,0,0,0,0,0,793312,544,5826678,83,13,32299774,52,51113713
144532,11,3,2020,10,16,6,3,5,3,0,0,1,0,0,0,0,1,802868,9449,5838271,619,13,47397452,52,60982511
144533,11,9,2020,10,20,5,3,3,6,2,1,1,0,0,0,0,0,804496,8767,5819984,605,13,48119598,52,44501754
144534,11,6,2020,10,19,5,2,5,2,2,1,0,0,0,0,0,0,789041,577,5816692,179,13,25159635,52,42388892
144535,11,2,2020,10,10,5,2,6,4,0,1,1,1,0,0,0,0,797736,303,5824295,647,13,3858689,52,48738458
144536,11,1,2020,10,11,4,3,5,2,0,1,1,0,0,0,0,0,797995,716,5828901,88,13,39380154,52,52853222
144537,11,11,2020,10,19,5,3,4,6,2,0,1,0,0,0,1,0,803939,6599,5826972,401,13,47939107,52,50795763
144538,11,2,2020,10,17,5,3,2,6,0,0,1,0,0,0,0,0,801262,6676,5826188,968,13,43935855,52,50242042
144539,11,4,2020,10,11,2,2,0,6,0,0,1,0,1,0,0,0,789803,3863,5825148,196,13,2701103,52,49929684
144540,11,9,2020,10,6,4,3,2,6,2,0,1,0,0,0,0,1,809219,6168,5823016,806,13,55327095,52,46954159
144541,11,1,2020,10,9,2,3,5,3,0,0,1,0,1,0,0,1,792639,7237,5828688,895,13,31488818,52,52952449
144542,11,12,2020,10,9,6,3,5,3,0,1,1,0,0,0,0,1,796316,948,5833941,572,13,37361261,52,57462325
144543,11,3,2020,10,16,5,3,5,3,0,1,1,0,0,0,0,0,801505,3033,5832597,51,13,44873459,52,55972662
144544,11,4,2020,10,13,5,3,0,6,0,1,1,0,0,0,0,0,792275,1366,5827416,95,13,30841111,52,51831747
144545,11,11,2020,10,15,5,3,5,3,0,1,1,0,0,0,0,0,807536,329,5824817,287,13,53022489,52,48662803
144546,11,9,2020,10,16,5,3,5,2,0,1,1,0,0,0,0,0,804890,1287,5822151,523,13,48894252,52,46421978
144547,11,12,2020,10,11,2,3,5,3,0,1,1,0,0,0,0,0,795460,6946,5836375,635,13,36319717,52,59690724
144548,11,2,2020,10,11,4,3,2,7,0,1,1,0,0,0,0,0,799717,9978,5825787,297,13,4163087,52,49967069
144549,11,7,2020,10,16,5,3,5,5,0,1,1,0,0,0,0,0,794861,4124,5823589,641,13,34302798,52,48261598
144550,11,4,2020,10,15,5,3,1,5,0,1,1,0,0,0,0,0,794438,6933,5823271,89,13,3365405,52,47999561
144551,11,7,2020,10,9,2,3,0,7,0,0,1,0,0,1,0,1,795383,1108,5821187,678,13,3485612,52,46080205
144552,11,11,2020,10,15,5,3,6,3,0,0,1,1,0,0,0,0,806364,1816,5826858,488,13,51489821,52,50558066
144553,11,10,2020,10,15,5,3,5,3,0,1,1,0,0,0,0,0,809588,402,5834275,143,13,56915459,52,57022599
144554,11,1,2020,10,9,2,3,5,2,0,1,1,0,0,0,0,1,797042,9862,5829329,126,13,38018045,52,53288195
144555,11,6,2020,10,22,4,3,6,4,2,0,1,1,0,0,0,0,793345,5802,5820329,866,13,31790427,52,45420959
144556,11,1,2020,10,15,5,3,6,4,0,0,1,1,0,0,0,0,795420,8176,5832292,645,13,35897149,52,56032889
144557,11,3,2020,10,8,5,3,2,6,0,0,1,0,1,0,0,0,800153,7847,5830856,3,13,4272836,52,54486636
144558,11,12,2020,10,9,2,3,5,3,0,0,1,0,0,0,0,1,787134,919,5836440,241,13,24067438,52,60194672
144559,11,4,2020,10,13,3,3,2,2,0,0,1,0,1,0,0,0,789835,8799,5826352,801,13,27163631,52,51007911
144560,11,5,2020,10,19,6,3,5,3,2,0,1,0,0,0,0,1,784730,906,5828597,857,13,19854196,52,53289702
144561,11,7,2020,10,7,5,2,6,4,1,1,0,1,0,0,0,0,797666,706,5819356,926,13,38044173,52,44315216
144562,11,6,2020,10,20,5,3,5,3,2,1,1,0,0,0,0,0,790615,874,5818419,129,13,27618428,52,43853763
144563,11,6,2020,10,15,5,3,6,2,0,0,1,1,0,0,0,0,793768,9082,5821140,56,13,32482954,52,46124981
144564,11,6,2020,10,0,5,2,5,3,2,0,1,0,0,0,1,0,793262,2662,5819094,13,13,31559681,52,44317623
144565,11,10,2020,10,9,2,3,5,3,0,0,1,0,1,0,0,1,808100,938,5831358,172,13,5445744,52,5449284
144566,11,2,2020,10,13,4,3,5,2,0,1,1,0,0,0,0,0,800718,1069,5827874,71,13,43288256,52,51782483
144567,11,3,2020,10,13,5,3,5,2,0,1,1,0,0,0,0,0,799997,1453,5831717,8,13,42575826,52,55266805
144568,11,1,2020,10,8,2,2,0,1,0,0,0,0,1,0,0,1,797848,1562,5829833,294,13,3924674,52,53696179
144569,11,4,2020,10,14,3,3,5,2,0,1,1,0,0,0,0,0,791672,1269,5823328,848,13,29596889,52,48199094
144570,11,2,2020,10,12,6,3,2,6,0,0,1,0,0,0,0,1,797953,4106,5825272,689,13,38993054,52,49602416
144571,11,3,2020,10,13,5,3,5,2,0,1,0,0,1,0,0,0,802377,5485,5828844,226,13,45814609,52,52560274
144572,11,8,2020,10,8,2,3,5,3,0,0,1,0,0,0,0,1,801762,473,5816736,79,13,43815534,52,41742231
144573,11,12,2020,10,19,3,3,5,3,2,1,1,0,0,0,0,1,792085,3592,5832942,597,13,31048084,52,56795493
144574,11,10,2020,10,7,6,3,5,3,1,1,1,0,0,0,0,1,809398,1266,5825756,2,13,55843257,52,49399034
144575,11,8,2020,10,13,5,3,5,3,0,0,1,0,0,0,0,1,803337,8357,5822498,548,13,46647893,52,46819407
144576,11,4,2020,10,18,5,3,3,6,2,0,1,0,1,0,0,1,791617,2813,5822447,492,13,29439278,52,47411891
144577,11,1,2020,10,9,5,3,2,6,0,0,1,0,0,0,0,0,796845,4252,5830630,257,13,37843886,52,54465276
144578,11,12,2020,10,13,5,3,0,3,0,0,1,0,1,0,0,0,791009,4435,5841483,655,13,30216201,52,64509936
144579,11,12,2020,10,14,4,3,3,6,0,0,1,0,0,0,0,0,794966,3216,5832699,146,13,35264775,52,56421921
144580,11,3,2020,10,7,2,3,2,6,1,0,1,0,0,0,0,0,803382,5596,5838282,723,13,48154659,52,60963822
144581,11,1,2020,10,8,4,3,2,6,0,0,1,0,0,0,0,1,796432,9768,5831935,905,13,37354018,52,55658105
144582,11,4,2020,10,5,6,3,1,5,2,1,0,0,0,1,0,1,794410,279,5825901,754,13,33844707,52,50358618
144583,11,5,2020,10,11,4,3,2,6,0,0,1,0,0,0,0,1,786768,4829,5829277,602,13,22908528,52,53792313
144584,11,1,2020,10,5,2,3,2,2,2,0,1,0,0,0,0,1,793972,2823,5830139,149,13,33575823,52,54180816
144585,11,12,2020,10,16,3,3,5,3,0,0,1,0,0,0,0,0,790226,8671,5834022,255,13,28408254,52,57862805
144586,11,1,2020,10,14,6,3,2,6,0,0,1,0,1,0,0,1,794119,9306,5828249,965,13,33625737,52,52479313
144587,11,10,2020,10,10,4,3,5,2,0,0,1,0,0,0,0,1,806333,5671,5830184,602,13,51751155,52,53540723
144588,11,1,2020,10,18,4,3,5,2,2,1,1,0,0,0,0,0,797012,4203,5831490,347,13,38166344,52,55227145
144589,11,1,2020,10,6,5,3,0,2,1,0,1,0,1,0,0,1,795128,7052,5828649,511,13,35143799,52,52782963
144590,11,2,2020,10,19,4,3,2,6,2,0,1,0,0,0,0,1,803622,3612,5827345,843,13,47507095,52,51148138
144591,11,11,2020,10,17,4,2,5,7,1,0,0,0,1,0,1,0,804219,9918,5829078,491,13,48543454,52,52667746
144592,11,4,2020,10,9,5,3,0,6,0,1,1,0,0,0,0,1,792666,3716,5825228,451,13,31223633,52,49848842
144593,11,12,2020,10,8,5,3,2,6,0,0,1,0,0,0,0,0,792698,8522,5834799,4,13,32114552,52,5842675
144594,11,8,2020,10,15,4,3,6,4,0,0,1,1,0,0,0,1,801153,685,5824102,312,13,43586269,52,48377773
144595,11,2,2020,10,17,4,3,2,6,1,0,1,0,0,0,0,0,797074,8051,5824293,329,13,3761534,52,48772415
144596,11,9,2020,10,1,2,3,8,1,2,0,1,0,0,0,0,1,805925,1649,5823619,817,13,50547681,52,47680079
144597,11,12,2020,10,9,4,3,5,3,0,0,1,0,0,0,1,0,789630,6101,5839732,257,13,28030439,52,63013571
144598,11,1,2020,10,7,2,3,5,3,0,1,1,0,0,0,0,1,792913,1547,5828880,137,13,3190759,52,53109205
144599,11,6,2020,10,16,6,3,5,3,2,0,1,0,0,0,0,1,793132,687,5817664,177,13,31243276,52,43042679
144600,11,1,2020,10,15,4,3,6,2,0,0,1,1,0,0,0,0,798320,717,5828700,982,13,39839794,52,52655368
144601,11,8,2020,10,17,2,2,5,3,2,0,1,0,0,0,0,1,799905,9295,5816245,135,13,41049786,52,41403571
144602,11,8,2020,10,9,3,3,5,3,0,1,1,0,0,0,0,0,800141,2872,5823258,28,13,42024805,52,47676938
144603,11,6,2020,10,14,5,3,1,5,0,0,1,0,0,0,0,0,789764,2902,5818424,262,13,26369607,52,43903551
144604,11,10,2020,10,15,4,3,6,4,0,0,0,1,0,0,1,0,809120,2389,5829712,727,13,5580272,52,52960515
144605,11,10,2020,10,14,2,3,6,2,0,0,1,1,0,0,0,0,809845,408,5831012,481,13,5698893,52,54084148
144606,11,1,2020,10,12,4,3,9,1,0,0,1,0,0,0,0,1,796576,5019,5831925,499,13,37564172,52,55640962
144607,11,12,2020,10,14,4,3,5,2,0,1,1,0,0,0,0,0,795594,4082,5833151,354,13,36228983,52,56793218
144608,11,1,2020,10,16,4,3,0,5,1,0,0,0,1,0,1,0,794049,4555,5828402,584,13,33535654,52,52619928
144609,11,11,2020,10,13,4,3,0,1,0,1,0,0,0,0,0,1,803562,8145,5829756,54,13,47639637,52,53312093
144610,11,3,2020,10,12,4,2,5,3,0,1,1,0,0,0,0,1,799663,2851,5835840,934,13,42457504,52,58981512
144611,11,4,2020,10,14,2,3,6,7,0,0,0,1,0,0,1,0,792240,672,5826092,522,13,30674156,52,50646276
144612,11,2,2020,10,16,3,3,6,4,0,1,0,1,0,0,0,0,800168,652,5825862,534,13,42298674,52,50009771
144613,11,7,2020,10,9,6,3,3,6,0,1,1,0,0,0,0,1,799948,4289,5815739,551,13,41066787,52,40948054
144614,11,1,2020,10,13,3,3,5,3,0,1,0,0,0,0,1,0,794264,8175,5829275,329,13,33929438,52,53390668