OBJECTID,LAND,BEZ,UJAHR,UMONAT,USTUNDE,UWOCHENTAG,UKATEGORIE,UART,UTYP1,ULICHTVERH,IstRad,IstPKW,IstFuss,IstKrad,IstGkfz,IstSonstige,USTRZUSTAND,LINREFX,LINREFY,XGCSWGS84,YGCSWGS84,,,,
144835,11,3,2020,11,16,6,3,5,2,2,1,1,0,0,0,0,0,797439,9837,5835029,513,13,39112449,52,58376213
144836,11,6,2020,11,12,4,3,8,1,0,0,1,0,0,0,0,0,787351,1812,5818285,975,13,22817523,52,43906894
144837,11,9,2020,11,14,2,3,2,2,0,0,1,0,0,0,0,0,811658,5722,5819972,139,13,58621862,52,4408712
144838,11,8,2020,11,12,1,2,5,3,0,0,1,0,1,0,0,0,802024,1424,5824296,121,13,4488269,52,48503376
144839,11,10,2020,11,13,7,3,5,3,0,0,1,0,0,0,0,0,813154,811,5828817,917,13,61645582,52,51928469
144840,11,3,2020,11,8,5,2,4,6,0,1,0,0,0,0,0,0,802851,7448,5832486,707,13,4684348,52,55798637
144841,11,1,2020,11,8,3,3,5,2,0,1,1,0,0,0,0,0,797258,5116,5829087,889,13,38313275,52,53060205
144842,11,10,2020,11,14,6,3,5,2,0,1,1,0,0,0,0,0,807934,6081,5829198,157,13,54012811,52,52566462
144843,11,5,2020,11,15,1,3,3,6,0,0,1,0,1,0,0,0,785060,2887,5829451,987,13,20411742,52,54038291
144844,11,10,2020,11,19,7,3,5,2,2,0,1,0,0,0,0,0,810904,6873,5829230,233,13,58379681,52,52426662
144845,11,8,2020,11,11,5,3,6,4,0,1,0,1,0,0,0,0,800607,4078,5823772,282,13,42755384,52,48112023
144846,11,12,2020,11,17,3,3,5,2,2,1,0,0,0,0,0,0,790738,3327,5834245,456,13,29180512,52,58035598
144847,11,10,2020,11,15,6,2,5,7,0,0,1,0,0,0,1,0,808578,9129,5830116,95,13,55044785,52,53353438
144848,11,7,2020,10,0,7,3,0,1,2,1,0,0,0,0,0,1,794963,8901,5822421,948,13,34349983,52,47209299
144849,11,9,2020,11,7,3,3,3,6,1,1,0,0,0,0,1,1,808959,9381,5819390,74,13,54610511,52,43718597
144850,11,8,2020,11,10,2,3,0,4,0,0,0,1,1,0,0,1,801549,3077,5820599,663,13,43851465,52,45216398
144851,11,5,2020,11,4,7,2,1,1,2,0,1,0,0,0,0,1,782109,241,5828484,14,13,15989854,52,53324071
144852,11,7,2020,11,15,5,3,6,4,0,1,0,1,0,0,0,0,794650,3211,5823662,818,13,33999318,52,48338592
144853,11,10,2020,11,16,2,3,5,2,2,0,1,0,0,0,1,0,812723,533,5825534,673,13,60704748,52,49011029
144854,11,9,2020,11,14,6,3,4,6,0,1,0,0,0,0,0,0,810784,325,5821279,708,13,57461452,52,45308663
144855,11,11,2020,11,9,3,3,2,2,0,1,1,0,0,0,0,0,806140,8728,5826705,713,13,51147792,52,50433678
144856,11,9,2020,10,10,7,3,2,7,0,0,1,0,0,0,0,1,814204,3553,5821525,105,13,62500967,52,45333069
144857,11,4,2020,11,11,7,2,2,2,0,0,1,0,0,0,0,0,790688,312,5822694,722,13,28096969,52,47683055
144858,11,5,2020,10,12,7,3,0,7,0,0,1,0,0,0,0,1,781534,9545,5828402,73,13,1513855,52,5328077
144859,11,1,2020,11,19,4,3,5,2,2,1,1,0,0,0,0,0,793530,9685,5829122,921,13,32837189,52,53293613
144860,11,11,2020,11,11,2,3,5,3,0,1,1,0,0,0,0,1,806076,9117,5825257,178,13,50920747,52,49139041
144861,11,4,2020,11,10,6,3,5,2,0,1,1,0,0,0,0,1,792542,8955,5827127,512,13,31209148,52,51557918
144862,11,5,2020,10,12,7,3,4,6,0,1,0,0,0,0,1,1,784540,5632,5829079,209,13,19615554,52,53731223
144863,11,8,2020,11,12,3,3,5,3,0,1,1,0,0,0,0,0,805150,8209,5817151,825,13,48820269,52,41926367
144864,11,10,2020,11,22,6,2,5,2,2,1,1,0,0,0,0,0,812100,7084,5831520,825,13,60351929,52,54410964
144865,11,11,2020,11,19,4,3,2,2,2,0,1,0,1,0,0,0,804913,3703,5826254,237,13,49303585,52,50097775
144866,11,10,2020,11,13,2,3,5,3,0,0,1,0,0,0,0,1,808678,613,5828994,675,13,55086305,52,52342067
144867,11,4,2020,11,9,2,3,3,2,0,0,1,0,1,0,0,0,789926,7135,5826215,334,13,27285124,52,50879842
144868,11,4,2020,10,11,7,3,1,7,0,0,1,0,0,0,1,1,790761,1057,5822795,603,13,28212643,52,47769621
144869,11,12,2020,11,9,3,3,5,3,0,0,1,0,0,0,0,0,795783,4657,5832578,597,13,36456043,52,5626953
144870,11,7,2020,11,12,7,3,6,4,0,0,1,1,0,0,0,0,795080,684,5825615,56,13,34804171,52,50065851
144871,11,12,2020,11,14,5,2,5,2,0,0,1,0,1,0,0,0,793553,7721,5835456,863,13,33431041,52,58970383
144872,11,4,2020,11,14,2,3,2,2,0,0,0,0,1,0,1,0,790369,314,5827327,677,13,28032503,52,51853525
144873,11,9,2020,11,8,5,3,0,7,0,1,0,0,0,0,0,0,811179,3499,5815153,184,13,57470992,52,39795843
144874,11,5,2020,11,9,3,3,6,2,0,0,1,1,0,0,0,0,781967,69,5828466,584,13,15780235,52,53315654
144875,11,1,2020,11,10,7,3,0,6,0,0,1,0,0,0,1,0,796353,3708,5828555,489,13,36935397,52,52632246
144876,11,4,2020,10,12,7,3,3,2,0,0,1,0,1,0,0,1,790424,6615,5825950,513,13,27993657,52,50615941
144877,11,7,2020,11,15,4,3,4,6,0,0,1,0,0,0,0,0,796193,3602,5820527,852,13,35986667,52,45444868
144878,11,9,2020,11,6,2,3,0,7,2,1,1,0,0,0,0,1,810369,3453,5820351,915,13,56766528,52,44500779
144879,11,12,2020,11,8,6,3,0,2,0,0,1,0,0,0,1,0,793474,922,5832425,561,13,33045435,52,56257311
144880,11,3,2020,10,12,7,3,5,7,0,0,1,0,0,0,0,1,799431,1298,5831369,476,13,41712155,52,5498638
144881,11,5,2020,11,12,3,3,6,7,0,0,1,1,0,0,0,0,784162,6683,5831217,695,13,19242873,52,5566832
144882,11,9,2020,11,12,6,3,0,2,0,0,1,0,1,0,0,0,811748,5845,5819774,935,13,58735465,52,43905266
144883,11,2,2020,11,14,4,3,2,6,0,1,0,0,0,0,0,0,801335,4887,5828710,741,13,44271166,52,52498324
144884,11,7,2020,11,7,5,3,6,4,1,0,1,1,0,0,0,0,799688,732,5815156,641,13,40633967,52,4043977
144885,11,1,2020,11,13,3,3,5,7,0,1,1,0,0,0,0,0,795562,929,5827763,362,13,35702034,52,51965127
144886,11,3,2020,11,14,6,3,5,3,0,1,1,0,0,0,0,0,803156,894,5839362,958,13,47921409,52,61944576
144887,11,2,2020,10,13,7,2,5,3,0,1,0,0,0,0,0,1,801051,736,5828170,331,13,43804294,52,52029657
144888,11,2,2020,11,16,5,2,5,2,2,1,0,0,0,0,0,0,800711,4263,5828461,888,13,4333158,52,52309726
144889,11,9,2020,11,14,3,3,1,5,0,1,1,0,0,0,0,0,819949,2831,5819886,579,13,70769752,52,43531774
144890,11,6,2020,11,18,6,3,5,3,1,0,1,0,0,0,0,0,793632,7851,5821508,465,13,32315542,52,46462111
144891,11,1,2020,10,13,7,3,0,1,0,1,0,0,0,0,0,1,798322,3812,5829356,219,13,39901035,52,53242608
144892,11,1,2020,11,9,4,2,2,6,0,0,1,0,0,0,0,0,797399,2825,5829309,59,13,3853997,52,53250779
144893,11,5,2020,11,22,1,3,2,6,2,0,1,0,1,0,0,0,783780,574,5826264,881,13,18257105,52,51247505
144894,11,7,2020,11,10,5,3,5,3,0,0,0,0,0,0,1,0,799359,9697,5820941,906,13,40670039,52,45643507
144895,11,12,2020,10,14,7,3,0,7,0,0,1,0,1,0,0,1,791887,2796,5833517,521,13,30807265,52,57321517
144896,11,11,2020,11,15,3,3,5,2,1,1,1,0,0,0,0,0,807104,8187,5825756,325,13,52475974,52,49528656
144897,11,5,2020,11,7,6,3,5,3,0,0,1,0,0,0,0,1,782463,589,5828527,119,13,16514518,52,53344254
144898,11,5,2020,11,13,4,3,3,6,0,0,1,0,1,0,0,0,788090,5046,5829386,666,13,24861807,52,53820364
144899,11,7,2020,11,13,2,3,5,3,0,1,1,0,0,0,0,1,797555,4379,5820289,27,13,37963974,52,45156808
144900,11,8,2020,11,0,1,3,1,5,2,0,1,0,0,0,0,0,800574,318,5816156,12,13,42021562,52,41287025
144901,11,1,2020,11,13,5,3,0,2,0,1,0,0,1,0,0,0,794999,4754,5828142,247,13,34908855,52,52335233
144902,11,3,2020,11,15,3,3,2,2,0,0,1,0,0,0,0,0,802579,8367,5833494,485,13,46535514,52,56717002
144903,11,9,2020,11,15,6,2,5,3,0,0,1,0,1,0,0,0,811368,484,5817454,88,13,57962028,52,41847077
144904,11,6,2020,10,10,7,3,5,3,0,0,1,0,0,0,0,1,794715,4057,5816703,329,13,33480735,52,42096254
144905,11,12,2020,11,10,3,3,0,1,0,0,0,0,1,0,0,0,791392,496,5834302,887,13,30148264,52,5805209
144906,11,3,2020,11,10,2,3,2,6,0,0,1,0,0,1,0,1,801975,936,5836387,246,13,4591077,52,59343271
144907,11,4,2020,11,7,7,3,1,5,0,0,0,0,0,1,1,1,791468,9001,5829224,41,13,29814719,52,53495259
144908,11,1,2020,11,18,5,3,6,6,2,1,0,1,0,0,0,0,797657,476,5828076,985,13,38809192,52,52132283
144909,11,6,2020,11,17,2,3,5,2,1,1,1,0,0,0,0,0,787125,1253,5817227,445,13,22394966,52,42969706
144910,11,3,2020,11,7,4,3,5,3,0,1,1,0,0,0,0,0,799495,1759,5831784,713,13,41843783,52,55355051
144911,11,2,2020,11,10,2,3,2,6,0,0,1,0,0,0,1,1,797107,2092,5824327,455,13,37665965,52,48801242
144912,11,1,2020,11,23,7,3,1,5,2,1,1,0,0,0,0,0,796024,868,5831419,676,13,36707768,52,55217556
144913,11,4,2020,11,15,5,3,1,5,0,0,1,0,0,0,0,0,791076,4366,5825221,801,13,28887543,52,49927916
144914,11,11,2020,11,2,2,3,4,6,2,0,1,0,0,0,0,0,807108,9952,5823644,629,13,52287549,52,47635881
144915,11,1,2020,11,18,6,3,2,3,2,1,1,0,0,0,0,0,798610,686,5827019,871,13,40114142,52,51132644
144916,11,10,2020,11,11,4,3,6,4,0,0,1,1,0,0,0,0,810852,3849,5828106,99,13,581978,52,51422262
144917,11,1,2020,11,14,1,3,5,2,0,1,1,0,0,0,0,0,797473,2907,5826793,496,13,3842378,52,50991836
144918,11,11,2020,11,15,7,3,5,3,0,0,1,0,0,0,0,1,807536,6888,5824817,596,13,5302348,52,48663043
144919,11,5,2020,11,15,5,2,0,7,1,1,0,0,0,0,0,1,782688,4077,5826946,325,13,1671068,52,51915202
144920,11,2,2020,11,16,3,3,5,2,2,1,0,0,0,0,1,0,800745,5064,5826524,66,13,43206575,52,50571461
144921,11,8,2020,11,8,6,3,6,4,0,1,0,1,0,0,0,0,803943,4219,5817486,676,13,47080707,52,42293677
144922,11,4,2020,10,10,7,3,5,3,0,0,1,0,0,0,0,1,792510,7645,5824492,997,13,30930482,52,49197868
144923,11,9,2020,11,8,3,3,5,3,0,1,1,0,0,0,0,1,806409,5667,5822969,801,13,51198967,52,47070359
144924,11,12,2020,11,4,2,3,5,3,2,0,1,0,0,0,0,1,796678,1823,5832735,223,13,37786102,52,56361249
144925,11,1,2020,11,11,7,3,5,3,0,1,1,0,0,0,0,1,794265,3822,5829147,225,13,33918927,52,53275801
144926,11,10,2020,11,14,5,3,5,2,0,0,1,0,1,0,0,0,807172,6083,5828934,673,13,52868816,52,52373309
144927,11,7,2020,11,15,2,3,6,4,1,1,0,1,0,0,0,0,798063,6156,5821156,775,13,38787026,52,45906963
144928,11,4,2020,11,0,6,2,0,1,2,1,0,0,0,0,0,1,786611,8475,5825097,286,13,2231803,52,50052604
144929,11,12,2020,11,11,3,3,5,3,0,0,1,0,0,0,0,0,793274,4676,5832581,247,13,32765547,52,56407631
144930,11,10,2020,11,10,7,3,5,2,0,0,1,0,0,0,1,0,812605,2462,5830312,329,13,60979827,52,53299106
144931,11,7,2020,10,10,7,2,6,2,0,0,1,1,0,0,0,1,796149,2477,5820777,585,13,35944088,52,45671124
144932,11,2,2020,11,16,4,3,8,1,1,0,1,0,0,0,0,0,797479,7204,5826059,812,13,38367665,52,50333822
144933,11,12,2020,11,9,2,3,5,2,0,1,1,0,0,0,0,1,790052,8199,5835750,166,13,28303382,52,59421146
144934,11,5,2020,11,15,6,3,0,1,0,0,0,0,0,0,1,0,783613,8008,5828666,658,13,18217601,52,53409635
144935,11,8,2020,11,8,3,3,2,6,0,1,1,0,0,0,0,0,800931,2402,5824258,328,13,43274672,52,48529845
144936,11,12,2020,10,10,7,3,5,2,0,1,1,0,0,0,0,1,791294,4005,5838938,781,13,30411822,52,62213275
144937,11,12,2020,11,12,1,3,5,3,0,0,1,0,0,0,0,0,794913,586,5836312,484,13,35508694,52,59663813
144938,11,9,2020,11,13,7,2,6,4,0,1,0,1,0,0,0,0,811079,3141,5821963,111,13,57957824,52,45904318
144939,11,1,2020,10,9,7,3,6,4,0,0,1,1,0,0,0,1,800188,838,5828469,922,13,42564366,52,52345723
144940,11,5,2020,11,12,5,3,5,3,0,0,1,0,0,0,0,0,783345,443,5829415,46,13,17886877,52,54094986
144941,11,6,2020,11,7,3,3,2,7,0,1,1,0,0,0,0,0,793525,6116,5820668,346,13,32084362,52,45714731
144942,11,7,2020,11,13,6,3,6,4,0,1,0,1,0,0,0,0,793924,7114,5822863,812,13,32863428,52,47661426
144943,11,1,2020,10,11,7,3,0,1,0,0,0,0,1,0,0,1,796977,836,5827282,26,13,377395,52,51456955
144944,11,2,2020,11,9,3,3,1,5,0,1,1,0,0,0,0,0,799975,7446,5824460,819,13,41889996,52,48763926
144945,11,2,2020,11,13,7,3,6,4,0,0,1,1,0,0,0,0,801598,222,5828292,55,13,44618997,52,52108536
144946,11,2,2020,11,16,5,3,3,6,1,1,0,0,0,0,1,0,799900,6668,5825954,297,13,41914199,52,50106723
144947,11,1,2020,11,13,2,3,2,7,0,0,0,0,1,0,1,0,797501,3169,5829393,16,13,38697464,52,53320468
144948,11,4,2020,11,18,5,3,2,6,2,0,1,0,1,0,0,0,791619,7488,5824499,243,13,29622389,52,49251143
144949,11,2,2020,11,9,3,3,2,6,0,1,0,1,0,0,0,0,801207,378,5825943,315,13,43832428,52,50024911
144950,11,12,2020,11,8,7,3,5,3,0,0,1,0,0,0,1,0,796392,89,5833163,647,13,37403549,52,56760865
144951,11,2,2020,10,11,7,3,1,5,0,1,1,0,0,0,0,1,802335,4568,5827096,149,13,45593899,52,50995815
144952,11,5,2020,11,13,4,2,1,5,0,0,1,0,0,0,1,0,783099,7271,5830182,454,13,17590908,52,54795463
144953,11,1,2020,11,2,6,3,9,1,2,0,0,0,0,0,1,0,798067,788,5828466,29,13,39447012,52,52458597
144954,11,7,2020,10,12,7,3,5,2,0,0,1,0,0,0,0,1,797607,1847,5815572,6,13,37620095,52,40925635
144955,11,5,2020,11,14,3,3,2,2,0,0,1,0,0,0,0,0,785951,65,5828001,87,13,21596851,52,52691474
144956,11,1,2020,11,9,6,3,5,2,0,1,1,0,0,0,0,0,795668,9128,5829732,336,13,36034106,52,53724347
144957,11,11,2020,10,0,7,2,9,1,2,0,1,0,0,0,0,1,808020,366,5833918,52,13,54576535,52,56791513
144958,11,12,2020,11,12,3,3,6,2,0,0,0,1,0,0,1,0,790264,4369,5835036,723,13,28552397,52,58770262
144959,11,10,2020,11,13,6,3,5,3,0,0,1,0,0,0,0,0,812996,75,5828485,586,13,61383201,52,51639699
144960,11,6,2020,11,16,4,3,5,3,2,0,1,0,0,0,0,0,794441,4131,5818839,247,13,33267059,52,44025765
144961,11,3,2020,11,0,1,3,9,1,2,0,1,0,0,0,0,0,802949,6358,5832010,84,13,46944007,52,55366685
144962,11,7,2020,11,16,5,2,0,6,1,0,1,0,1,0,0,0,795885,4124,5822963,345,13,35750746,52,47644782
144963,11,5,2020,11,22,3,3,5,3,2,1,1,0,0,0,0,0,784114,6908,5829010,29,13,18983449,52,53691651
144964,11,2,2020,11,21,6,3,5,2,2,1,1,0,0,0,0,0,798209,7274,5824528,841,13,39302919,52,4892165
144965,11,7,2020,10,0,7,3,1,5,2,0,1,0,0,0,0,1,795994,8994,5816304,813,13,35321537,52,41669955
144966,11,1,2020,11,9,4,3,2,6,0,0,1,0,0,0,0,0,797326,4786,5832332,342,13,387036,52,55964753
144967,11,9,2020,11,11,1,3,2,2,0,1,1,0,0,0,0,0,810027,5129,5820461,506,13,5627536,52,44618384
144968,11,2,2020,11,14,5,3,5,2,0,1,1,0,0,0,0,0,800161,194,5825745,484,13,42277777,52,49905241
144969,11,4,2020,10,14,6,3,5,3,0,1,1,0,0,0,0,1,792839,9369,5825507,6,13,31503076,52,50089247
144970,11,12,2020,11,15,3,3,5,3,0,0,1,0,0,0,0,0,792781,118,5836391,178,13,32376196,52,59849594
144971,11,1,2020,11,7,6,3,5,2,1,1,1,0,0,0,0,1,796306,51,5828921,539,13,36899146,52,5296292
144972,11,2,2020,11,7,4,3,5,3,0,1,1,0,0,0,0,0,801911,462,5826830,771,13,44946978,52,50781437
144973,11,7,2020,11,19,7,3,0,2,0,1,1,0,0,0,0,0,793968,2994,5821696,291,13,32824536,52,46612449
144974,11,4,2020,11,12,5,3,0,2,0,1,1,0,0,0,0,0,790650,9165,5822759,32,13,28047694,52,47742959
144975,11,10,2020,11,15,3,3,5,3,0,1,1,0,0,0,0,1,810193,8554,5830016,96,13,57408698,52,53172171
144976,11,5,2020,11,8,6,3,1,5,0,0,1,0,0,0,0,0,783141,422,5827768,36,13,17446529,52,52628758
144977,11,9,2020,11,14,4,2,5,2,0,1,1,0,0,0,0,0,809754,7756,5820507,73,13,55879631,52,44675266
144978,11,3,2020,11,15,5,3,6,4,0,0,1,1,0,0,0,0,799987,568,5835328,223,13,42888337,52,58504086
144979,11,7,2020,11,16,3,3,3,1,0,0,1,0,1,0,0,1,797721,1665,5823950,851,13,38533866,52,48430213
144980,11,12,2020,11,19,6,2,1,7,2,0,1,0,0,0,0,0,794839,1702,5834544,606,13,35241814,52,58083105
144981,11,2,2020,10,16,6,3,2,6,0,1,1,0,0,0,0,1,802398,692,5828296,74,13,45794925,52,52067832
144982,11,9,2020,11,7,4,3,8,1,0,0,1,0,0,0,0,0,805928,5374,5819814,377,13,50203902,52,44269276
144983,11,6,2020,11,6,2,2,5,2,2,0,1,0,0,0,1,1,793394,875,5820328,327,13,31862628,52,45416933
144984,11,12,2020,11,12,7,3,5,3,0,0,1,0,0,0,0,1,792602,106,5833649,477,13,31870693,52,57401427
144985,11,1,2020,11,20,5,2,1,5,2,0,1,0,0,0,0,0,797973,721,5832361,7,13,39658186,52,5595569
144986,11,3,2020,11,12,2,3,1,5,0,1,1,0,0,0,0,1,800022,997,5829225,611,13,42388845,52,53032201
144987,11,2,2020,11,17,2,3,6,4,2,0,1,1,0,0,0,0,799252,2509,5826230,422,13,40986628,52,50389827
144988,11,6,2020,11,17,6,3,6,7,2,0,1,1,0,0,0,0,794069,9386,5821470,536,13,32953827,52,46404599
144989,11,1,2020,11,10,4,2,0,1,0,1,0,0,0,0,0,0,797569,8286,5828609,327,13,38728024,52,52614246
144990,11,2,2020,11,12,2,3,2,6,0,0,1,0,0,0,0,1,800551,5529,5827030,799,13,42967373,52,51035816
144991,11,8,2020,11,13,1,3,1,5,0,1,1,0,0,0,0,0,801994,594,5823255,271,13,4474425,52,47572113
144992,11,11,2020,11,13,7,3,5,2,0,1,1,0,0,0,0,0,807658,8993,5833601,622,13,54015559,52,56528373
144993,11,7,2020,11,9,5,3,2,6,0,0,1,0,0,0,0,0,795334,8954,5822252,492,13,34879598,52,47037347
144994,11,7,2020,11,8,3,2,5,2,0,1,1,0,0,0,0,0,795703,6927,5825456,199,13,3570515,52,49889272
144995,11,12,2020,11,14,6,3,5,2,0,1,0,0,0,0,1,0,791291,6076,5838942,303,13,30408018,52,62216582
144996,11,9,2020,10,9,6,2,5,7,0,0,1,0,0,0,1,1,814208,6927,5821854,65,13,6253828,52,45627599
144997,11,4,2020,11,8,3,3,0,6,0,0,1,0,1,0,0,0,793453,864,5823896,26,13,32261889,52,48612339
144998,11,9,2020,11,11,7,3,5,2,0,1,1,0,0,0,0,0,811059,3926,5818027,49,13,57562295,52,42378513
144999,11,4,2020,11,14,5,2,5,2,0,0,1,0,1,0,0,0,793198,6249,5824564,817,13,31947042,52,49225348
145000,11,2,2020,12,17,3,3,6,4,2,1,0,1,0,0,0,0,801220,1432,5825239,391,13,43787521,52,49393264
145001,11,9,2020,11,20,6,3,0,7,2,0,1,0,0,0,1,1,807900,2922,5816414,44,13,52782753,52,41111525
145002,11,1,2020,11,3,3,3,2,6,2,0,1,0,0,0,0,0,799451,8752,5828827,882,13,41513615,52,52707102
145003,11,1,2020,11,9,3,3,0,3,0,1,0,0,0,0,1,0,798716,3268,5827633,228,13,40325311,52,51676615
145004,11,2,2020,11,22,5,3,5,2,2,1,0,0,0,0,1,1,800793,25,5825600,19,13,43192824,52,49740061
145005,11,7,2020,11,8,2,3,2,6,0,0,1,0,0,0,0,0,798901,1221,5819457,176,13,39863898,52,44337744
145006,11,11,2020,11,10,6,1,5,2,0,1,0,0,0,1,0,0,805214,5375,5828280,242,13,4993166,52,51896737
145007,11,10,2020,11,17,4,3,5,3,2,1,1,0,0,0,0,0,810633,4664,5825773,68,13,57658588,52,49343992
145008,11,7,2020,11,13,7,3,2,6,0,0,1,0,0,0,1,0,796208,8616,5820740,526,13,36028279,52,45634673
145009,11,11,2020,11,16,6,3,5,3,0,1,1,0,0,0,0,0,806479,5095,5833512,201,13,52272767,52,56514751
145010,11,2,2020,11,12,3,3,0,1,0,1,0,0,0,0,0,0,797855,8184,5825656,9,13,3888401,52,49951416
145011,11,6,2020,11,17,6,3,5,2,2,1,1,0,0,0,0,0,796240,3474,5818599,616,13,35884638,52,43713804
145012,11,3,2020,11,17,2,3,5,2,2,0,1,0,0,0,0,0,800544,8979,5841154,919,13,4423773,52,63695807
145013,11,2,2020,11,9,6,3,0,5,0,1,1,0,0,0,0,1,801526,8533,5828166,89,13,44503076,52,52000286
145014,11,4,2020,11,17,6,3,5,2,2,0,1,0,1,0,0,0,790686,1326,5829201,663,13,28661937,52,53516673
145015,11,8,2020,12,13,3,3,1,5,0,1,0,0,0,0,1,0,801329,7421,5822241,278,13,43677515,52,46699934
145016,11,11,2020,11,15,6,2,6,4,0,0,1,1,0,0,0,1,804508,1868,5830977,691,13,49140957,52,54353819
145017,11,11,2020,11,5,2,2,6,7,2,0,1,1,0,0,0,1,804969,9068,5833018,76,13,50007114,52,56156667
145018,11,10,2020,11,11,5,2,6,4,0,0,1,1,0,0,0,1,809190,1372,5830608,984,13,55988799,52,53759746
145019,11,4,2020,11,11,1,3,5,3,0,0,1,0,0,0,0,0,792430,2229,5827165,919,13,31046955,52,51598391
145020,11,2,2020,11,20,6,3,2,6,2,1,1,0,0,0,0,0,801661,5129,5825888,871,13,44494483,52,49951028
145021,11,3,2020,11,13,4,2,5,3,0,0,1,0,0,0,0,0,798732,9356,5832862,3,13,40819844,52,56362563
145022,11,2,2020,11,14,6,3,2,7,0,1,1,0,0,0,0,0,798315,5987,5824235,84,13,39432157,52,48653226
145023,11,1,2020,12,17,4,3,5,3,2,1,1,0,0,0,0,0,799716,8129,5827369,286,13,41771556,52,51385144
145024,11,4,2020,11,14,4,3,6,7,0,0,1,1,0,0,0,0,791361,9675,5822561,483,13,29074403,52,47527709
145025,11,11,2020,11,16,7,3,5,3,1,1,1,0,0,0,0,0,804919,8596,5829936,705,13,49650607,52,5339782
145026,11,4,2020,11,14,6,2,2,6,0,0,1,0,0,0,0,0,792180,2491,5825320,537,13,30517643,52,49957444
145027,11,5,2020,11,13,6,3,3,6,0,0,1,0,0,0,0,0,783325,185,5827652,453,13,17706555,52,52515295
145028,11,2,2020,11,18,2,3,5,2,2,1,1,0,0,0,0,0,799071,5607,5825597,855,13,40664405,52,49832726
145029,11,12,2020,11,6,6,3,5,2,2,0,1,0,0,0,1,1,794838,9568,5833067,959,13,35110198,52,56759431
145030,11,6,2020,11,13,6,3,2,6,0,0,1,0,0,0,0,0,791179,6966,5820057,757,13,28588347,52,45292822
145031,11,1,2020,12,10,3,3,2,6,0,0,1,0,1,0,0,0,797164,407,5831923,388,13,38428072,52,55607043
145032,11,4,2020,11,12,6,3,1,5,0,0,1,0,0,0,0,0,789114,65,5826271,34,13,26096769,52,50972877
145033,11,1,2020,11,8,2,3,0,1,1,1,0,0,0,0,0,0,795297,8858,5826475,136,13,35199455,52,50824647
145034,11,3,2020,11,10,5,3,6,4,0,0,1,1,0,0,0,0,800920,9204,5831717,923,13,43934277,52,55216604
145035,11,4,2020,11,4,1,3,0,1,2,0,1,0,0,0,1,1,789457,6756,5827429,562,13,26701582,52,51993334
145036,11,5,2020,11,11,6,3,2,6,0,0,1,0,0,0,0,0,786992,8391,5829343,31,13,23244089,52,53839413
145037,11,2,2020,11,11,4,3,0,1,0,0,0,0,1,0,0,0,802445,8983,5826264,746,13,45680608,52,50244509
145038,11,2,2020,11,10,5,3,5,2,0,1,1,0,0,0,0,0,800733,2592,5825793,497,13,43122552,52,49916773
145039,11,3,2020,11,15,5,3,0,1,0,1,0,0,0,0,0,1,799908,3915,5831670,147,13,42441075,52,55229626
145040,11,1,2020,11,8,2,3,5,3,0,1,0,0,0,0,1,0,796689,4155,5831951,824,13,37732588,52,5565841
145041,11,7,2020,11,16,3,3,3,6,1,1,1,0,0,0,0,0,797248,7492,5820826,507,13,3756184,52,45655292
145042,11,5,2020,11,14,6,2,6,4,0,0,1,1,0,0,0,0,780757,1133,5820456,709,13,13325015,52,46195893
145043,11,11,2020,11,11,2,3,6,4,0,1,0,1,0,0,0,0,804498,605,5826389,248,13,48706792,52,50241939
145044,11,7,2020,11,22,5,3,5,2,2,0,1,0,0,0,0,1,796001,5539,5824957,149,13,36098307,52,49425769
145045,11,2,2020,11,13,2,3,5,2,0,1,1,0,0,0,0,0,797134,6422,5823996,751,13,37676766,52,48503307
145046,11,1,2020,11,12,5,3,5,2,0,0,1,0,0,0,0,1,799243,8952,5828468,681,13,41175633,52,52396553
145047,11,5,2020,11,12,2,3,0,5,0,0,1,0,1,0,0,0,785409,8952,5830365,707,13,2100435,52,54839218
145048,11,2,2020,11,14,6,2,0,1,0,1,0,0,0,0,0,0,801947,143,5826800,445,13,44996641,52,50752281
145049,11,1,2020,11,0,2,3,6,4,2,0,1,1,0,0,0,0,796327,2015,5828540,342,13,36895585,52,5262009
145050,11,2,2020,11,8,5,3,0,1,0,1,0,0,0,0,0,1,798285,3749,5825307,432,13,39483706,52,49615426
145051,11,3,2020,11,12,2,3,5,3,0,1,1,0,0,0,0,0,801098,424,5832288,577,13,44247042,52,55718276
145052,11,11,2020,11,9,4,3,2,6,0,0,1,0,0,0,0,1,806616,1859,5827442,776,13,51913763,52,51067561
145053,11,7,2020,11,4,7,3,1,5,2,0,1,0,0,0,1,1,795935,717,5816252,123,13,3523011,52,41625923
145054,11,3,2020,11,7,5,3,5,2,0,1,1,0,0,0,0,0,800865,9041,5832081,588,13,43886336,52,555456
145055,11,9,2020,11,16,5,3,2,6,1,0,1,0,0,0,1,0,810509,3244,5820301,385,13,56967127,52,4444755