OBJECTID,LAND,BEZ,UJAHR,UMONAT,USTUNDE,UWOCHENTAG,UKATEGORIE,UART,UTYP1,ULICHTVERH,IstRad,IstPKW,IstFuss,IstKrad,IstGkfz,IstSonstige,USTRZUSTAND,LINREFX,LINREFY,XGCSWGS84,YGCSWGS84,,,,
145056,11,3,2020,11,18,5,3,6,7,2,1,0,1,0,0,0,1,800161,8719,5830969,38,13,42750438,52,54587241
145057,11,9,2020,11,21,5,3,5,3,2,0,1,0,1,0,0,0,809798,7153,5819180,844,13,55821083,52,43483646
145058,11,1,2020,11,10,2,3,1,5,0,0,1,0,1,0,0,1,798694,6354,5829722,286,13,4048109,52,53550348
145059,11,1,2020,11,9,3,3,5,3,0,1,1,0,0,0,0,0,797046,361,5826535,42,13,37773049,52,50783781
145060,11,12,2020,11,16,6,3,6,4,0,1,0,1,0,0,0,0,792934,6166,5832707,816,13,3227678,52,5653939
145061,11,7,2020,11,14,2,2,6,4,0,0,1,1,0,0,0,0,797334,9918,5820481,962,13,3765771,52,4534175
145062,11,1,2020,11,21,5,3,6,2,2,0,0,1,0,0,1,1,797707,71,5830690,306,13,39117075,52,54472054
145063,11,2,2020,11,20,4,3,5,3,2,0,1,0,0,0,0,0,801467,2309,5827266,432,13,44333884,52,51196491
145064,11,5,2020,11,11,7,2,5,3,0,0,1,0,0,0,0,0,782096,2107,5830181,587,13,16114832,52,54846747
145065,11,4,2020,11,20,5,3,5,2,2,0,1,0,0,0,0,1,791752,789,5827251,674,13,30058986,52,5171155
145066,11,1,2020,11,11,2,3,5,2,0,0,1,0,0,0,0,0,797650,8725,5831854,426,13,39137856,52,55518642
145067,11,11,2020,11,18,5,2,4,7,2,0,1,0,0,0,0,0,805410,1826,5830021,9,13,50378991,52,53445997
145068,11,9,2020,11,18,5,3,2,6,2,0,1,0,0,0,0,1,803075,206,5824014,201,13,46399912,52,48192463
145069,11,9,2020,11,8,4,3,2,6,0,0,1,0,0,0,0,1,806316,164,5820890,753,13,50870892,52,4521228
145070,11,4,2020,11,21,7,3,2,6,2,0,1,0,0,0,0,0,789974,5227,5826224,129,13,27356137,52,50885186
145071,11,5,2020,11,17,5,3,3,6,2,0,1,0,0,0,0,1,781965,7274,5830604,968,13,15958865,52,55233124
145072,11,4,2020,11,8,5,3,2,6,0,1,1,0,0,0,0,0,791919,3699,5825240,586,13,30127416,52,49899731
145073,11,8,2020,11,17,5,3,3,6,2,1,0,0,0,1,0,1,800649,693,5824382,732,13,42872518,52,48656862
145074,11,3,2020,11,8,5,3,0,1,0,1,0,0,0,0,0,0,800095,6173,5831667,356,13,42716132,52,55216812
145075,11,7,2020,12,16,3,3,1,5,2,1,1,0,0,0,0,0,794705,3978,5823894,186,13,34100644,52,48543027
145076,11,10,2020,11,17,5,3,5,3,2,0,1,0,0,0,0,1,806696,5858,5829152,69,13,52189435,52,52594938
145077,11,3,2020,11,19,2,3,5,2,2,1,1,0,0,0,0,0,799177,295,5831110,598,13,41315591,52,54768283
145078,11,3,2020,11,9,3,3,9,1,0,0,1,0,0,0,0,0,802882,366,5832029,453,13,46846305,52,55387128
145079,11,6,2020,11,18,5,3,5,3,2,0,0,0,0,0,1,1,789722,7556,5818435,977,13,2630969,52,43916254
145080,11,11,2020,11,7,2,2,2,7,0,0,1,0,0,1,0,0,804628,1319,5829928,842,13,49221128,52,53407086
145081,11,1,2020,11,7,5,3,5,3,0,0,1,0,0,0,0,0,792944,3719,5828581,874,13,31927196,52,52840147
145082,11,2,2020,11,15,4,3,2,6,0,0,1,0,0,0,0,0,801979,825,5829041,685,13,45246986,52,52759341
145083,11,5,2020,11,12,7,2,5,2,0,0,1,0,0,0,0,0,784745,3586,5826389,94,13,19686402,52,51309325
145084,11,12,2020,11,6,5,3,2,2,2,0,1,0,1,0,0,0,794968,3788,5832716,388,13,35269335,52,56437266
145085,11,7,2020,11,17,2,3,5,3,2,0,1,0,0,0,0,0,799071,3691,5821704,569,13,40314897,52,46342935
145086,11,8,2020,11,0,5,2,9,1,2,0,1,0,0,0,0,0,801424,4077,5818892,851,13,43514248,52,43693416
145087,11,5,2020,11,16,2,3,2,2,1,0,1,0,0,0,0,0,788109,699,5827861,594,13,24757847,52,52452058
145088,11,5,2020,11,15,6,3,1,5,0,0,1,0,0,0,0,1,784896,3869,5829527,732,13,20177219,52,54114776
145089,11,3,2020,11,17,5,3,6,4,1,0,1,1,0,0,0,1,799764,2773,5832353,427,13,4229086,52,55850003
145090,11,12,2020,12,19,3,3,1,5,2,0,1,0,0,0,0,0,787306,6215,5838620,984,13,24509647,52,62140713
145091,11,3,2020,11,16,5,3,3,6,2,1,0,0,0,1,0,1,800453,5686,5836206,85,13,4365376,52,59265893
145092,11,5,2020,11,16,2,3,5,2,0,1,1,0,0,0,0,0,788038,3619,5829390,392,13,24785463,52,53826461
145093,11,3,2020,11,7,5,2,1,1,0,0,1,0,0,0,0,1,804720,8857,5842149,542,13,50481434,52,64354493
145094,11,5,2020,11,10,2,3,5,3,0,1,1,0,0,0,0,0,784791,3835,5827280,35,13,19830236,52,52104983
145095,11,1,2020,11,9,6,3,6,7,0,0,1,1,0,0,0,0,797213,8957,5830297,136,13,38355844,52,54146585
145096,11,5,2020,11,16,5,3,0,2,2,0,1,1,0,0,0,1,783683,6093,5830180,681,13,18449527,52,54763498
145097,11,4,2020,12,14,3,3,1,5,0,1,1,0,0,0,0,0,792309,1841,5825488,441,13,30721779,52,50101061
145098,11,5,2020,11,16,5,3,0,1,2,1,0,0,0,0,0,1,781543,9514,5830704,18,13,15346835,52,55343756
145099,11,12,2020,11,9,2,3,2,6,0,0,1,0,0,0,0,1,790943,702,5833787,587,13,29442561,52,57614149
145100,11,1,2020,11,15,5,3,6,4,1,1,0,1,0,0,0,1,797206,9518,5831346,679,13,38439552,52,55087752
145101,11,2,2020,11,19,2,3,4,7,2,1,1,0,0,0,0,0,803470,8953,5827004,26,13,47253446,52,50850413
145102,11,5,2020,11,15,5,3,5,3,1,0,1,0,1,0,0,0,784658,7268,5829699,514,13,19842452,52,54281217
145103,11,5,2020,11,15,4,3,3,6,0,0,1,0,0,0,0,0,784863,9071,5829305,437,13,20110397,52,53917166
145104,11,4,2020,11,14,7,3,0,1,0,1,0,0,0,0,0,0,788690,9895,5825899,491,13,25442026,52,50662213
145105,11,7,2020,11,14,5,3,5,2,0,0,1,0,0,0,0,0,798884,2174,5816084,706,13,39537712,52,41315647
145106,11,8,2020,12,13,4,3,5,3,0,0,1,0,0,0,0,0,802868,745,5822359,587,13,4594586,52,46720918
145107,11,6,2020,11,14,5,3,3,6,0,0,1,0,0,0,0,1,793841,6781,5819756,627,13,32467968,52,44880424
145108,11,8,2020,11,9,2,3,5,3,0,0,1,0,0,0,0,0,804619,9199,5816128,174,13,47948845,52,41038461
145109,11,9,2020,11,7,6,2,6,4,1,0,1,1,0,0,0,1,807029,3967,5821156,253,13,51941791,52,4541021
145110,11,5,2020,12,8,3,3,6,4,0,0,1,1,0,0,0,0,780439,8656,5821617,331,13,12956839,52,472529
145111,11,1,2020,11,8,5,3,1,5,0,1,1,0,0,0,0,1,799336,29,5827188,14,13,4119576,52,51243572
145112,11,2,2020,11,16,2,3,1,5,1,1,1,0,0,0,0,1,798840,9268,5824897,862,13,40262876,52,49217912
145113,11,8,2020,11,15,4,3,6,6,0,0,0,1,0,0,1,0,804293,16,5819251,822,13,47753853,52,43856322
145114,11,1,2020,11,16,1,3,0,5,2,0,1,0,1,0,0,0,797256,274,5831697,17,13,38543447,52,55399096
145115,11,1,2020,11,9,5,3,6,2,0,0,0,1,0,0,1,0,798305,1177,5827336,165,13,39694473,52,51432844
145116,11,3,2020,11,9,1,3,5,3,0,0,1,0,0,0,0,1,798749,8669,5831825,287,13,40751425,52,55432351
145117,11,8,2020,11,10,5,3,0,7,0,0,1,1,0,0,0,0,801269,5518,5822240,363,13,43589097,52,46702433
145118,11,5,2020,11,12,4,3,5,7,0,0,1,0,0,0,1,1,789407,463,5828673,867,13,26736081,52,53111545
145119,11,1,2020,11,12,5,2,0,4,0,1,0,1,0,0,0,0,799668,5666,5828538,103,13,4180596,52,52435455
145120,11,8,2020,12,8,4,3,5,3,0,0,1,0,0,0,1,0,803804,3014,5821740,622,13,47263471,52,46114172
145121,11,1,2020,11,12,5,3,0,3,0,0,1,0,1,0,0,1,794820,8016,5830297,25,13,34837392,52,54276495
145122,11,6,2020,11,9,2,3,6,4,0,1,0,1,0,0,0,0,791973,9474,5819001,599,13,29661529,52,44303612
145123,11,10,2020,11,16,6,3,5,3,2,1,1,0,0,0,0,0,811457,513,5831514,957,13,59405298,52,54442535
145124,11,5,2020,11,11,2,3,2,6,0,0,1,0,0,0,0,0,780031,7924,5827701,497,13,12869256,52,52729429
145125,11,1,2020,11,10,5,3,0,1,0,0,0,0,1,0,0,1,797750,35,5829717,504,13,39092079,52,53597751
145126,11,2,2020,11,9,2,3,5,3,0,1,0,0,0,0,0,0,801064,576,5825685,49,13,43599387,52,49801696
145127,11,1,2020,11,8,4,2,0,1,0,1,0,0,0,0,0,0,798413,8939,5829421,805,13,40041434,52,53296388
145128,11,8,2020,11,12,7,3,0,5,0,1,1,0,0,0,0,0,801197,894,5824083,96,13,4364924,52,48358895
145129,11,1,2020,11,13,5,3,0,7,0,1,0,0,0,0,0,0,794854,4344,5826264,373,13,34529288,52,50659698
145130,11,4,2020,11,19,4,3,5,2,2,1,1,0,0,0,0,0,792202,2339,5825203,669,13,30539684,52,49851497
145131,11,1,2020,11,7,4,3,2,2,1,1,1,0,0,0,0,0,795330,6946,5826165,885,13,35220221,52,5054565
145132,11,2,2020,12,17,3,2,7,7,2,0,0,0,1,0,0,0,801018,6769,5825903,796,13,43551709,52,49999901
145133,11,3,2020,11,6,4,2,5,2,2,0,1,0,0,0,0,1,797745,6464,5836149,323,13,39662895,52,59363245
145134,11,10,2020,11,13,2,3,6,4,0,0,1,1,0,0,0,0,811347,2909,5830421,778,13,59141535,52,53469184
145135,11,4,2020,11,15,3,3,5,3,0,0,1,0,0,0,0,0,789790,2675,5827130,764,13,2716436,52,51707791
145136,11,6,2020,11,18,6,3,6,4,2,0,1,1,0,0,0,0,793775,2188,5821131,513,13,32491419,52,46116532
145137,11,9,2020,11,15,4,3,5,2,0,1,1,0,0,0,0,0,812064,2322,5821298,345,13,59340602,52,45252451
145138,11,1,2020,11,11,4,3,5,3,0,1,1,0,0,0,0,0,800491,8381,5826850,49,13,42863371,52,50877489
145139,11,3,2020,11,8,2,3,4,6,0,0,1,0,0,0,1,0,798318,6395,5833055,829,13,40227884,52,56558992
145140,11,3,2020,11,8,3,3,3,6,0,1,0,0,0,0,0,0,799210,2137,5829290,699,13,41200108,52,53135216
145141,11,2,2020,11,20,6,3,5,2,2,1,1,0,0,0,0,0,797837,2824,5824927,789,13,38791666,52,49299591
145142,11,4,2020,11,15,2,2,0,7,1,1,0,0,0,0,0,0,790551,7897,5822376,473,13,27868796,52,47405006
145143,11,1,2020,11,13,4,3,3,6,0,0,1,0,1,0,0,0,795424,8056,5827510,88,13,35477796,52,51745526
145144,11,4,2020,11,12,4,3,2,3,0,1,1,0,0,0,0,0,792004,8915,5827399,99,13,30442399,52,51830221
145145,11,1,2020,11,17,7,3,5,3,2,0,1,0,0,0,1,1,797891,3732,5826671,13,39027034,52,50859219,
145146,11,8,2020,11,12,4,3,5,3,0,0,1,0,0,0,0,0,804755,3548,5818461,552,13,48359867,52,4312228
145147,11,1,2020,11,10,4,3,6,7,0,0,1,1,0,0,0,0,795569,9379,5830492,815,13,35956258,52,54411417
145148,11,3,2020,11,12,4,2,1,5,0,0,1,0,0,0,0,1,803422,552,5832970,476,13,47726385,52,56200477
145149,11,5,2020,11,12,4,3,3,6,0,1,1,0,0,0,0,0,785326,9637,5828636,923,13,20733902,52,53293557
145150,11,4,2020,11,11,4,3,6,7,0,1,0,1,0,0,0,0,790958,5432,5827409,56,13,2890556,52,51895075
145151,11,9,2020,12,15,3,2,6,7,0,0,0,1,0,0,1,0,807556,199,5815381,92,13,52183632,52,40205488
145152,11,12,2020,11,11,4,2,4,6,0,0,1,0,0,0,1,1,793372,4733,5833163,436,13,32961206,52,56924249
145153,11,11,2020,11,8,2,3,5,2,0,1,1,0,0,0,0,0,803791,3998,5827705,822,13,47788274,52,51461365
145154,11,4,2020,11,15,3,3,6,4,0,0,1,1,0,0,0,0,793990,4211,5824298,684,13,33086438,52,48944185
145155,11,8,2020,11,16,5,3,5,7,2,0,1,0,0,0,0,1,802798,1186,5820809,883,13,45702627,52,45335791
145156,11,11,2020,11,7,2,3,2,6,0,0,1,0,0,0,0,0,807167,5379,5825634,93,13,525568,52,4941558
145157,11,1,2020,11,10,4,3,6,4,0,0,1,1,0,0,0,0,795302,3198,5827364,472,13,35284884,52,51621628
145158,11,2,2020,11,10,4,3,5,3,0,1,1,0,0,0,0,0,799510,5895,5824913,598,13,41247686,52,49195314
145159,11,8,2020,11,14,4,3,5,2,0,1,1,0,0,0,0,0,802576,2331,5823077,835,13,45582703,52,47380857
145160,11,12,2020,11,17,7,3,6,2,2,0,1,1,0,0,0,0,793491,7305,5836487,36,13,33431042,52,59897501
145161,11,4,2020,11,19,4,3,5,2,2,0,1,0,1,1,0,0,789170,873,5827540,653,13,26289724,52,52108146
145162,11,10,2020,11,6,2,3,2,2,2,0,0,0,1,1,0,0,808037,5838,5829217,143,13,54165877,52,5257766
145163,11,5,2020,11,21,4,3,2,6,2,0,1,0,0,0,1,0,784757,132,5828595,815,13,1989258,52,53286501
145164,11,5,2020,11,14,3,3,5,2,0,0,1,0,0,0,1,0,785066,496,5829481,125,13,2042337,52,54064092
145165,11,2,2020,11,17,4,3,5,2,2,1,1,0,0,0,0,1,800669,3193,5825803,889,13,43029583,52,49929611
145166,11,4,2020,11,14,7,3,5,2,0,1,1,0,0,0,0,0,790945,2785,5826751,364,13,28828553,52,51306164
145167,11,1,2020,11,22,4,3,5,2,2,1,1,0,0,0,0,0,797204,24,5827496,82,13,38090971,52,51636966
145168,11,3,2020,11,6,2,3,5,2,1,1,1,0,0,0,0,1,800560,7142,5831407,8,13,43376469,52,54957813
145169,11,1,2020,11,9,4,3,6,4,0,0,0,1,0,0,1,0,797734,673,5827617,343,13,38880605,52,51716089
145170,11,4,2020,11,18,4,3,0,1,2,1,0,0,0,0,0,0,793177,268,5826080,611,13,32048754,52,50585362
145171,11,3,2020,11,7,2,3,5,3,0,0,1,0,0,0,0,0,799528,1293,5833287,728,13,420279,52,56700443
145172,11,12,2020,11,12,6,3,0,6,0,0,1,0,1,0,0,1,791758,4964,5838046,156,13,31016707,52,61388174
145173,11,9,2020,11,8,4,3,0,1,0,0,0,0,1,0,0,1,809115,464,5817345,657,13,54649015,52,41877632
145174,11,12,2020,12,13,3,3,5,3,0,1,1,0,0,0,0,0,790577,9353,5840571,307,13,29499959,52,63715157
145175,11,3,2020,11,18,4,3,6,7,2,1,0,1,0,0,0,0,801601,3904,5829978,415,13,44776919,52,53619844
145176,11,11,2020,11,0,2,3,9,1,2,0,1,0,0,0,0,1,806171,1895,5830165,984,13,51510789,52,53533161
145177,11,5,2020,11,12,5,3,2,6,0,0,1,0,0,0,0,1,786652,9019,5829244,3,13,22735682,52,53768271
145178,11,1,2020,11,10,2,3,2,6,0,1,1,0,0,0,0,0,796460,2835,5829331,877,13,37161761,52,53322385
145179,11,12,2020,11,17,4,3,6,2,2,0,1,1,0,0,0,0,793399,378,5833245,432,13,33007542,52,56996322
145180,11,4,2020,11,19,3,3,6,2,2,0,0,1,0,0,1,0,792223,7082,5822606,2,13,30343465,52,47521583
145181,11,12,2020,11,13,4,2,6,2,0,0,0,1,0,0,1,0,790105,5345,5835279,215,13,28339738,52,58996132
145182,11,7,2020,11,8,4,2,5,3,0,0,1,0,1,0,0,0,795040,5883,5821902,979,13,34416677,52,46739933
145183,11,5,2020,12,12,4,2,5,2,0,0,1,0,0,0,0,0,786437,8557,5831100,448,13,22579595,52,55444005
145184,11,5,2020,11,7,4,3,5,3,0,0,1,0,0,1,0,0,780059,1136,5819435,643,13,12214668,52,45316126
145185,11,8,2020,11,20,1,3,5,3,2,0,1,0,0,0,0,1,801549,8013,5823797,253,13,44141142,52,48082448
145186,11,3,2020,11,0,6,2,5,3,2,0,1,0,0,0,0,1,801058,1395,5831434,826,13,44110381,52,54955279
145187,11,3,2020,11,7,4,3,5,3,0,1,1,0,0,0,0,1,797589,3776,5833292,353,13,39176374,52,56810915
145188,11,8,2020,11,17,1,3,5,3,2,0,1,0,0,0,0,0,805276,475,5817240,694,13,49012574,52,41999011
145189,11,3,2020,11,8,6,2,5,3,1,0,1,0,1,0,0,1,800496,7253,5830765,85,13,43224372,52,5438666
145190,11,6,2020,11,17,4,3,5,3,2,1,1,0,0,0,0,0,790523,8112,5817554,19,13,27408207,52,43083213
145191,11,5,2020,12,13,3,3,5,7,0,1,1,0,0,0,0,0,788869,9414,5830065,644,13,26066871,52,54387824
145192,11,3,2020,11,16,4,3,5,2,2,0,1,0,0,0,0,0,802746,871,5832702,472,13,46708936,52,55997854
145193,11,8,2020,11,17,1,3,5,2,2,1,1,0,0,0,0,1,800672,6865,5824170,173,13,42887105,52,48465072
145194,11,12,2020,11,7,5,2,6,2,2,0,1,1,0,0,0,0,794406,5611,5836249,627,13,34756711,52,5963494
145195,11,4,2020,11,22,1,3,2,6,2,0,1,0,0,0,0,0,793527,3956,5826481,516,13,32598838,52,50925916
145196,11,11,2020,11,15,4,3,1,5,0,1,1,0,0,0,0,0,804839,3515,5831052,746,13,49634669,52,54402569
145197,11,9,2020,11,18,3,3,5,3,2,0,1,0,0,0,0,0,807513,5833,5818335,919,13,52392584,52,42855345
145198,11,1,2020,11,12,4,3,1,5,0,0,1,0,0,1,0,0,799015,8277,5828497,485,13,40843064,52,52434883
145199,11,4,2020,11,15,4,3,5,3,0,0,1,0,0,0,0,0,793146,1844,5825750,906,13,31974414,52,50291451
145200,11,8,2020,11,14,4,3,1,5,0,1,1,0,0,0,0,0,802712,6113,5822559,319,13,45735827,52,46908554
145201,11,7,2020,11,20,1,3,1,5,2,0,1,0,0,0,0,1,794928,9269,5824759,882,13,34505491,52,49306998
145202,11,12,2020,11,8,3,2,5,3,0,0,1,0,1,0,0,1,790874,8416,5837514,314,13,29668518,52,6095876
145203,11,12,2020,11,15,6,3,4,6,0,1,1,0,0,0,0,0,795725,4108,5832398,788,13,36354623,52,56111502
145204,11,8,2020,11,10,2,3,3,6,0,1,1,0,0,0,0,0,801077,6546,5821977,93,13,4328379,52,46477784
145205,11,4,2020,11,19,3,1,3,6,2,1,1,0,0,0,0,1,792110,8292,5827689,526,13,30623586,52,52084908
145206,11,1,2020,11,20,1,3,6,2,2,0,1,1,0,0,0,1,796155,9045,5832265,897,13,36975967,52,55968982
145207,11,8,2020,11,8,4,3,2,6,0,0,1,0,0,0,0,1,800349,3491,5824349,727,13,42428555,52,48643809
145208,11,11,2020,11,17,7,3,2,6,2,0,1,0,0,0,0,0,802421,806,5828884,684,13,45883325,52,52594082
145209,11,1,2020,11,17,3,3,4,6,2,1,0,0,0,0,0,1,796426,9843,5831989,217,13,37349966,52,55706219
145210,11,2,2020,11,18,2,3,1,5,2,1,1,0,0,0,0,1,798277,9974,5825703,381,13,39508329,52,49970748
145211,11,5,2020,11,13,3,3,6,7,0,0,0,1,0,0,1,0,785292,6784,5830373,795,13,20832647,52,5485261
145212,11,1,2020,11,15,1,3,3,6,0,0,1,0,0,0,0,0,796278,8656,5828479,69,13,36819141,52,52568349
145213,11,11,2020,11,10,4,3,2,6,0,0,1,0,0,0,0,0,805145,961,5829995,123,13,49987003,52,53437572
145214,11,3,2020,11,14,1,3,5,2,0,1,1,0,0,0,0,0,800290,2212,5831597,361,13,42995959,52,55143349
145215,11,6,2020,11,17,3,3,2,2,2,0,1,0,0,0,1,1,791487,6068,5816163,414,13,28700616,52,41785096
145216,11,1,2020,11,23,3,3,1,1,2,0,1,0,0,0,0,1,798521,6815,5826770,68,13,39961938,52,50914115
145217,11,6,2020,11,19,3,3,5,2,2,1,1,0,0,0,0,1,793288,65,5821101,7,13,31774631,52,4611532
145218,11,1,2020,11,17,1,3,5,2,2,1,1,0,0,0,0,1,799726,1547,5827767,82,13,41821181,52,51741853
145219,11,2,2020,11,14,3,3,0,6,0,0,1,0,0,0,1,0,799911,3051,5824759,796,13,41822284,52,49035453
145220,11,8,2020,11,20,6,3,0,3,2,0,0,0,0,0,1,0,800664,6549,5824371,24,13,42893449,52,48645738
145221,11,3,2020,11,14,2,3,5,3,0,0,1,0,1,0,0,0,796393,983,5836677,9,13,37720554,52,59910082
145222,11,3,2020,11,18,3,3,1,5,2,0,1,0,1,0,0,1,799887,8915,5831981,588,13,42439063,52,55509908
145223,11,6,2020,11,17,3,3,2,6,2,0,1,0,0,0,0,0,791681,6595,5819377,534,13,29265536,52,44656238
145224,11,8,2020,11,22,4,2,8,1,2,0,1,0,0,0,0,0,804741,2547,5817828,867,13,48281544,52,42556005
145225,11,2,2020,11,2,7,2,1,5,2,1,1,0,0,0,0,0,802175,7635,5826881,881,13,45339858,52,50812615
145226,11,6,2020,11,18,3,3,2,6,2,0,1,0,0,0,0,1,793349,6787,5817704,925,13,31566004,52,43067544
145227,11,5,2020,11,14,3,3,9,1,0,0,1,0,0,0,0,0,782278,2798,5829457,226,13,16321064,52,54187825
145228,11,7,2020,11,18,3,3,0,1,2,0,0,0,1,0,0,1,795394,2559,5825512,984,13,35255676,52,49956934
145229,11,8,2020,11,16,3,3,0,2,2,0,1,0,1,0,0,1,800175,8683,5817051,339,13,41517801,52,42111426
145230,11,1,2020,11,16,3,3,6,2,2,0,1,1,0,0,0,1,794543,3614,5828344,833,13,34256464,52,52541497
145231,11,8,2020,12,14,3,2,5,3,0,0,1,0,0,0,0,0,801400,7395,5824764,241,13,44009746,52,48957409
145232,11,4,2020,11,16,3,3,6,2,2,0,1,1,0,0,0,1,790649,9924,5823282,877,13,28091977,52,48212383
145233,11,4,2020,11,16,3,3,5,3,2,0,1,0,0,0,0,1,791003,764,5821909,96,13,28491659,52,46962711
145234,11,3,2020,11,16,3,3,5,2,0,1,1,0,0,0,0,1,798011,2496,5833239,189,13,39792196,52,56740182
145235,11,10,2020,11,15,3,3,0,6,0,0,1,0,1,0,0,1,807836,996,5829075,917,13,53858069,52,52462423
145236,11,5,2020,12,16,3,3,5,3,2,0,1,0,0,0,0,0,784825,8815,5830254,49,13,20135823,52,54769674
145237,11,8,2020,11,14,3,3,5,3,0,0,1,0,0,0,1,1,803571,4527,5818132,962,13,46594023,52,42893589
145238,11,5,2020,11,16,1,2,5,3,2,0,1,0,0,0,0,1,780520,665,5820707,364,13,12998093,52,46432827
145239,11,10,2020,11,7,3,3,5,2,0,1,1,0,0,0,0,0,808511,228,5831160,344,13,55042184,52,54292336
145240,11,12,2020,11,21,5,3,0,5,2,1,1,0,0,0,0,0,789840,3085,5833535,384,13,27796814,52,57446928
145241,11,12,2020,11,7,2,2,5,3,0,1,0,0,1,0,0,0,792114,7896,5838097,585,13,3154598,52,61415138
145242,11,11,2020,11,13,3,3,0,1,0,0,0,0,1,0,0,1,804070,1386,5830550,773,13,48457928,52,53995654
145243,11,8,2020,11,17,4,3,6,2,2,0,1,1,0,0,0,0,801371,1399,5819264,32,13,43469618,52,44029312
145244,11,2,2020,11,0,7,3,0,7,2,0,0,0,0,0,1,0,798300,577,5825394,945,13,3951387,52,49693039
145245,11,6,2020,11,13,3,3,0,7,0,0,0,0,1,0,0,1,793511,3565,5821560,517,13,32141894,52,46515298
145246,11,10,2020,11,15,1,3,6,7,1,0,1,1,0,0,0,0,807898,209,5831307,596,13,54154743,52,54458975
145247,11,7,2020,11,8,3,3,2,6,0,0,1,0,0,0,1,0,795773,3192,5822626,157,13,35556282,52,4734859
145248,11,6,2020,11,15,1,3,5,3,0,1,1,0,0,0,0,0,792507,3793,5817731,607,13,30332976,52,43136567
145249,11,7,2020,11,16,6,3,5,2,2,0,1,0,0,0,0,0,800025,171,5813275,467,13,4095861,52,38735118
145250,11,9,2020,11,12,3,3,5,3,0,1,1,0,0,0,0,1,812213,8786,5821374,257,13,595672,52,45311934
145251,11,10,2020,12,13,3,3,5,3,0,0,1,0,0,0,0,0,810214,7939,5831614,708,13,57588623,52,54602795
145252,11,2,2020,11,11,3,3,5,3,0,1,1,0,0,0,0,1,798901,2341,5825747,484,13,40427673,52,49976179
145253,11,3,2020,11,13,1,3,5,3,0,0,1,0,0,0,0,1,799827,4904,5831538,495,13,42310224,52,55116075
145254,11,2,2020,11,9,5,3,5,3,0,1,1,0,0,0,0,0,798641,3171,5824517,847,13,39935689,52,48888202
145255,11,6,2020,11,11,1,3,2,7,0,0,1,0,0,0,0,0,793891,1977,5821384,23,13,32683867,52,46336661
145256,11,10,2020,11,10,3,3,0,7,0,0,1,0,0,0,0,0,811900,5368,5825028,871,13,59449216,52,48604846
145257,11,10,2020,11,17,3,2,4,6,2,1,1,0,0,0,0,0,808287,8833,5829241,839,13,54535943,52,52585645
145258,11,6,2020,11,12,4,3,2,6,0,0,1,0,0,0,0,0,790013,8335,5819151,14,13,26798774,52,44541994
145259,11,7,2020,11,23,7,3,5,2,2,0,1,0,0,0,0,0,797813,3469,5820777,77,13,38385963,52,4558087
145260,11,6,2020,11,14,5,3,0,5,0,1,0,0,0,0,1,0,794547,751,5817693,709,13,33321126,52,42993152
145261,11,3,2020,11,20,2,3,5,3,2,0,1,0,0,0,1,0,800942,4565,5833548,97,13,4413191,52,56855816
145262,11,8,2020,11,10,3,3,1,5,0,1,1,0,0,0,0,0,802024,506,5823525,113,13,44813379,52,47812292
145263,11,4,2020,11,15,4,3,5,3,0,1,0,0,0,0,1,0,790739,8531,5826718,102,13,28523788,52,51287298
145264,11,1,2020,11,15,7,3,0,1,0,1,0,0,0,0,0,0,797154,9588,5827718,13,38038663,52,51837901,
145265,11,1,2020,11,10,3,3,5,2,0,1,0,0,0,0,1,0,794549,3086,5828209,8,13,34253244,52,52420128
145266,11,5,2020,11,10,3,3,5,7,0,0,1,0,0,0,0,0,786891,6512,5830101,495,13,23160781,52,545245
145267,11,8,2020,11,20,7,2,0,1,2,0,1,0,1,0,0,0,802361,2131,5819932,588,13,44982222,52,44573643
145268,11,11,2020,11,8,6,3,5,2,0,1,1,0,0,0,0,0,803074,5716,5829522,598,13,46900717,52,53129584
145269,11,1,2020,11,8,3,3,5,2,0,1,1,0,0,0,0,0,793528,5779,5828175,151,13,32749998,52,52444115
145270,11,9,2020,12,16,3,3,2,6,2,0,1,0,0,0,0,0,809204,168,5822897,341,13,55293354,52,4684797
145271,11,12,2020,11,8,3,3,5,3,0,1,1,0,0,0,0,0,796595,5051,5833590,238,13,37740937,52,57132176
145272,11,2,2020,11,20,7,3,0,6,2,0,1,0,1,0,0,0,800668,8662,5827546,309,13,43186288,52,51491417
145273,11,1,2020,11,8,4,3,7,7,0,1,0,0,0,0,0,0,800106,4789,5826882,849,13,42300188,52,50927706
145274,11,5,2020,11,18,1,2,5,2,2,0,1,0,1,0,0,0,783571,9804,5827959,98,13,18095826,52,5277819
145275,11,12,2020,11,7,3,3,5,2,0,0,1,0,0,0,0,0,789903,4267,5835694,361,13,28078567,52,59379083