OBJECTID,LAND,BEZ,UJAHR,UMONAT,USTUNDE,UWOCHENTAG,UKATEGORIE,UART,UTYP1,ULICHTVERH,IstRad,IstPKW,IstFuss,IstKrad,IstGkfz,IstSonstige,USTRZUSTAND,LINREFX,LINREFY,XGCSWGS84,YGCSWGS84,,,,
145276,11,6,2020,11,16,3,3,5,2,1,1,1,0,0,0,0,1,788539,5441,5816879,857,13,24439571,52,42583655
145277,11,5,2020,11,7,3,3,5,3,0,0,1,0,1,0,0,1,785111,299,5828547,784,13,20408779,52,53224936
145278,11,12,2020,11,16,7,3,5,2,1,1,1,0,0,0,0,0,793930,2742,5835301,5,13,33971428,52,58810779
145279,11,7,2020,11,6,3,3,5,3,1,0,0,0,0,1,1,1,797024,187,5820714,99,13,37222401,52,45567535
145280,11,9,2020,12,11,4,3,0,3,0,0,1,0,0,0,1,0,809467,5174,5819065,482,13,55324769,52,43399007
145281,11,8,2020,11,18,2,3,1,5,2,1,1,0,0,0,0,0,801400,5954,5823861,162,13,43927876,52,48147968
145282,11,12,2020,11,14,7,3,1,5,0,1,1,0,0,0,0,0,790718,2228,5834012,478,13,29130484,52,57827811
145283,11,4,2020,11,17,6,3,2,6,2,0,1,0,1,0,0,0,793612,6029,5823079,335,13,32424184,52,47871423
145284,11,3,2020,11,11,2,2,5,2,0,1,1,0,0,0,0,0,800324,457,5831637,7,13,43049892,52,55177053
145285,11,2,2020,11,13,2,3,5,3,0,1,1,0,0,0,0,0,800678,7425,5825793,301,13,43042467,52,49919601
145286,11,5,2020,11,13,7,3,0,3,0,0,1,0,0,0,1,0,784033,5978,5829036,769,13,18866472,52,53719618
145287,11,7,2020,11,9,4,3,2,6,0,0,1,0,0,0,0,0,799136,3029,5819909,183,13,40249351,52,44730051
145288,11,10,2020,11,12,7,3,5,3,0,0,1,0,0,0,0,0,811796,6439,5828955,283,13,59664363,52,52129342
145289,11,4,2020,11,10,2,3,1,5,0,1,1,0,0,0,0,1,793377,954,5826610,595,13,32390651,52,51049669
145290,11,1,2020,11,12,3,3,2,2,0,0,1,0,0,0,0,0,793673,2764,5832254,13,13,33323262,52,56092894
145291,11,2,2020,11,14,2,3,1,5,0,1,0,0,0,0,1,0,799529,28,5824527,611,13,41240438,52,48848308
145292,11,7,2020,11,18,2,3,5,3,2,1,0,0,0,0,1,1,797070,4747,5817409,257,13,3699647,52,42601726
145293,11,4,2020,11,16,2,3,0,1,2,0,0,0,1,0,0,1,792712,812,5825686,423,13,31332104,52,5025691
145294,11,4,2020,11,11,7,3,6,4,0,0,1,1,0,0,0,0,791652,521,5829314,135,13,30092541,52,53565873
145295,11,1,2020,11,13,3,3,5,2,0,1,1,0,0,0,0,0,796974,3106,5826707,178,13,37683002,52,50941648
145296,11,2,2020,11,18,6,3,0,3,2,0,1,0,1,0,0,0,797812,2485,5824587,861,13,3872452,52,48996252
145297,11,6,2020,11,14,2,3,5,3,0,1,1,0,0,0,0,0,788459,1307,5818048,514,13,24422454,52,43635669
145298,11,2,2020,11,16,2,3,4,2,1,1,1,0,0,0,0,0,802755,335,5827479,256,13,46245544,52,51315904
145299,11,2,2020,11,17,4,3,5,2,2,1,1,0,0,0,0,0,800602,4265,5827107,933,13,43049076,52,51102151
145300,11,10,2020,11,7,3,2,5,3,2,1,1,0,0,0,0,0,813275,2877,5830405,167,13,61973158,52,53343832
145301,11,2,2020,11,12,6,3,2,6,0,1,1,0,0,0,1,0,799974,996,5825683,732,13,41997685,52,49860168
145302,11,7,2020,11,15,2,3,2,6,1,1,1,0,0,0,0,0,794638,4882,5823468,21,13,33964727,52,48164606
145303,11,11,2020,11,15,2,3,5,2,0,1,0,0,0,0,1,0,805346,5977,5824619,425,13,49790003,52,48608354
145304,11,5,2020,11,8,4,3,5,3,0,1,1,0,0,0,0,0,788000,9017,5827876,631,13,24599229,52,52471288
145305,11,7,2020,11,21,7,3,0,3,2,0,1,0,0,0,0,0,794986,894,5823964,885,13,3452025,52,48591202
145306,11,1,2020,11,23,2,2,0,1,2,1,0,0,0,0,0,1,798522,26,5830231,44,13,40273067,52,54015835
145307,11,5,2020,11,15,2,3,2,6,0,0,1,0,0,0,0,0,784667,3539,5828622,162,13,19762839,52,53314814
145308,11,4,2020,11,14,2,3,5,2,0,0,1,0,0,0,1,0,793353,368,5829678,49,13,32625114,52,5380082
145309,11,3,2020,11,14,2,3,5,3,0,1,1,0,0,0,0,0,799543,5762,5837777,265,13,42456496,52,60723685
145310,11,7,2020,12,16,3,2,1,5,2,1,1,0,0,0,0,0,797430,757,5822909,32,13,38014528,52,4751216
145311,11,12,2020,11,12,2,3,5,7,0,0,1,0,0,0,0,1,790732,2628,5835262,907,13,29260847,52,58948049
145312,11,9,2020,11,11,7,3,6,2,0,0,1,1,0,0,0,0,805824,833,5819645,49,13,50036346,52,44123711
145313,11,5,2020,11,6,3,3,6,2,2,0,1,1,0,0,0,0,785973,4329,5829224,262,13,21734903,52,53786271
145314,11,7,2020,11,17,5,3,5,3,2,0,1,0,0,0,0,1,798626,4145,5814455,759,13,39014538,52,39869541
145315,11,3,2020,11,7,2,3,5,3,0,1,0,0,0,0,1,0,804398,4259,5841003,461,13,49900722,52,63345436
145316,11,4,2020,11,12,2,3,2,6,0,0,1,0,0,0,0,0,793390,3838,5822344,278,13,32033254,52,47224411
145317,11,1,2020,11,15,4,3,5,2,0,0,1,0,1,0,0,0,794640,8537,5830517,103,13,34592334,52,54483512
145318,11,12,2020,11,12,7,3,2,7,0,0,1,0,0,0,0,0,790119,5393,5834574,741,13,28298668,52,58363828
145319,11,4,2020,11,12,2,3,5,2,0,1,1,0,0,0,0,0,794484,3102,5825863,175,13,33950048,52,50320039
145320,11,7,2020,11,12,2,3,4,2,0,0,1,0,0,0,1,0,797867,1777,5819755,898,13,38373817,52,44661936
145321,11,5,2020,11,17,6,1,6,4,2,0,1,1,0,0,0,0,785540,208,5831872,88,13,21325658,52,56183689
145322,11,1,2020,11,13,6,3,5,3,0,0,1,0,0,0,0,0,797887,5537,5826665,887,13,39020965,52,50854844
145323,11,1,2020,11,11,2,3,0,2,0,1,1,0,0,0,0,1,794896,2574,5830252,521,13,34944384,52,54232518
145324,11,5,2020,11,10,7,2,4,6,0,0,1,0,0,0,0,0,783599,2862,5825701,146,13,17943404,52,50751448
145325,11,3,2020,11,11,2,3,2,6,0,0,1,0,0,0,0,0,802335,8431,5829182,785,13,45784105,52,52866036
145326,11,8,2020,11,17,6,3,5,3,2,1,1,0,0,0,0,0,801646,2976,5823294,793,13,44237352,52,47626754
145327,11,12,2020,11,7,2,3,0,2,0,1,1,0,0,0,0,1,789909,3148,5835708,268,13,28088453,52,59391237
145328,11,8,2020,11,7,2,3,6,2,1,0,0,1,0,0,1,1,802354,403,5822748,524,13,45227253,52,47097976
145329,11,4,2020,11,18,6,3,2,3,2,0,1,0,0,0,0,0,792208,357,5826489,74,13,30661491,52,51003507
145330,11,11,2020,11,12,6,3,5,3,0,0,1,0,0,0,0,0,805380,58,5826727,959,13,50032335,52,50496253
145331,11,12,2020,11,7,2,3,2,2,1,0,1,0,0,0,0,1,792461,9445,5837308,24,13,31987481,52,60688863
145332,11,4,2020,12,14,3,3,5,2,0,0,1,0,1,0,0,0,791728,9919,5824411,304,13,29775137,52,49166469
145333,11,3,2020,11,7,2,2,0,3,2,0,1,0,1,0,0,1,798118,392,5836943,473,13,40283035,52,60054663
145334,11,10,2020,11,9,6,2,5,2,0,1,1,0,0,0,0,0,809959,617,5834672,817,13,5749913,52,57357826
145335,11,3,2020,11,14,5,3,0,3,0,1,1,0,0,0,0,1,798709,4419,5830318,213,13,40556425,52,54083699
145336,11,2,2020,11,18,2,3,5,3,1,1,1,0,0,0,0,0,800798,9208,5825809,963,13,43220476,52,49927913
145337,11,5,2020,11,6,2,3,5,3,2,0,1,0,1,0,1,1,785072,9555,5827597,149,13,20271289,52,52374593
145338,11,12,2020,11,13,4,2,6,4,0,0,0,1,0,1,0,0,795586,479,5833147,48,13,36216934,52,56789788
145339,11,9,2020,11,9,2,3,4,7,0,1,0,0,0,0,0,1,810546,9927,5819985,91,13,56993054,52,44162692
145340,11,1,2020,12,17,4,3,6,7,2,0,1,1,0,0,0,0,794819,972,5830138,331,13,34822089,52,54134283
145341,11,12,2020,11,9,2,3,5,3,0,0,1,0,0,0,0,0,793793,7191,5836749,828,13,33898923,52,60116476
145342,11,10,2020,11,11,6,2,6,2,0,0,1,1,0,0,0,0,811279,4193,5831569,252,13,5914929,52,54501341
145343,11,8,2020,11,7,6,3,6,2,2,0,1,1,0,0,0,1,801625,7844,5817412,42,13,43676025,52,42355017
145344,11,12,2020,11,6,2,3,0,6,2,1,1,0,0,0,0,1,786237,4201,5838978,131,13,22965461,52,62517349
145345,11,1,2020,11,9,2,3,0,1,0,0,0,0,1,0,0,1,794993,7137,5828280,368,13,3491264,52,52459361
145346,11,4,2020,11,7,6,3,5,7,1,1,1,0,0,0,0,0,790012,1943,5826400,965,13,27426897,52,51041719
145347,11,1,2020,11,8,4,3,5,3,0,0,1,0,0,0,0,0,798015,3299,5826695,794,13,39211356,52,50874674
145348,11,7,2020,12,19,3,2,1,5,2,0,1,0,0,0,0,0,798835,1091,5819369,369,13,39759211,52,44262644
145349,11,8,2020,11,9,2,3,2,6,0,0,1,0,1,0,0,1,801135,9716,5824127,423,13,43563436,52,48401224
145350,11,4,2020,11,9,6,3,5,3,0,1,1,0,0,0,0,1,790673,7924,5827899,213,13,28529918,52,52349687
145351,11,4,2020,11,7,5,3,5,3,2,1,1,0,0,0,0,0,791578,8933,5826514,22,13,29738819,52,51059732
145352,11,11,2020,11,1,1,3,6,4,2,0,1,1,0,0,0,1,805151,7749,5827523,537,13,49770053,52,51222056
145353,11,1,2020,11,8,2,3,1,5,0,1,1,0,0,0,0,1,798553,3231,5826825,67,13,400133,52,50961134
145354,11,9,2020,11,12,4,3,5,2,0,1,1,0,0,0,0,0,809965,2336,5820291,139,13,56168212,52,44469236
145355,11,3,2020,11,8,2,3,5,2,0,0,1,0,1,0,0,1,796360,7493,5836602,161,13,3766493,52,59844802
145356,11,5,2020,12,18,3,2,2,6,2,0,1,0,0,0,0,0,779556,4673,5827840,2,13,12182072,52,52878022
145357,11,6,2020,11,8,2,3,0,1,0,0,0,0,1,0,0,1,793585,1478,5820041,556,13,32116625,52,45149635
145358,11,3,2020,11,8,6,3,2,2,0,1,1,0,0,0,0,0,798989,5708,5831775,206,13,41099415,52,55374308
145359,11,1,2020,11,16,6,3,0,2,1,0,1,0,0,0,1,0,796669,4532,5831945,147,13,37702632,52,55653512
145360,11,12,2020,11,10,2,3,5,2,0,1,1,0,0,0,0,0,795593,6213,5833150,9,13,36227785,52,56792854
145361,11,1,2020,11,4,2,3,5,3,2,0,1,0,0,0,0,1,797160,6502,5831876,449,13,38418884,52,55565153
145362,11,12,2020,11,8,6,3,1,5,0,0,1,0,0,0,0,0,796140,5859,5833412,85,13,37055815,52,56997936
145363,11,1,2020,11,8,4,3,1,5,0,1,1,0,0,0,0,0,797056,1155,5828298,526,13,37945265,52,52363663
145364,11,5,2020,11,10,7,3,5,3,0,1,1,0,0,0,0,1,782942,2679,5834314,412,13,17711761,52,58508443
145365,11,1,2020,11,6,2,2,0,1,2,0,0,0,0,0,1,1,799587,313,5828476,435,13,41680998,52,52384645
145366,11,2,2020,11,9,2,3,0,1,0,1,1,0,0,0,0,1,802333,3509,5827469,91,13,45624684,52,51330199
145367,11,10,2020,11,10,2,3,5,3,0,1,1,0,0,0,0,0,812388,4041,5823984,47,13,60067471,52,47640667
145368,11,3,2020,11,14,1,3,5,2,0,1,1,0,0,0,0,0,799164,7771,5831007,126,13,41287864,52,54676224
145369,11,1,2020,11,10,2,3,0,3,0,1,1,0,0,0,0,1,798678,2677,5829460,13,13,40433472,52,5331626
145370,11,4,2020,11,11,2,3,2,6,0,0,1,0,0,1,0,1,793253,59,5826900,807,13,32233499,52,51316519
145371,11,6,2020,11,11,2,3,2,6,0,0,1,0,0,0,0,0,794767,8567,5820624,876,13,33903489,52,45608906
145372,11,4,2020,11,7,6,3,5,2,0,1,1,0,0,0,0,1,793140,7029,5826081,816,13,31995496,52,50588393
145373,11,3,2020,11,13,3,3,5,2,0,1,1,0,0,0,0,0,797786,5495,5832951,454,13,39435825,52,56494563
145374,11,5,2020,11,13,6,3,2,6,0,0,1,0,0,0,0,0,785316,7399,5829280,7,13,20774089,52,5387073
145375,11,5,2020,11,15,2,3,1,5,0,0,1,0,1,0,0,0,783241,4668,5828821,845,13,1768337,52,53568142
145376,11,4,2020,11,11,2,3,3,6,0,0,0,0,1,0,1,0,792877,338,5826978,628,13,31687493,52,51406499
145377,11,1,2020,11,12,3,2,6,4,0,1,0,1,0,0,0,0,796957,239,5826782,865,13,37664674,52,51010423
145378,11,4,2020,11,8,4,2,5,3,0,1,1,0,0,0,0,0,793455,728,5823833,612,13,32260252,52,48556035
145379,11,9,2020,11,13,7,2,1,5,0,0,1,0,0,1,0,0,807886,9462,5816374,636,13,52759533,52,41076602
145380,11,1,2020,11,11,2,2,8,1,0,0,1,0,0,0,0,0,796045,6924,5831956,661,13,3678628,52,55697777
145381,11,4,2020,11,11,3,3,6,7,0,0,1,1,0,0,0,0,792246,787,5827279,375,13,30786323,52,51709972
145382,11,7,2020,11,11,2,3,0,3,0,0,1,0,1,0,0,1,795144,289,5824000,214,13,34754117,52,4861438
145383,11,2,2020,11,16,1,3,0,6,0,1,1,0,0,0,0,0,802273,6416,5827112,389,13,45504568,52,51013797
145384,11,11,2020,11,14,1,2,6,4,0,0,1,1,0,0,0,0,805002,3509,5826582,932,13,4946437,52,50387395
145385,11,9,2020,12,15,3,3,5,2,1,1,1,0,0,0,0,0,804919,2886,5822560,631,13,48974422,52,46787019
145386,11,2,2020,11,16,1,3,5,2,1,1,1,0,0,0,0,0,802551,4834,5826716,91,13,45876698,52,50643194
145387,11,11,2020,11,1,6,2,4,6,2,0,1,0,0,0,0,0,805185,5815,5829455,897,13,49997001,52,52952029
145388,11,2,2020,11,16,5,3,5,3,0,1,1,0,0,0,0,1,800619,5358,5826270,125,13,42998554,52,50350255
145389,11,5,2020,11,11,4,2,0,1,0,0,0,0,1,0,0,0,784001,2792,5826851,591,13,18632293,52,51762044
145390,11,11,2020,11,6,2,3,0,2,1,1,1,0,0,0,0,0,803849,341,5829048,351,13,47996028,52,52661402
145391,11,3,2020,12,10,4,2,0,7,0,0,0,0,1,0,1,1,799240,2671,5833697,865,13,41641462,52,57083894
145392,11,11,2020,12,11,7,3,5,3,0,0,1,0,0,0,1,0,803832,4325,5828649,545,13,47934745,52,52304909
145393,11,1,2020,12,5,5,3,0,7,2,0,0,0,0,1,0,0,797714,8999,5831846,47,13,39231266,52,55507632
145394,11,1,2020,12,18,3,3,2,6,2,0,0,0,1,0,1,0,793453,6888,5829424,588,13,32750222,52,53568204
145395,11,9,2020,12,13,1,3,0,1,0,0,0,0,1,0,0,1,801844,688,5825011,472,13,44684007,52,49154477
145396,11,5,2020,12,13,3,3,2,6,0,0,1,0,0,0,0,0,785211,5755,5831911,421,13,20845483,52,56235469
145397,11,4,2020,12,6,2,3,6,2,2,0,1,1,0,0,0,0,793203,2057,5824546,488,13,31952157,52,49208671
145398,11,6,2020,12,16,7,3,2,6,0,0,1,0,0,0,0,0,788498,2395,5821548,483,13,24782176,52,46771526
145399,11,3,2020,12,8,7,2,1,5,0,0,1,0,0,0,0,0,799271,43,5832479,202,13,41577374,52,55989848
145400,11,9,2020,12,6,7,3,9,1,1,0,1,0,0,0,0,2,804164,8738,5821833,771,13,47801038,52,46177603
145401,11,7,2020,12,11,7,3,5,2,0,1,1,0,0,0,0,0,794134,1176,5821850,507,13,33081515,52,46741772
145402,11,11,2020,12,19,3,3,1,5,2,0,1,0,0,0,0,0,806053,6106,5832085,12,13,51514795,52,55259735
145403,11,1,2020,12,17,5,3,5,2,2,1,1,0,0,0,0,1,796936,277,5830145,192,13,37934109,52,5402552
145404,11,9,2020,12,9,6,3,6,4,0,0,1,1,0,0,0,0,818918,672,5820224,353,13,69290189,52,43894641
145405,11,3,2020,12,19,3,2,5,3,2,1,0,0,0,0,1,0,801415,2368,5830908,423,13,44587662,52,54463715
145406,11,1,2020,12,17,2,3,2,6,2,0,1,0,0,0,0,0,795149,301,5825900,1,13,34929776,52,50317135
145407,11,2,2020,12,16,3,3,5,3,2,1,1,0,0,0,0,0,798174,2536,5824851,443,13,39279696,52,4921276
145408,11,6,2020,12,10,7,2,5,3,0,1,1,0,0,0,0,0,793559,2202,5815872,203,13,31712508,52,41413311
145409,11,10,2020,12,12,4,3,2,6,0,0,1,0,0,0,1,1,806568,6063,5828044,276,13,51899285,52,51609312
145410,11,1,2020,12,19,3,3,0,3,2,1,0,0,0,0,1,0,796927,8682,5828127,73,13,37741485,52,52216959
145411,11,4,2020,12,15,7,3,5,3,1,0,1,0,1,0,0,1,791661,9799,5823239,649,13,29574186,52,4811967
145412,11,8,2020,12,16,2,3,5,2,1,0,1,0,1,0,0,0,803278,8815,5822089,608,13,46524207,52,4645615
145413,11,3,2020,12,10,7,3,0,1,0,0,0,0,1,0,0,0,801993,2286,5833529,951,13,45675899,52,56781362
145414,11,2,2020,12,9,6,3,5,2,0,1,1,0,0,0,0,1,798490,2884,5825225,182,13,39777283,52,49530497
145415,11,4,2020,12,12,7,3,2,6,0,0,1,0,0,0,0,0,789402,1989,5822978,974,13,26233285,52,48006201
145416,11,2,2020,12,7,5,3,5,3,1,1,1,0,0,0,0,0,800426,3893,5827977,804,13,42869,52,5189154
145417,11,6,2020,12,9,6,3,5,2,0,1,1,0,0,0,0,1,790738,7156,5817061,529,13,27680581,52,42630113
145418,11,4,2020,12,16,7,3,2,6,1,0,1,0,0,0,1,0,793714,3627,5826355,545,13,3286242,52,50802926
145419,11,10,2020,12,10,7,2,3,6,0,0,1,0,0,0,0,1,807879,4458,5830821,779,13,54082139,52,54024652
145420,11,4,2020,12,14,5,3,6,2,0,0,0,1,0,0,1,0,792752,8524,5827025,317,13,3150868,52,51455037
145421,11,11,2020,12,19,5,3,3,6,2,1,0,0,0,0,1,0,807285,97,5834173,783,13,53518815,52,57062249
145422,11,2,2020,12,20,3,3,5,2,2,1,0,0,0,0,1,0,797769,8498,5824017,133,13,38611267,52,48486973
145423,11,9,2020,12,6,2,3,5,2,1,1,1,0,0,0,0,1,811680,4759,5819984,371,13,58655123,52,44096833
145424,11,3,2020,12,15,3,3,5,3,0,1,1,0,0,0,0,0,802304,1932,5833113,476,13,46095353,52,56390824
145425,11,1,2020,12,14,7,3,5,3,0,0,1,0,0,0,0,0,796805,6221,5831272,82,13,37842723,52,55042768
145426,11,8,2020,12,10,4,3,6,4,0,0,1,1,0,0,0,1,800507,656,5823746,158,13,42605717,52,4809413
145427,11,8,2020,12,21,3,3,5,3,2,0,1,0,0,0,1,0,803762,3228,5821792,32,13,47206553,52,46162583
145428,11,4,2020,12,9,7,3,0,1,0,1,0,0,0,0,0,1,791841,6038,5824799,334,13,29974521,52,49508314
145429,11,10,2020,12,11,2,3,6,4,0,1,0,1,0,0,0,1,812587,6753,5830348,828,13,60957439,52,53332821
145430,11,9,2020,12,13,7,3,5,3,0,1,0,0,0,0,0,0,810503,6516,5820302,454,13,56958907,52,4444883
145431,11,8,2020,12,19,6,3,5,2,2,1,1,0,0,0,0,0,802117,8523,5823636,846,13,4496053,52,47907276
145432,11,7,2020,12,9,7,3,0,1,0,0,0,0,1,0,0,2,793991,3362,5822291,427,13,3291079,52,47144723
145433,11,1,2020,12,8,4,3,0,1,1,1,0,0,0,0,0,1,798290,3341,5829368,487,13,39855031,52,53255359
145434,11,6,2020,12,11,5,2,5,2,0,1,0,0,0,1,0,0,793381,2312,5816238,302,13,31483653,52,41751055
145435,11,6,2020,12,7,2,2,0,5,2,1,1,0,0,0,0,0,794468,1453,5819917,131,13,33401273,52,44990601
145436,11,5,2020,12,11,2,3,2,6,0,0,1,0,0,0,0,0,785142,5901,5828329,974,13,20436496,52,53027998
145437,11,12,2020,12,12,3,2,6,2,0,0,1,1,0,0,0,0,792927,309,5837087,5,13,32653152,52,60465522
145438,11,11,2020,12,6,3,3,0,3,2,0,0,0,1,0,1,1,805825,5046,5833790,85,13,51336525,52,56800571
145439,11,10,2020,12,12,7,3,0,1,0,1,0,0,0,0,0,2,811214,5808,5827849,339,13,5870581,52,51171518
145440,11,12,2020,12,18,4,3,3,6,2,0,1,0,0,0,0,1,790229,9874,5835876,407,13,28575263,52,59524869
145441,11,10,2020,12,12,2,3,2,7,0,0,1,0,0,0,1,0,806359,5599,5830199,483,13,51790729,52,53552598
145442,11,5,2020,12,13,7,3,1,5,0,1,1,0,0,0,0,0,783670,5067,5829737,655,13,18392417,52,54366957
145443,11,8,2020,12,18,5,3,6,4,2,0,1,1,0,0,0,0,800365,1708,5824327,6,13,42449743,52,48622622
145444,11,11,2020,12,17,2,3,5,2,2,1,1,0,0,0,0,0,804096,9728,5825993,993,13,48080827,52,49910081
145445,11,10,2020,12,12,2,3,2,2,0,0,1,0,0,0,0,1,807827,1045,5829072,24,13,53843175,52,52459493
145446,11,10,2020,12,12,3,2,5,3,0,0,1,0,0,0,0,0,810593,6233,5825520,939,13,57576589,52,49120313
145447,11,4,2020,12,12,7,3,5,7,0,0,1,0,1,0,0,0,792536,9958,5828264,179,13,31300447,52,52577219
145448,11,10,2020,12,7,4,3,2,6,2,0,1,0,0,0,0,1,807574,7243,5831424,582,13,53690057,52,54582088
145449,11,1,2020,12,22,2,3,5,3,2,1,1,0,0,0,0,1,800053,4083,5828096,684,13,4233168,52,52018631
145450,11,3,2020,12,18,7,3,0,1,2,1,0,0,0,0,0,0,800189,9488,5836569,31,13,43298616,52,59605327
145451,11,4,2020,12,7,2,3,2,6,0,0,1,0,0,0,0,0,790384,9066,5829032,168,13,28204272,52,53380779
145452,11,4,2020,12,12,7,3,1,5,0,1,1,0,0,0,0,0,793362,8876,5825685,531,13,32286996,52,50221198
145453,11,6,2020,12,14,6,3,1,7,0,0,1,0,0,0,0,0,789738,8858,5818493,97,13,26338306,52,4396661
145454,11,2,2020,12,20,6,3,2,6,2,1,0,0,0,0,1,0,800588,4846,5827035,375,13,43022042,52,51037883
145455,11,3,2020,12,14,4,3,5,3,0,0,1,0,0,0,0,0,800111,9581,5833871,28,13,42939465,52,57191114
145456,11,11,2020,12,10,5,3,5,2,0,0,1,0,0,0,0,0,803105,59,5830493,811,13,470341,52,53998365
145457,11,11,2020,12,15,2,3,2,6,1,0,1,0,0,0,0,1,803732,6545,5826228,611,13,47567188,52,50140652
145458,11,6,2020,12,10,2,3,5,3,0,1,1,0,0,0,0,1,791192,493,5820067,468,13,28607321,52,45300871
145459,11,8,2020,12,12,3,3,5,2,0,1,1,0,0,0,0,0,800477,5149,5823615,375,13,42550548,52,47978529
145460,11,8,2020,12,18,2,3,0,1,2,1,0,0,0,0,0,1,803182,1678,5817604,116,13,45975282,52,42441168
145461,11,6,2020,12,15,6,3,5,3,0,0,1,0,0,0,0,0,794426,173,5818456,48,13,33210985,52,43683452
145462,11,8,2020,12,10,7,3,0,1,0,1,0,0,0,0,0,2,799827,6151,5818966,827,13,41178954,52,43847492
145463,11,12,2020,12,16,1,3,2,6,1,0,1,0,0,0,0,0,793861,3183,5836700,782,13,33994094,52,60068857
145464,11,7,2020,12,5,6,3,6,2,1,0,1,1,0,0,0,0,798999,6966,5821690,249,13,40208431,52,46334021
145465,11,3,2020,12,14,2,3,5,3,0,1,1,0,0,0,0,1,799809,9676,5832097,331,13,42334924,52,55617941
145466,11,1,2020,12,18,5,3,4,2,2,1,1,0,0,0,0,1,799046,5195,5828346,145,13,4087456,52,52297546
145467,11,10,2020,12,12,1,3,5,3,0,0,1,0,0,0,0,1,806629,6621,5830238,73,13,52191324,52,53572583
145468,11,2,2020,12,22,6,3,6,4,2,0,0,1,0,0,1,0,800926,1416,5825857,649,13,43411632,52,49963642
145469,11,2,2020,12,10,5,3,1,5,0,1,1,0,0,0,0,0,802914,5919,5827958,151,13,46523102,52,51736289
145470,11,5,2020,12,5,6,2,6,2,2,0,1,1,0,0,0,0,786441,8008,5831105,776,13,22585857,52,55448575
145471,11,10,2020,12,12,4,3,2,6,0,0,1,0,0,0,1,0,809863,6472,5831256,766,13,57039061,52,54302007
145472,11,4,2020,12,9,4,3,0,3,0,0,1,0,1,0,0,0,793052,6475,5827334,964,13,31976478,52,51716524
145473,11,9,2020,12,22,6,3,5,3,2,1,1,0,0,0,0,0,808079,2043,5816930,249,13,53092431,52,41563739
145474,11,1,2020,12,1,5,3,5,3,2,0,1,0,0,0,0,1,798008,7468,5826788,809,13,39210012,52,5095841
145475,11,10,2020,12,14,2,3,9,1,0,0,1,0,0,0,0,1,813742,474,5825688,769,13,62215063,52,49090653
145476,11,3,2020,12,23,1,3,0,1,2,0,0,0,1,0,0,1,799469,6744,5831030,923,13,41738302,52,54680803
145477,11,2,2020,12,11,3,3,5,2,0,1,1,0,0,0,0,0,799912,863,5825985,317,13,41933766,52,501339
145478,11,4,2020,12,20,2,3,1,5,2,1,1,0,0,0,0,0,791726,7549,5825433,959,13,29861415,52,50083388
145479,11,3,2020,12,7,6,3,2,2,0,0,1,0,0,0,0,0,800048,1508,5835697,745,13,4301095,52,58831954
145480,11,7,2020,12,17,6,2,5,3,2,0,1,0,1,0,0,0,794264,2993,5822005,235,13,33286245,52,46873468
145481,11,2,2020,12,20,7,3,1,5,2,1,1,0,0,0,0,0,799971,113,5825356,681,13,41963697,52,49567188
145482,11,1,2020,12,16,6,3,0,3,2,0,0,0,0,0,1,0,796667,769,5831956,972,13,37700194,52,55664241
145483,11,12,2020,12,7,2,3,2,2,1,0,1,0,0,0,1,0,790493,6094,5835335,22,13,28915878,52,5902545
145484,11,10,2020,12,16,5,3,2,6,0,0,1,0,0,0,0,0,812914,8914,5830227,946,13,6142689,52,53205725
145485,11,1,2020,12,11,6,3,0,6,0,0,1,0,0,0,1,0,797361,1451,5832415,788,13,38762065,52,56037659
145486,11,3,2020,12,7,2,3,5,2,0,1,1,0,0,0,0,1,800902,5054,5829193,263,13,43678548,52,52954731
145487,11,12,2020,12,16,2,3,5,2,2,1,1,0,0,0,0,1,793864,4207,5835438,706,13,33886672,52,58937333
145488,11,9,2020,12,16,3,3,1,5,2,1,1,0,0,0,0,0,809160,3202,5819527,817,13,54917088,52,43830719
145489,11,12,2020,12,12,6,3,0,1,0,0,0,0,1,0,0,1,793570,104,5834019,944,13,33327792,52,57681399
145490,11,1,2020,12,11,4,3,5,2,0,1,1,0,0,0,0,1,795668,9128,5829732,336,13,36034106,52,53724347
145491,11,9,2020,12,7,2,3,5,3,0,0,1,0,0,0,0,1,808293,568,5818594,64,13,53559245,52,43043349
145492,11,9,2020,12,12,7,3,1,5,0,0,1,0,0,0,1,0,811097,686,5821578,333,13,57948926,52,45558452
145493,11,3,2020,12,8,6,3,5,2,0,1,1,0,0,0,0,0,799034,1173,5831781,111,13,41165455,52,55377155
145494,11,6,2020,12,12,2,3,5,2,0,1,1,0,0,0,0,1,792774,4331,5817967,696,13,3074533,52,43333931
145495,11,7,2020,12,15,3,3,2,6,1,0,1,0,0,0,0,1,798387,5589,5815912,727,13,38794325,52,4118858
145496,11,3,2020,12,19,3,3,2,2,2,0,1,0,0,0,0,0,804402,198,5841206,865,13,49924755,52,6352753