OBJECTID,LAND,BEZ,UJAHR,UMONAT,USTUNDE,UWOCHENTAG,UKATEGORIE,UART,UTYP1,ULICHTVERH,IstRad,IstPKW,IstFuss,IstKrad,IstGkfz,IstSonstige,USTRZUSTAND,LINREFX,LINREFY,XGCSWGS84,YGCSWGS84,,,,
145497,11,4,2020,12,9,6,3,2,2,0,0,1,0,0,0,0,0,793985,584,5826172,401,13,33244718,52,50624138
145498,11,4,2020,12,12,4,3,5,2,0,1,1,0,0,0,0,0,793662,519,5823955,197,13,32573939,52,48653938
145499,11,12,2020,12,11,2,3,5,7,0,1,1,0,0,0,0,0,793711,6268,5836142,619,13,33724197,52,59576593
145500,11,1,2020,12,13,1,3,0,6,0,1,0,0,0,0,0,0,799625,8642,5826984,24,13,41603267,52,51045006
145501,11,3,2020,12,17,2,3,5,3,2,0,1,0,0,0,0,0,801101,717,5831525,216,13,44182651,52,55033888
145502,11,7,2020,12,9,6,3,1,5,0,1,1,0,0,0,0,0,795980,6512,5825362,249,13,36103602,52,49790041
145503,11,3,2020,12,11,6,3,5,2,0,0,1,0,0,0,0,0,801965,3322,5829733,233,13,45289593,52,53379937
145504,11,1,2020,12,14,7,3,5,3,0,1,1,0,0,0,0,0,797151,346,5831087,228,13,38334566,52,5485822
145505,11,9,2020,12,8,6,2,2,6,0,0,1,0,0,0,1,0,810389,9237,5821280,249,13,56882966,52,45331555
145506,11,4,2020,12,13,5,3,1,5,0,1,1,0,0,0,0,0,791315,361,5822611,404,13,29009861,52,47574968
145507,11,2,2020,12,4,5,3,9,1,2,0,1,0,0,0,0,0,799061,5539,5824587,47,13,40558973,52,48927226
145508,11,3,2020,12,11,2,3,5,3,0,0,1,0,0,0,0,0,802407,4312,5832569,655,13,46197636,52,55897673
145509,11,7,2020,12,15,2,2,6,2,0,0,1,1,0,0,0,1,795317,8617,5823421,345,13,34958094,52,48086066
145510,11,4,2020,12,14,3,3,5,3,0,1,1,0,0,0,0,0,793125,7418,5825377,38,13,31911473,52,49957391
145511,11,1,2020,12,7,6,3,2,2,0,0,1,0,0,0,0,0,793534,4672,5829125,658,13,32842574,52,53295879
145512,11,9,2020,12,7,4,3,5,3,0,1,1,0,0,0,0,1,808346,944,5816141,467,13,53410962,52,40841793
145513,11,5,2020,12,7,2,3,6,2,2,0,1,1,0,0,0,1,786716,1907,5828213,836,13,22739874,52,52841328
145514,11,8,2020,12,20,7,3,1,5,2,1,1,0,0,0,0,0,800821,8873,5824463,426,13,43132628,52,48719706
145515,11,11,2020,12,10,2,3,6,7,0,0,1,1,0,0,0,1,804923,5006,5833089,459,13,49945427,52,56223243
145516,11,6,2020,12,7,6,3,6,4,0,0,1,1,0,0,0,0,793311,165,5818817,691,13,31606936,52,44067187
145517,11,7,2020,12,17,6,2,6,4,2,1,0,1,0,0,0,1,794588,4831,5825231,64,13,34047213,52,49748284
145518,11,3,2020,12,7,7,3,6,2,2,0,1,1,0,0,0,1,798602,2526,5833049,925,13,40644535,52,56538152
145519,11,7,2020,12,15,2,2,5,3,1,1,1,0,0,0,0,0,797023,7127,5820688,658,13,37219363,52,45543957
145520,11,12,2020,12,2,6,3,5,3,2,0,1,0,0,0,1,0,792279,3842,5833938,749,13,31421336,52,57678088
145521,11,8,2020,12,7,6,3,5,3,1,0,1,0,1,0,0,1,801379,6329,5817512,74,13,43324137,52,42458242
145522,11,1,2020,12,11,7,3,2,2,0,0,1,0,0,0,0,0,794319,657,5828364,228,13,33928524,52,52570997
145523,11,8,2020,12,6,4,3,2,1,2,1,1,0,0,0,0,0,801392,4233,5824153,896,13,43942343,52,48410803
145524,11,12,2020,12,16,5,3,3,2,2,1,1,0,0,0,0,0,792923,5514,5837077,225,13,32646749,52,60456917
145525,11,8,2020,12,10,2,3,1,5,0,1,1,0,0,0,0,1,801581,2799,5823669,151,13,44175767,52,47965889
145526,11,9,2020,12,11,2,3,2,6,0,0,1,0,0,1,0,1,807740,1484,5818115,24,13,52704437,52,42644635
145527,11,1,2020,12,12,3,3,5,5,0,0,1,0,0,0,0,0,794999,3621,5828141,628,13,34908634,52,52334685
145528,11,1,2020,12,15,6,3,0,1,1,1,0,0,0,0,0,1,798385,1966,5829408,824,13,39998087,52,53286323
145529,11,2,2020,12,21,4,3,6,4,2,0,0,1,0,0,1,0,799547,1009,5825856,25,13,41386069,52,50038258
145530,11,11,2020,12,10,2,3,3,6,0,1,1,0,0,0,0,0,804935,85,5830510,357,13,4972562,52,539111
145531,11,12,2020,12,15,7,2,5,3,0,0,1,0,0,0,0,1,794340,6599,5835713,369,13,3461204,52,59157796
145532,11,8,2020,12,22,1,2,0,1,2,1,0,0,0,0,0,1,802516,3301,5823715,913,13,45552657,52,47956086
145533,11,10,2020,12,15,6,3,6,7,0,0,1,1,0,0,0,0,813122,94,5827855,99,13,61507956,52,51068329
145534,11,2,2020,12,16,5,3,6,2,2,0,1,1,0,0,0,0,802020,5341,5826917,375,13,45115055,52,50853023
145535,11,7,2020,12,15,6,2,5,2,1,0,1,0,0,0,0,0,797200,1723,5817146,638,13,37163322,52,42359268
145536,11,4,2020,12,13,4,3,2,7,0,1,1,0,0,0,0,1,791981,1795,5823186,44,13,30038187,52,48054555
145537,11,8,2020,12,14,6,3,5,2,0,1,1,0,0,0,0,0,801974,6198,5817595,356,13,44204018,52,42500088
145538,11,6,2020,12,7,5,2,2,6,1,0,1,0,1,0,0,1,796026,272,5819879,378,13,35683654,52,44872624
145539,11,7,2020,12,10,2,2,5,3,0,0,1,0,0,1,0,1,795243,959,5822264,937,13,34745947,52,47053465
145540,11,4,2020,12,19,1,3,5,3,2,1,1,0,0,0,0,1,791546,4074,5826647,12,13,29702719,52,51180515
145541,11,12,2020,12,10,3,3,2,6,0,0,1,0,0,0,0,0,791086,2317,5833913,712,13,29663371,52,57719596
145542,11,9,2020,12,21,4,2,8,1,2,0,1,0,0,0,0,1,816392,8745,5817597,468,13,6533923,52,41687446
145543,11,4,2020,12,8,5,3,5,3,0,1,1,0,0,0,0,0,790858,7237,5822868,778,13,28362355,52,47830025
145544,11,8,2020,12,9,2,3,2,7,0,0,1,0,1,0,0,0,801584,5076,5823576,559,13,44172131,52,47882719
145545,11,1,2020,12,19,2,3,5,3,2,1,1,0,0,0,0,0,797630,7917,5832828,469,13,39195679,52,56392841
145546,11,6,2020,12,15,3,3,5,3,1,1,0,0,0,0,0,0,792938,4195,5818918,669,13,31069197,52,44177683
145547,11,2,2020,12,1,3,2,0,1,2,0,0,0,0,0,1,1,800920,8041,5825964,727,13,43413468,52,50059913
145548,11,3,2020,12,14,6,3,5,2,0,1,1,0,0,0,0,0,800610,1021,5831414,561,13,43449771,52,54961858
145549,11,1,2020,12,17,4,3,6,4,1,1,0,1,0,0,0,1,795984,8706,5828354,936,13,36375952,52,52472488
145550,11,12,2020,12,12,7,2,1,1,0,0,0,0,1,0,1,0,794541,9672,5838546,288,13,35160442,52,61686358
145551,11,1,2020,12,19,1,3,2,6,2,0,1,0,0,0,1,0,795290,3403,5831408,87,13,35626611,52,55247741
145552,11,5,2020,12,12,6,3,5,2,0,0,1,0,0,0,0,0,781961,321,5828509,545,13,15774515,52,53354504
145553,11,1,2020,12,9,5,3,5,2,0,1,1,0,0,0,0,0,794627,9474,5829879,46,13,3451677,52,53912239
145554,11,2,2020,12,15,4,3,2,7,0,1,1,0,0,0,1,1,801181,1811,5825164,658,13,43723549,52,49328429
145555,11,7,2020,12,14,6,3,6,4,0,0,0,1,0,0,1,0,794146,609,5822113,62,13,33122242,52,46976997
145556,11,10,2020,12,17,3,2,5,3,2,0,1,0,1,0,0,1,808803,4374,5828976,88,13,55268788,52,52318311
145557,11,1,2020,12,12,6,3,2,6,0,0,1,0,0,0,0,0,796697,6855,5831916,881,13,37741627,52,55626636
145558,11,6,2020,12,15,5,3,0,1,1,1,0,0,0,0,0,0,788634,6553,5819426,65,13,24798932,52,44861461
145559,11,8,2020,12,9,2,3,6,7,0,0,0,1,0,0,1,0,803564,1907,5821953,555,13,46930512,52,46318364
145560,11,1,2020,12,17,1,3,6,2,2,0,1,1,0,0,0,0,797354,8265,5831189,495,13,38642927,52,54938786
145561,11,4,2020,12,6,3,3,2,6,2,0,1,0,0,0,0,1,793050,4222,5824469,882,13,3172103,52,491482
145562,11,4,2020,12,18,2,3,2,6,2,0,1,0,0,0,0,0,792504,868,5824731,509,13,30941615,52,49412046
145563,11,6,2020,12,21,6,2,0,1,2,0,0,0,1,0,0,0,793105,3706,5817665,951,13,31204275,52,430457
145564,11,10,2020,12,16,6,3,5,3,2,0,1,0,0,0,0,0,809611,6488,5834130,584,13,56936689,52,5689171
145565,11,12,2020,12,14,4,3,6,2,0,0,1,1,0,0,0,1,790213,401,5835129,57,13,28484877,52,58856241
145566,11,1,2020,12,16,7,3,1,6,2,0,1,0,0,0,0,0,799449,3848,5826753,995,13,41323288,52,50848316
145567,11,2,2020,12,20,6,3,6,2,2,0,1,1,0,0,0,0,798440,8211,5826526,262,13,39821234,52,50699451
145568,11,10,2020,12,10,2,3,2,6,0,0,1,0,0,0,0,1,809801,2244,5831553,518,13,56974983,52,54571491
145569,11,9,2020,12,19,6,3,5,2,2,0,1,0,0,0,0,0,807713,5962,5818113,616,13,5266538,52,42644867
145570,11,6,2020,12,8,7,3,5,2,0,1,1,0,0,0,0,2,789572,141,5817322,544,13,25992107,52,42925998
145571,11,11,2020,12,14,4,3,1,7,0,0,1,1,0,0,0,1,805359,4084,5827204,371,13,50045781,52,50924386
145572,11,4,2020,12,13,7,3,5,3,0,0,1,0,0,0,0,0,790961,1479,5824830,95,13,28684044,52,49583666
145573,11,5,2020,12,19,6,3,2,6,2,0,1,0,0,0,0,0,786767,5777,5829294,743,13,22908676,52,53807729
145574,11,3,2020,12,8,2,3,3,6,1,1,1,0,0,0,0,1,800742,8633,5831270,759,13,43631955,52,54825638
145575,11,5,2020,12,17,5,3,2,6,2,0,1,0,1,0,0,1,785283,4094,5830868,27,13,2086148,52,55296217
145576,11,1,2020,12,9,6,3,0,1,0,1,0,0,0,0,0,0,799088,996,5827106,51,13,40824181,52,51183702
145577,11,1,2020,12,8,2,3,5,3,0,1,1,0,0,0,0,1,795930,2484,5828131,792,13,3627582,52,52275425
145578,11,6,2020,12,17,2,3,2,2,2,0,1,0,0,0,0,1,794095,528,5818809,479,13,32757051,52,44017692
145579,11,7,2020,12,17,3,2,5,2,2,1,0,0,0,1,0,0,800037,685,5813263,96,13,40975836,52,38723344
145580,11,4,2020,12,19,6,3,6,2,2,0,1,1,0,0,0,0,794214,854,5825277,264,13,33501321,52,4980938
145581,11,1,2020,12,14,4,3,4,6,0,0,1,0,1,0,0,1,798224,5718,5829358,311,13,39757457,52,53249836
145582,11,1,2020,12,19,2,3,5,7,2,0,1,0,0,0,1,0,795776,1172,5830778,642,13,36284861,52,54656445
145583,11,9,2020,12,15,7,3,5,3,0,0,1,0,0,0,0,0,810134,618,5815881,941,13,56007867,52,40508198
145584,11,11,2020,12,13,2,2,1,1,0,0,1,1,0,0,1,0,802894,301,5828955,908,13,46583752,52,52631705
145585,11,2,2020,12,19,6,3,1,5,2,1,1,0,0,0,0,0,802266,573,5827501,856,13,45528798,52,51363296
145586,11,4,2020,12,10,6,3,0,3,0,0,1,0,0,0,1,1,791614,3729,5827996,369,13,29920865,52,52386561
145587,11,9,2020,12,7,4,3,6,4,2,0,1,1,0,0,0,1,813740,792,5821734,596,13,61839658,52,4554746
145588,11,4,2020,12,13,7,3,6,4,0,0,1,1,0,0,0,0,791445,81,5827484,152,13,29627054,52,51936421
145589,11,8,2020,12,13,5,3,5,2,0,1,1,0,0,0,0,0,801232,6592,5823674,336,13,43664452,52,47989777
145590,11,11,2020,12,21,5,2,5,3,2,0,1,0,0,0,0,0,806110,5031,5830157,852,13,51420848,52,53529282
145591,11,3,2020,12,18,2,3,2,6,2,0,1,0,0,0,0,0,798764,73,5831820,11,13,40771841,52,55426843
145592,11,10,2020,12,13,2,3,2,6,0,0,1,0,0,0,1,0,809902,889,5831607,744,13,57128308,52,5461435
145593,11,5,2020,12,13,3,3,1,5,0,1,0,0,0,0,1,0,784871,4172,5832006,585,13,20353201,52,56338601
145594,11,6,2020,12,14,5,3,5,2,0,0,1,0,0,0,0,0,788909,923,5817930,331,13,2507353,52,43505917
145595,11,2,2020,12,12,6,3,5,7,0,0,1,0,0,0,0,0,798917,7905,5826114,981,13,40484978,52,50304683
145596,11,1,2020,12,17,2,3,3,6,2,0,1,0,0,0,0,1,797094,9703,5831923,772,13,38326526,52,55611156
145597,11,8,2020,12,16,2,3,5,3,2,0,1,0,0,0,0,1,801045,1714,5822087,753,13,43246026,52,46578012
145598,11,12,2020,12,15,3,2,6,7,1,0,1,1,0,0,0,0,794954,9825,5836523,38,13,35588389,52,5985031
145599,11,7,2020,12,18,6,3,2,6,2,0,1,0,0,0,0,0,797026,7113,5822196,703,13,37357963,52,46895614
145600,11,1,2020,12,11,4,3,2,6,0,0,1,0,0,0,0,1,794921,8411,5830258,535,13,34982533,52,54236524
145601,11,1,2020,12,17,2,3,0,2,2,0,0,1,0,0,1,0,795519,6427,5830761,814,13,35906241,52,54655278
145602,11,1,2020,12,11,7,3,2,6,0,0,1,0,0,0,0,1,792786,173,5828847,474,13,31717825,52,53086754
145603,11,12,2020,12,11,2,3,5,2,0,1,1,0,0,0,0,0,791492,8815,5834327,328,13,30298146,52,58068623
145604,11,4,2020,12,9,5,3,9,7,0,0,1,0,0,0,0,0,790536,3662,5827349,463,13,2827991,52,51864159
145605,11,7,2020,12,21,6,3,2,2,2,0,1,0,0,0,0,0,799753,3221,5814504,15,13,40670229,52,39851238
145606,11,4,2020,12,18,3,2,6,4,2,0,0,1,0,0,1,0,793189,3603,5825612,178,13,32025625,52,50164767
145607,11,9,2020,12,10,7,3,5,2,0,1,1,0,0,0,0,1,803786,9804,5823280,15,13,47378207,52,47494868
145608,11,7,2020,12,8,4,3,5,3,0,0,1,0,0,0,0,0,799718,252,5819656,283,13,41080052,52,44471502
145609,11,5,2020,12,14,5,3,5,3,0,1,1,0,0,0,0,1,785202,1999,5831175,805,13,20768471,52,55576419
145610,11,2,2020,12,17,2,3,0,3,2,1,0,0,0,0,0,1,802395,763,5827439,37,13,45712634,52,51299839
145611,11,5,2020,12,11,2,3,5,3,0,1,1,0,0,0,0,1,779934,8827,5821661,565,13,1221904,52,47318469
145612,11,8,2020,12,16,3,3,3,6,1,1,1,0,0,0,0,0,800644,2133,5824401,182,13,42866136,52,48673702
145613,11,12,2020,12,7,3,3,5,2,0,0,1,0,0,1,0,0,792353,1181,5834071,103,13,31541508,52,57792777
145614,11,4,2020,12,18,5,3,0,7,2,0,0,0,1,0,1,0,792305,2179,5825383,575,13,30706748,52,50007263
145615,11,7,2020,12,19,4,3,5,3,2,0,1,0,0,0,0,1,794525,2929,5824640,818,13,33902164,52,49222057
145616,11,1,2020,12,14,2,3,5,2,0,0,1,0,0,0,0,1,799479,819,5828830,293,13,41554899,52,52707728
145617,11,2,2020,12,13,7,2,6,2,0,0,1,1,0,0,0,0,798418,646,5824779,116,13,3963126,52,49134605
145618,11,7,2020,12,13,1,3,6,7,0,0,1,1,0,0,0,1,799505,1389,5813169,293,13,40187264,52,38668397
145619,11,5,2020,12,16,5,3,2,6,2,0,1,0,0,0,0,0,784102,1326,5830063,972,13,19055095,52,54637045
145620,11,2,2020,12,17,5,3,1,5,2,1,1,0,0,0,0,1,797930,9439,5826403,24,13,39061203,52,50617045
145621,11,1,2020,12,10,5,3,6,7,0,1,0,0,0,0,1,0,796599,2162,5831923,893,13,37597435,52,55638286
145622,11,9,2020,12,7,4,3,6,2,2,0,0,1,0,0,1,1,808460,6802,5819064,651,13,5384837,52,43455129
145623,11,4,2020,12,22,1,3,2,6,2,0,1,0,1,0,0,1,794365,563,5825923,458,13,33780937,52,50380487
145624,11,7,2020,12,18,7,3,1,1,2,0,1,0,0,0,1,1,796140,4332,5816154,209,13,35521577,52,41527077
145625,11,12,2020,12,14,2,3,0,6,0,0,1,0,0,0,1,0,793175,2249,5832313,347,13,32595884,52,56172818
145626,11,2,2020,12,22,5,2,0,7,2,1,0,0,0,0,0,0,801750,2213,5826253,13,13,44657761,52,50272507
145627,11,7,2020,12,14,6,3,3,7,0,0,1,0,0,0,1,1,799045,4249,5816806,584,13,39838527,52,41953921
145628,11,6,2020,12,11,6,3,2,6,0,0,1,0,0,1,0,0,791048,3716,5817783,905,13,2819758,52,43261274
145629,11,8,2020,12,18,4,3,1,5,2,1,1,0,0,0,0,0,801418,2089,5823907,98,13,43957887,52,48188169
145630,11,1,2020,12,19,5,3,0,3,2,0,1,0,1,0,0,0,799484,657,5828789,65,13,41558296,52,52670508
145631,11,11,2020,12,21,1,3,5,3,2,0,1,0,0,0,0,1,804081,1069,5826834,909,13,48134317,52,50664652
145632,11,12,2020,12,10,2,3,1,5,0,1,1,0,0,0,0,1,794312,7101,5838368,403,13,34806968,52,61539322
145633,11,1,2020,12,6,3,3,5,3,2,1,1,0,0,0,0,1,797630,1443,5828308,92,13,38789709,52,52340934
145634,11,1,2020,12,13,2,3,5,3,0,1,0,0,0,0,1,0,798484,3209,5828745,495,13,40084232,52,52686314
145635,11,9,2020,12,22,5,3,0,1,2,0,0,0,1,0,0,0,808603,568,5821642,423,13,54295986,52,45757274
145636,11,2,2020,12,12,7,3,2,6,0,0,1,0,0,0,0,0,802595,1342,5826145,9,13,45888998,52,50129715
145637,11,6,2020,12,18,3,3,2,6,2,0,1,0,0,0,0,0,794260,5086,5820290,572,13,33129523,52,45336555
145638,11,7,2020,12,15,1,3,5,2,1,0,1,0,0,0,0,0,799129,2279,5821712,416,13,40400511,52,46346801
145639,11,2,2020,12,21,5,3,5,3,2,0,1,0,0,0,0,0,798581,5814,5825563,493,13,39941683,52,49828755
145640,11,5,2020,12,18,5,3,6,4,2,0,0,1,0,0,1,1,781764,456,5828315,17,13,15467957,52,53190284
145641,11,3,2020,12,15,3,3,5,3,0,0,1,0,1,0,0,0,800403,9773,5831533,36,13,43157439,52,5507971
145642,11,9,2020,12,12,6,3,5,3,0,0,1,0,0,0,1,0,805707,206,5818798,895,13,49786408,52,43371521
145643,11,11,2020,12,21,3,3,1,7,2,0,1,0,0,0,0,1,805555,1398,5827532,632,13,50363422,52,51207628
145644,11,8,2020,12,19,5,2,5,2,2,0,1,0,1,0,0,0,803851,695,5818878,728,13,47072704,52,43546457
145645,11,11,2020,12,15,6,3,5,7,2,1,1,0,0,0,0,0,805176,6047,5827185,744,13,49775556,52,50917921
145646,11,7,2020,12,10,4,3,0,1,0,1,0,0,0,0,0,1,798294,8533,5818963,953,13,38930531,52,43928731
145647,11,5,2020,12,13,4,3,5,3,0,1,1,0,0,0,0,0,783232,6591,5830278,517,13,17794618,52,54874685
145648,11,4,2020,12,9,5,3,0,1,0,0,1,0,1,0,0,0,791858,395,5827240,195,13,30213171,52,51695609
145649,11,3,2020,12,5,5,2,5,2,2,0,1,0,1,0,0,0,796758,765,5834005,184,13,38018259,52,57495226
145650,11,8,2020,12,14,1,3,5,3,0,0,1,0,0,0,0,0,804640,8902,5817828,494,13,48134362,52,4256126
145651,11,11,2020,12,4,1,3,1,5,2,0,1,0,0,0,1,1,805537,2047,5827099,314,13,502973,52,50820275
145652,11,9,2020,12,16,3,3,5,2,2,1,1,0,0,0,0,0,805506,928,5821509,932,13,49739394,52,45812546
145653,11,3,2020,12,5,2,3,5,3,2,0,1,0,0,0,1,1,801492,8801,5831342,132,13,44741181,52,54848154
145654,11,8,2020,12,19,5,3,1,5,2,1,1,0,0,0,0,0,801702,4767,5822657,468,13,44262172,52,47052404
145655,11,8,2020,12,2,7,3,1,5,2,0,1,0,0,0,1,1,801558,4986,5822300,362,13,44018578,52,46740271
145656,11,1,2020,12,20,7,3,5,2,2,1,1,0,0,0,0,0,795194,321,5827245,996,13,35115678,52,51521269
145657,11,4,2020,12,18,5,3,5,3,2,0,1,0,0,0,0,0,792843,7185,5825520,125,13,31509784,52,50100805
145658,11,12,2020,12,16,1,3,1,5,1,0,1,0,0,0,0,0,790115,9334,5839467,826,13,28722279,52,62750611
145659,11,1,2020,12,16,5,2,6,4,1,0,1,1,0,0,0,1,797312,3394,5829015,409,13,3838591,52,529923
145660,11,3,2020,12,10,6,3,6,2,0,0,1,1,0,0,0,0,798529,7392,5831475,736,13,40396279,52,551311
145661,11,7,2020,12,15,1,3,6,2,0,0,1,1,0,0,0,0,797362,1964,5821915,736,13,37825344,52,46625506
145662,11,1,2020,12,17,2,3,1,5,2,0,1,0,0,0,1,1,797750,308,5831839,839,13,39282781,52,55500132
145663,11,12,2020,12,16,3,3,0,5,2,0,1,0,0,0,1,0,792074,7353,5839016,551,13,31568149,52,62241098
145664,11,6,2020,12,17,5,2,6,4,2,0,1,1,0,0,0,0,795091,6765,5819664,808,13,34293842,52,44730787
145665,11,11,2020,12,12,4,3,2,6,0,0,1,0,0,0,0,1,803402,7453,5826641,762,13,47120303,52,50529304
145666,11,4,2020,12,14,1,3,0,6,0,0,1,0,0,0,1,0,794409,8794,5826087,972,13,33860586,52,50525572
145667,11,10,2020,12,9,7,3,0,1,0,0,0,0,1,0,0,2,808524,6134,5834000,852,13,55325851,52,56837163
145668,11,7,2020,12,12,2,3,5,2,0,1,0,0,0,0,1,1,795386,8151,5820977,945,13,34842997,52,45891993
145669,11,5,2020,12,16,5,3,5,3,1,1,1,0,0,0,0,0,785294,743,5832415,933,13,21010244,52,56683483
145670,11,11,2020,12,8,6,3,2,6,0,0,1,0,0,0,1,1,805921,491,5830512,2,13,51175671,52,53857469
145671,11,7,2020,12,14,3,3,2,6,0,0,1,0,0,0,0,0,795009,8287,5823508,933,13,34513577,52,48181232
145672,11,10,2020,12,16,5,3,6,2,0,0,1,1,0,0,0,0,811210,7276,5828849,918,13,58793734,52,52068391
145673,11,10,2020,12,14,1,3,2,6,0,0,1,0,0,0,0,0,809497,2414,5834652,693,13,56817147,52,57366103
145674,11,2,2020,12,13,1,3,6,7,0,0,0,1,0,0,1,0,798439,8168,5825262,953,13,39706543,52,49567114
145675,11,2,2020,12,13,2,3,5,3,0,0,1,0,1,0,0,0,800626,475,5826265,999,13,43008374,52,50346175
145676,11,2,2020,12,15,5,2,1,5,1,1,1,0,0,0,0,0,798071,7617,5824552,629,13,39102453,52,48950507
145677,11,2,2020,12,12,6,2,3,6,0,1,0,0,0,0,1,1,801326,5598,5827374,63,13,44137022,52,51301243
145678,11,4,2020,12,15,7,3,6,7,1,0,0,1,0,0,1,0,793146,8194,5825598,713,13,31961948,52,50154981
145679,11,3,2020,12,14,5,3,2,6,0,1,1,0,0,0,0,0,799288,7309,5832571,483,13,41611142,52,56071612
145680,11,5,2020,12,14,5,3,6,7,0,0,0,1,0,0,1,0,782338,5308,5830416,969,13,16491262,52,55045245
145681,11,9,2020,12,15,5,3,6,4,0,0,1,1,0,0,0,0,807243,7183,5822147,265,13,52347401,52,46286336
145682,11,12,2020,12,12,1,3,5,3,0,0,1,0,0,0,0,1,790051,9954,5835749,776,13,28302134,52,59420841
145683,11,6,2020,12,15,2,3,2,6,1,0,1,0,0,0,0,1,789927,314,5817671,625,13,26543073,52,4322016
145684,11,4,2020,12,14,3,3,5,2,1,1,1,0,0,0,0,0,793474,2492,5824849,149,13,32376889,52,49465429
145685,11,4,2020,12,14,5,3,6,4,0,0,1,1,0,0,0,0,793759,823,5826063,927,13,32902388,52,50539097
145686,11,2,2020,12,10,4,3,0,1,0,1,0,0,0,0,0,1,796908,912,5824306,218,13,37371683,52,48793037
145687,11,11,2020,12,12,1,3,5,2,0,1,0,0,0,0,1,0,803330,6599,5830082,101,13,47328143,52,53616808
145688,11,1,2020,12,10,7,3,5,2,0,0,1,0,0,0,0,1,796475,1232,5831930,609,13,3741553,52,55651063
145689,11,9,2020,12,15,2,3,5,2,1,1,1,0,0,0,0,0,809324,3752,5818521,814,13,55064593,52,42919872
145690,11,12,2020,12,13,5,3,6,7,0,0,1,1,0,0,0,0,791460,1886,5838453,151,13,30613233,52,61769035
145691,11,6,2020,12,18,6,3,3,6,2,0,1,0,0,0,0,0,794067,9144,5817441,869,13,3259625,52,42793162
145692,11,7,2020,12,8,7,3,0,1,0,0,0,0,1,0,0,2,797609,2762,5819584,985,13,37980241,52,44522774
145693,11,6,2020,12,7,4,3,5,3,1,0,1,0,0,0,0,1,795903,8113,5816492,265,13,35204567,52,4184292
145694,11,12,2020,12,10,5,3,5,3,0,1,0,0,0,0,1,0,792989,6972,5835646,741,13,32617565,52,59171011
145695,11,5,2020,12,9,1,2,6,2,0,0,1,1,0,0,0,0,785260,6135,5832257,138,13,20947355,52,56542864
145696,11,11,2020,12,11,2,3,2,6,0,0,1,0,0,0,0,1,807220,9942,5825554,47,13,5262791,52,49340834
145697,11,3,2020,12,12,7,3,2,7,0,0,1,0,0,0,0,0,796323,8603,5834878,491,13,37456438,52,58301744
145698,11,2,2020,12,11,4,3,5,7,0,0,1,0,0,0,0,0,798237,3231,5826153,76,13,39488863,52,50376065
145699,11,4,2020,12,17,5,3,0,7,2,1,1,0,0,0,0,0,790677,462,5825976,313,13,28366715,52,50625629
145700,11,12,2020,12,9,1,3,5,3,0,0,1,0,0,0,0,1,791248,2701,5836413,791,13,30121602,52,59952179
145701,11,8,2020,12,11,2,2,6,2,0,0,1,1,0,0,0,0,801391,5259,5823751,39,13,43904638,52,48050077
145702,11,12,2020,12,12,3,3,6,4,0,0,1,1,0,0,0,1,795646,1849,5832515,527,13,36248491,52,5622045
145703,11,1,2020,12,12,5,3,5,2,0,1,1,0,0,0,0,0,797702,3072,5830685,507,13,39108701,52,54468047
145704,11,2,2020,12,6,4,3,6,2,2,0,1,1,0,0,0,1,801416,9314,5826074,542,13,44152077,52,50130961
145705,11,9,2020,12,7,1,3,6,7,2,0,1,1,0,0,0,1,804675,9235,5820283,736,13,48409499,52,44759883
145706,11,8,2020,12,16,7,3,6,7,1,0,1,1,0,0,0,0,801544,6569,5824044,518,13,44155954,52,4830436
145707,11,10,2020,12,23,1,3,8,1,2,0,1,0,0,0,0,1,808929,8925,5827234,764,13,55292917,52,50750615
145708,11,7,2020,12,12,5,2,5,2,0,1,0,0,0,1,0,0,798999,5141,5821688,881,13,4020804,52,46332805
145709,11,1,2020,12,14,6,3,1,5,0,1,1,0,0,0,0,0,799059,5819,5828477,148,13,40905535,52,52414255
145710,11,3,2020,12,14,3,3,0,1,0,1,0,0,0,0,0,0,800111,26,5830642,181,13,42646116,52,54297072
145711,11,4,2020,12,19,6,3,5,7,2,0,1,0,0,0,0,0,792905,8975,5826965,884,13,31728337,52,51393541
145712,11,2,2020,12,14,4,3,5,2,0,0,1,0,0,0,1,0,801868,1469,5828991,74,13,45079361,52,52720122
145713,11,7,2020,12,8,5,3,1,5,0,1,1,0,0,0,0,0,797421,2151,5821376,37,13,3786387,52,46138508
145714,11,12,2020,12,20,7,3,6,7,2,0,1,1,0,0,0,0,792545,2938,5833150,309,13,31743065,52,56957
145715,11,5,2020,12,23,2,3,1,1,2,0,1,0,0,0,1,1,784316,2743,5830601,37,13,19416022,52,55107406
145716,11,7,2020,12,17,3,3,2,6,2,0,1,0,0,1,0,1,797006,4055,5815657,72,13,36747007,52,41034514